neotoma_names,taxon_name
Abatia,abatia
Abies,abies
Abies alba,abies_alba
Abies balsamea,abies_balsamea
Abies lasiocarpa,abies_lasiocarpa
Abies sibirica,abies_sibirica
Abies sp.,abies_sp
Abies undiff.,abies_undiff
Abronia,abronia
Abrus,abrus
Abrus-type,abrus_type
Abuta,abuta
Abuta grandifolia,abuta_grandifolia
Abuta racemosa,abuta_racemosa
Abutilon,abutilon
Abutilon-type,abutilon_type
Acacia,acacia
Acacia-type,acacia_type
Acacia-type (type II),acacia_type_type_ii
Acacia-type (type III),acacia_type_type_iii
"Acacia (Acacia vulgaris, Maley 1981)",acacia_acacia_vulgaris_maley_1981
Acacia (group I),acacia_group_i
Acacia (group III),acacia_group_iii
Acacia (type I),acacia_type_i
Acacia (type III),acacia_type_iii
Acacia albida,acacia_albida
Acacia ehrenbergiana,acacia_ehrenbergiana
Acacia ehrenbergiana-type,acacia_ehrenbergiana_type
Acacia gerrardii,acacia_gerrardii
Acacia kamerunensis-type,acacia_kamerunensis_type
Acacia karroo,acacia_karroo
Acacia nilotica,acacia_nilotica
Acacia polyacantha,acacia_polyacantha
Acacia tortilis var. raddiana,acacia_tortilis_var_raddiana
Acacia/Albizia,acacia_albizia
Acacia/Inga,acacia_inga
Acaena,acaena
Acaena-type,acaena_type
Acaena magellanica,acaena_magellanica
Acaena tenera,acaena_tenera
Acalypha,acalypha
Acalypha-type,acalypha_type
Acalypha (4-5 porate),acalypha_4_minus_5_porate
Acalypha (diporate),acalypha_diporate
Acalypha (pentaporate),acalypha_pentaporate
Acalypha (tetraporate),acalypha_tetraporate
Acalypha (triporate),acalypha_triporate
Acalypha (type 1),acalypha_type_1
Acalypha (type 2),acalypha_type_2
Acalypha (type I),acalypha_type_i
Acalypha cf. A. crenata,acalypha_cf_a_crenata
Acalypha cf. A. rhomboidea,acalypha_cf_a_rhomboidea
Acalypha ciliata,acalypha_ciliata
Acalypha sp.,acalypha_sp
Acalypha undiff.,acalypha_undiff
Acanthaceae,acanthaceae
Acanthaceae (diporate),acanthaceae_diporate
Acanthaceae (tricolporate),acanthaceae_tricolporate
Acanthaceae (type 1) cf. Acanthus,acanthaceae_type_1_cf_acanthus
Acanthaceae undiff.,acanthaceae_undiff
Acantholimon,acantholimon
Acanthophoenix rubra,acanthophoenix_rubra
Acanthus,acanthus
Acanthus-type,acanthus_type
Acanthus polystachius,acanthus_polystachius
Acer,acer
Acer-type,acer_type
Acer campestre,acer_campestre
Acer campestre-type,acer_campestre_type
Acer cf. A. glabrum,acer_cf_a_glabrum
Acer cf. A. negundo,acer_cf_a_negundo
Acer cf. A. pensylvanicum,acer_cf_a_pensylvanicum
Acer circinatum,acer_circinatum
Acer circinatum-type,acer_circinatum_type
Acer glabrum,acer_glabrum
Acer macrophyllum,acer_macrophyllum
Acer macrophyllum-type,acer_macrophyllum_type
Acer negundo,acer_negundo
Acer negundo-type,acer_negundo_type
Acer nigrum,acer_nigrum
Acer pensylvanicum,acer_pensylvanicum
Acer platanoides,acer_platanoides
Acer rubrum,acer_rubrum
Acer rubrum-type,acer_rubrum_type
Acer saccharinum,acer_saccharinum
Acer saccharinum-type,acer_saccharinum_type
Acer saccharum,acer_saccharum
Acer saccharum-type,acer_saccharum_type
Acer saccharum/A. nigrum,acer_saccharum_a_nigrum
Acer sp.,acer_sp
Acer spicatum,acer_spicatum
Acer spicatum-type,acer_spicatum_type
Acer undiff.,acer_undiff
Achatocarpus,achatocarpus
Achillea,achillea
Achillea-type,achillea_type
Achillea/Anthemis-type,achillea_anthemis_type
Achyranthes,achyranthes
Achyranthes-type,achyranthes_type
Achyranthes-type (A. aspera),achyranthes_type_a_aspera
Achyranthes-type aspera,achyranthes_type_aspera
Achyranthes aspera,achyranthes_aspera
Achyranthes aspera-type,achyranthes_aspera_type
Aciotis,aciotis
Aciphylla,aciphylla
Aciphylla-type,aciphylla_type
Aciphylla squarrosa-type,aciphylla_squarrosa_type
Acmena,acmena
Acnistus,acnistus
Aconitum,aconitum
Aconitum-type,aconitum_type
Aconitum group,aconitum_group
Aconitum lycoctonum subsp. septentrionale,aconitum_lycoctonum_subsp_septentrionale
Aconitum napellus-type,aconitum_napellus_type
Acorus,acorus
Acridocarpus,acridocarpus
Acrisione,acrisione
Acronychia,acronychia
Acronychia comp.,acronychia_comp
Actaea,actaea
Actaea-type,actaea_type
Actaea rubra,actaea_rubra
Actaea spicata,actaea_spicata
Actinostemon,actinostemon
Actinostemon concolor,actinostemon_concolor
Actinostemon/Euphorbia,actinostemon_euphorbia
Actinotus,actinotus
Adansonia,adansonia
Adansonia digitata,adansonia_digitata
Adelobotrys,adelobotrys
Adelobotrys-type,adelobotrys_type
Adenia,adenia
Adenia-type,adenia_type
Adenium,adenium
Adenocline,adenocline
Adenopeltis,adenopeltis
Adenophora,adenophora
Adenorandia-type (A. kalbreyeri),adenorandia_type_a_kalbreyeri
Adenostoma,adenostoma
Adenostoma fasciculatum,adenostoma_fasciculatum
Adenostoma sparsifolium,adenostoma_sparsifolium
Adenostyles,adenostyles
Adenostyles alliariae,adenostyles_alliariae
Adesmia,adesmia
Adina,adina
Adiscanthus,adiscanthus
Adonis,adonis
Adonis-type,adonis_type
Adonis aestivalis,adonis_aestivalis
Adonis aestivalis-type,adonis_aestivalis_type
Adonis annua-type,adonis_annua_type
Adonis vernalis,adonis_vernalis
Adoxa moschatellina,adoxa_moschatellina
Adriana glabrata var. acerifolia,adriana_glabrata_var_acerifolia
Aechmea,aechmea
Aegilops,aegilops
Aegiphila,aegiphila
Aegiphila-type,aegiphila_type
Aegopodium podagraria,aegopodium_podagraria
Aerva,aerva
Aerva-type,aerva_type
Aerva-type (A. javanica),aerva_type_a_javanica
Aerva-type (A. lanata),aerva_type_a_lanata
Aerva-type javanica,aerva_type_javanica
Aerva-type lanata,aerva_type_lanata
Aerva javanica,aerva_javanica
Aerva javanica-type,aerva_javanica_type
Aerva lanata,aerva_lanata
Aerva lanata-type,aerva_lanata_type
Aeschynomene,aeschynomene
Aeschynomene-type,aeschynomene_type
Aeschynomene-type (A. baumii),aeschynomene_type_a_baumii
Aeschynomene-type baumii,aeschynomene_type_baumii
Aeschynomene-type elaphroxylon,aeschynomene_type_elaphroxylon
Aeschynomene afraspera-type,aeschynomene_afraspera_type
Aeschynomene baumii-type,aeschynomene_baumii_type
Aesculus,aesculus
Aesculus-type,aesculus_type
Aesculus hippocastanum,aesculus_hippocastanum
Aetanthus,aetanthus
Aethusa,aethusa
Aethusa-type,aethusa_type
Aethusa cynapium,aethusa_cynapium
Aethusa cynapium-type,aethusa_cynapium_type
Aextoxicon punctatum,aextoxicon_punctatum
aff. Astronium,aff_astronium
aff. Casuarina,aff_casuarina
aff. Colubrina,aff_colubrina
aff. Corylus,aff_corylus
aff. Dalechampia,aff_dalechampia
aff. Fissicalyx,aff_fissicalyx
aff. Gaylussacia,aff_gaylussacia
aff. Malvaceae,aff_malvaceae
aff. Melanoxylon,aff_melanoxylon
aff. Miconia,aff_miconia
aff. Posoqueria,aff_posoqueria
aff. Trichilia,aff_trichilia
aff. Triumfetta,aff_triumfetta
aff. Viola,aff_viola
Afraegle,afraegle
Afraegle-type (A. paniculata),afraegle_type_a_paniculata
Afraegle paniculata,afraegle_paniculata
Afrocarpus,afrocarpus
Afrocayratia ibuensis,afrocayratia_ibuensis
Afzelia,afzelia
Afzelia africana-type,afzelia_africana_type
Afzelia cf. A. africana,afzelia_cf_a_africana
Agarista,agarista
Agastache,agastache
Agastachys,agastachys
Agastachys odorata,agastachys_odorata
Agathis,agathis
Agathis australis,agathis_australis
Agathis robusta,agathis_robusta
Agathosma,agathosma
Agathosma-type,agathosma_type
Agave,agave
Agave sp.,agave_sp
Agavoideae,agavoideae
Aglaia comp.,aglaia_comp
Agoseris,agoseris
Agoseris-type,agoseris_type
Agoseris glauca-type,agoseris_glauca_type
Agrimonia,agrimonia
Agrimonia-type,agrimonia_type
Agrimonia eupatoria,agrimonia_eupatoria
Agrimonia eupatoria-type,agrimonia_eupatoria_type
Agropyron-type,agropyron_type
Agrostemma,agrostemma
Agrostemma-type,agrostemma_type
Agrostemma githago,agrostemma_githago
Agrostis,agrostis
Aidia,aidia
Aidia-type,aidia_type
Aidia-type (A. micrantha),aidia_type_a_micrantha
Aidia-type micrantha,aidia_type_micrantha
Aidia micrantha-type,aidia_micrantha_type
Ailanthus,ailanthus
Ailanthus altissima,ailanthus_altissima
Aizoaceae,aizoaceae
Aizoaceae-type,aizoaceae_type
Aizoaceae undiff.,aizoaceae_undiff
Ajuga,ajuga
Ajugoideae cf. Clerodendrum,ajugoideae_cf_clerodendrum
Alangium,alangium
Alangium chinense,alangium_chinense
Albizia,albizia
Albizia-type,albizia_type
Alchemilla,alchemilla
Alchemilla-type,alchemilla_type
Alchemilla arvensis,alchemilla_arvensis
Alchemilla cf. A. glabra,alchemilla_cf_a_glabra
Alchemilla group,alchemilla_group
Alchemilla pentaphyllea,alchemilla_pentaphyllea
Alchemilla pentaphyllea-type,alchemilla_pentaphyllea_type
Alchemilla/Aphanes,alchemilla_aphanes
Alchornea,alchornea
Alchornea-type,alchornea_type
Alchornea (type 1),alchornea_type_1
Alchornea (type 2),alchornea_type_2
Alchornea (type 3),alchornea_type_3
Alchornea (type 4),alchornea_type_4
Alchornea (type 6),alchornea_type_6
Alchornea (type A),alchornea_type_a
Alchornea (type B),alchornea_type_b
Alchornea cordifolia,alchornea_cordifolia
Alchornea latifolia,alchornea_latifolia
Alchornea/Conceveibum,alchornea_conceveibum
Alchornea/Didymopanax,alchornea_didymopanax
Alchorneopsis,alchorneopsis
Alchorneopsis floribunda,alchorneopsis_floribunda
Aldina,aldina
Aleurites,aleurites
Alibertia,alibertia
Alibertia-type,alibertia_type
Alibertia/Amaioua,alibertia_amaioua
Alkanna,alkanna
Allenrolfea occidentalis,allenrolfea_occidentalis
Allionia,allionia
Allium,allium
Allium-type,allium_type
Allium cf. A. sibiricum,allium_cf_a_sibiricum
Allium suaveolens,allium_suaveolens
Allium ursinum,allium_ursinum
Allium ursinum-type,allium_ursinum_type
Allium vineale-type,allium_vineale_type
Allocasuarina,allocasuarina
Allocasuarina/Casuarina,allocasuarina_casuarina
Allophylus,allophylus
Allophylus-type,allophylus_type
Allophylus abyssinicus,allophylus_abyssinicus
Allophylus abyssinicus-type,allophylus_abyssinicus_type
Allophylus africanus,allophylus_africanus
Allophylus/Protea,allophylus_protea
Allophylus/Protea/Faurea,allophylus_protea_faurea
Alnus,alnus
Alnus (corroded),alnus_corroded
Alnus (hexaporate),alnus_hexaporate
Alnus (pentaporate),alnus_pentaporate
"Alnus (shrub, pale shallow pores)",alnus_shrub_pale_shallow_pores
Alnus (tetraporate),alnus_tetraporate
"Alnus (tree, robust deep pores)",alnus_tree_robust_deep_pores
Alnus (triporate),alnus_triporate
Alnus acuminata,alnus_acuminata
Alnus cf. A. glutinosa,alnus_cf_a_glutinosa
Alnus cf. A. incana,alnus_cf_a_incana
Alnus cf. A. suaveolens,alnus_cf_a_suaveolens
Alnus cf. A. viridis,alnus_cf_a_viridis
Alnus cf. A. viridis subsp. crispa,alnus_cf_a_viridis_subsp_crispa
Alnus glutinosa,alnus_glutinosa
Alnus glutinosa-type,alnus_glutinosa_type
Alnus glutinosa/A. incana,alnus_glutinosa_a_incana
Alnus hirsuta,alnus_hirsuta
Alnus hirsuta-type,alnus_hirsuta_type
Alnus incana,alnus_incana
Alnus incana-type,alnus_incana_type
Alnus rhombifolia-type,alnus_rhombifolia_type
Alnus rubra,alnus_rubra
Alnus rubra-type,alnus_rubra_type
Alnus serrulata-type,alnus_serrulata_type
Alnus sp.,alnus_sp
Alnus subg. Alnobetula,alnus_subg_alnobetula
Alnus undiff.,alnus_undiff
Alnus viridis,alnus_viridis
Alnus viridis-type,alnus_viridis_type
Alnus viridis subsp. crispa,alnus_viridis_subsp_crispa
Alnus viridis subsp. crispa-type,alnus_viridis_subsp_crispa_type
Alnus viridis subsp. fruticosa,alnus_viridis_subsp_fruticosa
Alnus viridis subsp. fruticosa-type,alnus_viridis_subsp_fruticosa_type
Alnus viridis subsp. sinuata,alnus_viridis_subsp_sinuata
Alnus viridis subsp. sinuata-type,alnus_viridis_subsp_sinuata_type
Alnus viridis subsp. suaveolens,alnus_viridis_subsp_suaveolens
Aloe,aloe
Aloe-type,aloe_type
Alopecurus magellanicus,alopecurus_magellanicus
Aloysia,aloysia
Alphitonia,alphitonia
Alseis,alseis
Alstonia,alstonia
Alstonia-type,alstonia_type
Alstonia-type (A. boonei),alstonia_type_a_boonei
Alstonia-type boonei,alstonia_type_boonei
Alstonia boonei,alstonia_boonei
Alstonia congensis,alstonia_congensis
Alstroemeria,alstroemeria
Alternanthera,alternanthera
Alternanthera-type,alternanthera_type
Alternanthera (type 1),alternanthera_type_1
Alternanthera (type II),alternanthera_type_ii
Alternanthera comp.,alternanthera_comp
Alternanthera sessilis,alternanthera_sessilis
Althaea officinalis,althaea_officinalis
Altingia excelsa comp.,altingia_excelsa_comp
Alvaradoa,alvaradoa
Alysicarpus,alysicarpus
Amaioua,amaioua
Amanoa,amanoa
Amanoa-type,amanoa_type
Amaranthaceae,amaranthaceae
Amaranthaceae-type,amaranthaceae_type
Amaranthaceae (<20 µm),amaranthaceae_smaller_than_20_mu_m
Amaranthaceae (>20 µm),amaranthaceae_bigger_than_20_mu_m
Amaranthaceae (broken),amaranthaceae_broken
Amaranthaceae (crumpled),amaranthaceae_crumpled
Amaranthaceae (small),amaranthaceae_small
Amaranthaceae (type 1),amaranthaceae_type_1
Amaranthaceae (type A),amaranthaceae_type_a
Amaranthaceae (type B),amaranthaceae_type_b
Amaranthaceae (type I),amaranthaceae_type_i
Amaranthaceae (type II),amaranthaceae_type_ii
Amaranthaceae sensu stricto,amaranthaceae_sensu_stricto
Amaranthaceae sp.,amaranthaceae_sp
Amaranthaceae undiff.,amaranthaceae_undiff
Amaranthus,amaranthus
Amaranthus-type,amaranthus_type
Amaranthus (type 1),amaranthus_type_1
Amaranthus undiff.,amaranthus_undiff
Amaryllidaceae,amaryllidaceae
Amaryllis,amaryllis
Ambrosia,ambrosia
Ambrosia-type,ambrosia_type
Ambrosia-type maritima,ambrosia_type_maritima
Ambrosia artemisiifolia,ambrosia_artemisiifolia
Ambrosia maritima,ambrosia_maritima
Ambrosia sp.,ambrosia_sp
Ambrosia/Iva,ambrosia_iva
Ambrosia/Iva annua,ambrosia_iva_annua
Ambrosia/Xanthium,ambrosia_xanthium
Ambrosiinae,ambrosiinae
Amelanchier,amelanchier
Amelanchier-type,amelanchier_type
Ammannia,ammannia
Ammannia-type,ammannia_type
Ammannia-type (A. prieuriana),ammannia_type_a_prieuriana
Ammi,ammi
Ammi-type,ammi_type
Ammi cf. A. visnaga,ammi_cf_a_visnaga
Ammi majus,ammi_majus
Amorpha,amorpha
Amorpha-type,amorpha_type
Amorpha fruticosa,amorpha_fruticosa
Ampelocera,ampelocera
Amperea,amperea
Amperea xiphoclada,amperea_xiphoclada
Amperea/Poranthera,amperea_poranthera
Amsinckia,amsinckia
Amyema,amyema
Amygdaloideae,amygdaloideae
Amyris,amyris
Anacardiaceae,anacardiaceae
Anacardiaceae (20 µm),anacardiaceae_20_mu_m
Anacardiaceae (type 16),anacardiaceae_type_16
Anacardiaceae (type 19),anacardiaceae_type_19
Anacardiaceae (type 20),anacardiaceae_type_20
Anacardiaceae (type 25),anacardiaceae_type_25
Anacardiaceae (type 30),anacardiaceae_type_30
Anacardiaceae (type 35),anacardiaceae_type_35
Anacardiaceae (type I),anacardiaceae_type_i
Anacardiaceae (type II),anacardiaceae_type_ii
Anacardiaceae (type III),anacardiaceae_type_iii
Anacardiaceae cf. Loxopterygium,anacardiaceae_cf_loxopterygium
Anacardiaceae cf. Schinus,anacardiaceae_cf_schinus
Anacardiaceae cf. Spondias,anacardiaceae_cf_spondias
Anacardiaceae undiff.,anacardiaceae_undiff
Anacardium,anacardium
Anacardium-type,anacardium_type
Anadenanthera,anadenanthera
"Anadenanthera (polyad, type 16)",anadenanthera_polyad_type_16
"Anadenanthera (polyad, type 8)",anadenanthera_polyad_type_8
Anadenanthera (type 1),anadenanthera_type_1
Anadenanthera (type 2),anadenanthera_type_2
Anagallis,anagallis
Anagallis-type,anagallis_type
Anagallis arvensis,anagallis_arvensis
Anagallis arvensis-type,anagallis_arvensis_type
Anagallis cf. A. arvensis,anagallis_cf_a_arvensis
Anagallis cf. A. tenella,anagallis_cf_a_tenella
Anagallis tenella,anagallis_tenella
Anagallis tenella-type,anagallis_tenella_type
Anarrhinum,anarrhinum
Anarrhinum bellidifolium,anarrhinum_bellidifolium
Anastraphia northropiana,anastraphia_northropiana
Anchusa,anchusa
Anchusa-type,anchusa_type
Anchusa azurea,anchusa_azurea
Anchusa azurea-type,anchusa_azurea_type
Anchusa/Pulmonaria,anchusa_pulmonaria
Andira,andira
Andira-type,andira_type
Andradea,andradea
Andromeda,andromeda
Andromeda-type,andromeda_type
Andromeda polifolia,andromeda_polifolia
Andromeda polifolia var. latifolia,andromeda_polifolia_var_latifolia
Andropogon,andropogon
Androsace,androsace
Androsace-type,androsace_type
Androsace alpina-type,androsace_alpina_type
Androsace chamaejasme,androsace_chamaejasme
Androsace elongata-type,androsace_elongata_type
Anemone,anemone
Anemone-type,anemone_type
Anemone alpina,anemone_alpina
Anemone canadensis-type,anemone_canadensis_type
Anemone coronaria,anemone_coronaria
Anemone coronaria-type,anemone_coronaria_type
Anemone hepatica-type,anemone_hepatica_type
Anemone hortensis-type,anemone_hortensis_type
Anemone montana,anemone_montana
Anemone nemorosa,anemone_nemorosa
Anemone nemorosa-type,anemone_nemorosa_type
Anemone nemorosa group,anemone_nemorosa_group
Anemone nemorosa/A. ranunculoides,anemone_nemorosa_a_ranunculoides
Anemone patens,anemone_patens
Anemone pulsatilla,anemone_pulsatilla
Anemone pulsatilla-type,anemone_pulsatilla_type
Anemone pulsatilla group,anemone_pulsatilla_group
Anemone quinquefolia-type,anemone_quinquefolia_type
Anemone sect. Hepatica,anemone_sect_hepatica
Anemone sect. Hepatica-type,anemone_sect_hepatica_type
Anemone sect. Pulsatilla,anemone_sect_pulsatilla
Anemone sect. Pulsatilla-type,anemone_sect_pulsatilla_type
Anemone subg. Anemone,anemone_subg_anemone
Anemone subg. Anemone-type,anemone_subg_anemone_type
Anemopaegma,anemopaegma
Anethum-type,anethum_type
Anethum graveolens,anethum_graveolens
Angelica,angelica
Angelica-type,angelica_type
Angelica archangelica,angelica_archangelica
Angelica archangelica-type,angelica_archangelica_type
Angelica palustris,angelica_palustris
Angelica palustris-type,angelica_palustris_type
Angelica sylvestris,angelica_sylvestris
Angelica sylvestris-type,angelica_sylvestris_type
Angelica sylvestris group,angelica_sylvestris_group
Angelium,angelium
Angiospermae undiff. (hardwood trees),angiospermae_undiff_hardwood_trees
Angiospermae undiff. (herbs),angiospermae_undiff_herbs
Angiospermae undiff. (upland herbs),angiospermae_undiff_upland_herbs
Angophora-type,angophora_type
Angophora costata,angophora_costata
Angophora/Corymbia,angophora_corymbia
Aningeria-type,aningeria_type
Aniseia,aniseia
Aniseia-type,aniseia_type
Anisosciadium-type,anisosciadium_type
Anisotes,anisotes
Anisotes-type,anisotes_type
Annona,annona
Annona-type,annona_type
Annona (type 1),annona_type_1
Annona (type 2),annona_type_2
Annona (type A),annona_type_a
Annona (type B),annona_type_b
Annona senegalensis-type,annona_senegalensis_type
Annona sp.,annona_sp
Annonaceae,annonaceae
Annonaceae cf. Annona,annonaceae_cf_annona
Annonaceae undiff.,annonaceae_undiff
Anodopetalum,anodopetalum
Anogeissus,anogeissus
Anogeissus-type (A. leiocarpa),anogeissus_type_a_leiocarpa
Anogeissus-type leiocarpa,anogeissus_type_leiocarpa
Anomospermum,anomospermum
Anopterus,anopterus
Anopterus glandulosus,anopterus_glandulosus
Anopyxis,anopyxis
Anopyxis-type,anopyxis_type
Anopyxis-type klaineana,anopyxis_type_klaineana
Anopyxis klaineana,anopyxis_klaineana
Antennaria-type,antennaria_type
Anthemideae,anthemideae
Anthemis,anthemis
Anthemis-type,anthemis_type
Anthemis-type (small),anthemis_type_small
Anthemis arvensis-type,anthemis_arvensis_type
Anthericum,anthericum
Anthericum-type,anthericum_type
Anthericum liliago,anthericum_liliago
Anthocleista,anthocleista
Anthocleista vogelii,anthocleista_vogelii
Anthodiscus,anthodiscus
Anthodon,anthodon
Anthonotha-type,anthonotha_type
Anthospermum,anthospermum
Anthospermum-type,anthospermum_type
Anthospermum asperuloides-type,anthospermum_asperuloides_type
Anthospermum hispidulum-type,anthospermum_hispidulum_type
Anthostema,anthostema
Anthostema-type,anthostema_type
Anthostema senegalense,anthostema_senegalense
Anthriscus,anthriscus
Anthriscus-type,anthriscus_type
Anthriscus caucalis,anthriscus_caucalis
Anthriscus caucalis-type,anthriscus_caucalis_type
Anthriscus cerefolium,anthriscus_cerefolium
Anthriscus nitida/A. sylvestris,anthriscus_nitida_a_sylvestris
Anthriscus sylvestris,anthriscus_sylvestris
Anthriscus sylvestris-type,anthriscus_sylvestris_type
Anthurium,anthurium
Anthurium (type 1),anthurium_type_1
Anthurium (type 2),anthurium_type_2
Anthurium cf. A. pentaphyllum,anthurium_cf_a_pentaphyllum
Anthyllis,anthyllis
Anthyllis-type,anthyllis_type
Anthyllis rupestris,anthyllis_rupestris
Anthyllis vulneraria,anthyllis_vulneraria
Antiaris,antiaris
Antiaris-type,antiaris_type
Antiaris-type (A. toxicaria),antiaris_type_a_toxicaria
Antidaphne,antidaphne
Antidaphne-type,antidaphne_type
Antidesma,antidesma
Antidesma-type,antidesma_type
Antidesma-type (A. venosum),antidesma_type_a_venosum
Antidesma-type venosum,antidesma_type_venosum
Antidesma venosum,antidesma_venosum
Antigonon,antigonon
Antirhea,antirhea
Antirhea myrtifolia,antirhea_myrtifolia
Antrocaryon,antrocaryon
Antrocaryon-type,antrocaryon_type
Apeiba,apeiba
Apeiba-type,apeiba_type
Apeiba tibourbou,apeiba_tibourbou
Aphanamixis-type,aphanamixis_type
Aphananthe,aphananthe
Aphanes,aphanes
Aphanes-type,aphanes_type
Aphanes arvensis,aphanes_arvensis
Aphanes arvensis-type,aphanes_arvensis_type
Aphelandra,aphelandra
Aphelandra-type,aphelandra_type
Aphelandra (type 1),aphelandra_type_1
Aphelandra (type 2),aphelandra_type_2
Aphloia-type theiformis,aphloia_type_theiformis
Aphloia theiformis,aphloia_theiformis
Apiaceae,apiaceae
Apiaceae-type,apiaceae_type
Apiaceae (apiculate),apiaceae_apiculate
Apiaceae (coarse reticulate),apiaceae_coarse_reticulate
Apiaceae (large),apiaceae_large
Apiaceae (medium),apiaceae_medium
"Apiaceae (medium, slender)",apiaceae_medium_slender
Apiaceae (small),apiaceae_small
Apiaceae (type 1),apiaceae_type_1
Apiaceae (type 2),apiaceae_type_2
"Apiaceae (type 555, Kuhry 1988)",apiaceae_type_555_kuhry_1988
Apiaceae (type I),apiaceae_type_i
Apiaceae (type II),apiaceae_type_ii
Apiaceae (type III),apiaceae_type_iii
Apiaceae (type P18),apiaceae_type_p18
Apiaceae cf. Anethum,apiaceae_cf_anethum
Apiaceae cf. Apium,apiaceae_cf_apium
Apiaceae cf. Dichosciadium,apiaceae_cf_dichosciadium
Apiaceae cf. Pleurospermum,apiaceae_cf_pleurospermum
Apiaceae cf. Sium suave,apiaceae_cf_sium_suave
Apiaceae indet.,apiaceae_indet
Apiaceae undiff.,apiaceae_undiff
Apiales cf. Araliaceae,apiales_cf_araliaceae
Apium,apium
Apium-type,apium_type
Apium graveolens,apium_graveolens
Apium inundatum-type,apium_inundatum_type
Apium nodiflorum,apium_nodiflorum
Apium prostratum,apium_prostratum
Apocynaceae,apocynaceae
Apocynaceae-type (tetraporate),apocynaceae_type_tetraporate
Apocynaceae (triporate),apocynaceae_triporate
Apocynaceae (type A),apocynaceae_type_a
Apocynaceae (type B),apocynaceae_type_b
Apocynaceae (type C),apocynaceae_type_c
Apocynaceae aff. Secondatia,apocynaceae_aff_secondatia
Apocynaceae undiff.,apocynaceae_undiff
Apocynum,apocynum
Apodasmia,apodasmia
Apodytes,apodytes
Apodytes clusiifolia,apodytes_clusiifolia
Apodytes dimidiata,apodytes_dimidiata
Apoplanesia,apoplanesia
Aporosa,aporosa
Aporrhiza,aporrhiza
Aporrhiza-type,aporrhiza_type
Apuleia,apuleia
Apuleia-type,apuleia_type
Apuleia leiocarpa,apuleia_leiocarpa
Aquifoliaceae,aquifoliaceae
Aquifoliaceae undiff.,aquifoliaceae_undiff
Aquilegia,aquilegia
Aquilegia-type,aquilegia_type
Aquilegia undiff.,aquilegia_undiff
Arabis,arabis
Araceae,araceae
Araceae-type,araceae_type
Araceae (sulcate),araceae_sulcate
Araceae (type 1),araceae_type_1
Araceae (type 2),araceae_type_2
Araceae (type 3),araceae_type_3
Araceae (type I),araceae_type_i
Araceae (type II),araceae_type_ii
Araceae cf. Anthurium-type,araceae_cf_anthurium_type
Araceae undiff.,araceae_undiff
Aragoa,aragoa
Aralia,aralia
Aralia hispida,aralia_hispida
Araliaceae,araliaceae
Araliaceae-type,araliaceae_type
Araliaceae (type 1),araliaceae_type_1
Araliaceae (type 2),araliaceae_type_2
Araliaceae cf. Didymopanax,araliaceae_cf_didymopanax
Araliaceae cf. Oreopanax,araliaceae_cf_oreopanax
Araliaceae undiff.,araliaceae_undiff
Araliaceae/Rutaceae,araliaceae_rutaceae
Araucaria,araucaria
Araucaria angustifolia,araucaria_angustifolia
Araucaria cunninghamii,araucaria_cunninghamii
Araucariaceae,araucariaceae
Arbutus,arbutus
Arbutus unedo,arbutus_unedo
Arceuthobium,arceuthobium
Arceuthobium americanum,arceuthobium_americanum
Arceuthobium oxycedri,arceuthobium_oxycedri
Arceuthobium pusillum,arceuthobium_pusillum
Arceuthobium/Loranthaceae,arceuthobium_loranthaceae
Archeria,archeria
Arctium,arctium
Arctium-type,arctium_type
Arctium lappa,arctium_lappa
Arctium lappa-type,arctium_lappa_type
Arctium/Jurinea,arctium_jurinea
Arctostaphylos,arctostaphylos
Arctostaphylos uva-ursi,arctostaphylos_uva_minus_ursi
Arctostaphylos uva-ursi-type,arctostaphylos_uva_minus_ursi_type
Arctous alpina,arctous_alpina
Arctous alpina/A. rubra,arctous_alpina_a_rubra
Arcytophyllum,arcytophyllum
Ardisia,ardisia
Arecaceae,arecaceae
Arecaceae-type,arecaceae_type
"Arecaceae-type (Mauritius type 127, de Boer)",arecaceae_type_mauritius_type_127_de_boer
"Arecaceae-type (Mauritius type 137, de Boer)",arecaceae_type_mauritius_type_137_de_boer
"Arecaceae-type (Mauritius type 139, de Boer)",arecaceae_type_mauritius_type_139_de_boer
"Arecaceae-type (Mauritius type 54b, de Boer)",arecaceae_type_mauritius_type_54b_de_boer
"Arecaceae-type (Mauritius type 54c, de Boer)",arecaceae_type_mauritius_type_54c_de_boer
"Arecaceae-type (tetrad, Mauritius type 2, de Boer)",arecaceae_type_tetrad_mauritius_type_2_de_boer
Arecaceae-type undiff.,arecaceae_type_undiff
Arecaceae (echinate),arecaceae_echinate
"Arecaceae (Mauritius type 132b, de Boer)",arecaceae_mauritius_type_132b_de_boer
Arecaceae (monocolpate),arecaceae_monocolpate
Arecaceae (reticulate),arecaceae_reticulate
Arecaceae (tricolpate),arecaceae_tricolpate
Arecaceae (type 1),arecaceae_type_1
Arecaceae (type 2),arecaceae_type_2
Arecaceae (type 3),arecaceae_type_3
Arecaceae (type 5),arecaceae_type_5
Arecaceae (type A),arecaceae_type_a
Arecaceae (type B),arecaceae_type_b
Arecaceae (type C),arecaceae_type_c
Arecaceae (type D),arecaceae_type_d
Arecaceae (type I),arecaceae_type_i
Arecaceae (type II),arecaceae_type_ii
Arecaceae (type III),arecaceae_type_iii
Arecaceae (type IV),arecaceae_type_iv
Arecaceae (type V),arecaceae_type_v
Arecaceae cf. Calamus,arecaceae_cf_calamus
Arecaceae cf. Desmoncus,arecaceae_cf_desmoncus
Arecaceae cf. Euterpe,arecaceae_cf_euterpe
Arecaceae cf. Geonoma,arecaceae_cf_geonoma
Arecaceae cf. Oenocarpus,arecaceae_cf_oenocarpus
Arecaceae cf. Phytelephas,arecaceae_cf_phytelephas
Arecaceae incertae sedis,arecaceae_incertae_sedis
Arecaceae pro parte,arecaceae_pro_parte
Arecaceae undiff.,arecaceae_undiff
Arecaceae/Bromeliaceae,arecaceae_bromeliaceae
Arenaria,arenaria
Arenaria-type,arenaria_type
Arenaria serpyllifolia-type,arenaria_serpyllifolia_type
Arenga,arenga
Argania spinosa,argania_spinosa
Argyranthemum,argyranthemum
Argyrella-type canescens,argyrella_type_canescens
Aristolochia,aristolochia
Aristolochiaceae,aristolochiaceae
Aristotelia,aristotelia
Aristotelia chilensis,aristotelia_chilensis
Arjona,arjona
Armeria,armeria
Armeria-type,armeria_type
Armeria (type A),armeria_type_a
Armeria (type B),armeria_type_b
Armeria alliacea,armeria_alliacea
Armeria maritima,armeria_maritima
Armeria maritima-type,armeria_maritima_type
Armeria maritima (type A),armeria_maritima_type_a
Armeria maritima (type B),armeria_maritima_type_b
Armeria maritima subsp. elongata,armeria_maritima_subsp_elongata
Armeria/Limonium,armeria_limonium
Arnebia hispidissima-type,arnebia_hispidissima_type
Arnica,arnica
Arnica-type,arnica_type
Arnica montana,arnica_montana
Arnica/Taraxacum-type,arnica_taraxacum_type
Arnoseris,arnoseris
Arnoseris minima,arnoseris_minima
Arrabidaea,arrabidaea
Arrabidaea-type,arrabidaea_type
Arrabidaea (type 1),arrabidaea_type_1
Arrabidaea (type 2),arrabidaea_type_2
Artemisia,artemisia
Artemisia-type,artemisia_type
Artemisia (type B),artemisia_type_b
Artemisia afra,artemisia_afra
Artemisia alba-type,artemisia_alba_type
Artemisia campestris-type,artemisia_campestris_type
Artemisia cf. A. norvegica,artemisia_cf_a_norvegica
Artemisia herba-alba,artemisia_herba_minus_alba
Artemisia herba-alba-type,artemisia_herba_minus_alba_type
Artemisia ludoviciana,artemisia_ludoviciana
Artemisia norvegica,artemisia_norvegica
Artemisia norvegica-type,artemisia_norvegica_type
Artemisia sensu lato,artemisia_sensu_lato
Artemisia sensu stricto,artemisia_sensu_stricto
Artemisia sp.,artemisia_sp
Artemisia undiff.,artemisia_undiff
Artemisia vulgaris-type,artemisia_vulgaris_type
Artemisia/Gochnatia,artemisia_gochnatia
Arum,arum
Arum/Acorus,arum_acorus
Aruncus,aruncus
Aruncus-type,aruncus_type
Aruncus dioicus,aruncus_dioicus
Arytera,arytera
Arytera-type,arytera_type
Asarum europaeum,asarum_europaeum
Ascarina,ascarina
Ascarina lucida,ascarina_lucida
Asclepiadeae,asclepiadeae
Asclepiadoideae,asclepiadoideae
Ascolepis,ascolepis
Ascolepis-type,ascolepis_type
Asimina,asimina
Asparagaceae cf. Arthropodium,asparagaceae_cf_arthropodium
Asparagus,asparagus
Asparagus-type,asparagus_type
Asparagus acutifolius,asparagus_acutifolius
Asparagus buchananii-type,asparagus_buchananii_type
Asperula,asperula
Asperula-type,asperula_type
Asphodelaceae,asphodelaceae
Asphodeline,asphodeline
Asphodeloideae,asphodeloideae
Asphodelus,asphodelus
Asphodelus-type,asphodelus_type
Asphodelus albus,asphodelus_albus
Asphodelus albus-type,asphodelus_albus_type
Asphodelus fistulosus,asphodelus_fistulosus
Asphodelus fistulosus-type,asphodelus_fistulosus_type
Asphodelus luteus,asphodelus_luteus
Asphodelus/Asphodeline,asphodelus_asphodeline
Aspidosperma,aspidosperma
Aspidosperma-type,aspidosperma_type
Aspidosperma aff. A. album,aspidosperma_aff_a_album
Aspilia,aspilia
Astelia,astelia
Astelia-type,astelia_type
Astelia alpina,astelia_alpina
Astelia pumila,astelia_pumila
Aster,aster
Aster-type,aster_type
Aster/Achillea,aster_achillea
Aster/Achillea-type,aster_achillea_type
Asteraceae,asteraceae
Asteraceae (baculate),asteraceae_baculate
Asteraceae (clavate),asteraceae_clavate
Asteraceae (echinate),asteraceae_echinate
Asteraceae (fenestrate),asteraceae_fenestrate
Asteraceae (high spine),asteraceae_high_spine
Asteraceae (large),asteraceae_large
"Asteraceae (lophate, echinate)",asteraceae_lophate_echinate
Asteraceae (low spine),asteraceae_low_spine
Asteraceae (type 1),asteraceae_type_1
Asteraceae aff. Ambrosia,asteraceae_aff_ambrosia
Asteraceae cf. Ambrosia,asteraceae_cf_ambrosia
Asteraceae cf. Cirsium,asteraceae_cf_cirsium
Asteraceae cf. Mutisia,asteraceae_cf_mutisia
Asteraceae cf. Perezia,asteraceae_cf_perezia
Asteraceae indet.,asteraceae_indet
Asteraceae undiff.,asteraceae_undiff
Asteraceae undiff. (broken),asteraceae_undiff_broken
Asteraceae undiff. (crumpled),asteraceae_undiff_crumpled
Asteraceae undiff. (type 2),asteraceae_undiff_type_2
Asterales,asterales
Asteroideae,asteroideae
Asteroideae-type,asteroideae_type
Asteroideae (coarse spine),asteroideae_coarse_spine
Asteroideae (high spine),asteroideae_high_spine
Asteroideae (large),asteroideae_large
Asteroideae (long spine),asteroideae_long_spine
Asteroideae (low spine),asteroideae_low_spine
Asteroideae (short spine),asteroideae_short_spine
Asteroideae (type 1),asteroideae_type_1
Asteroideae (type 2),asteroideae_type_2
Asteroideae (type 3),asteroideae_type_3
Asteroideae (type 4),asteroideae_type_4
Asteroideae (type 5),asteroideae_type_5
Asteroideae (type I),asteroideae_type_i
Asteroideae (type II),asteroideae_type_ii
Asteroideae pro parte,asteroideae_pro_parte
Asteroideae undiff.,asteroideae_undiff
Astragalus,astragalus
Astragalus-type,astragalus_type
Astragalus alpinus,astragalus_alpinus
Astragalus alpinus-type,astragalus_alpinus_type
Astragalus cf. A. alpinus,astragalus_cf_a_alpinus
Astragalus cf. A. glycyphyllos,astragalus_cf_a_glycyphyllos
Astragalus danicus,astragalus_danicus
Astragalus danicus-type,astragalus_danicus_type
Astragalus depressus,astragalus_depressus
Astragalus frigidus,astragalus_frigidus
Astragalus frigidus-type,astragalus_frigidus_type
Astragalus onobrychis-type,astragalus_onobrychis_type
Astragalus/Lupinus,astragalus_lupinus
Astragalus/Ononis-type,astragalus_ononis_type
Astragalus/Oxytropis,astragalus_oxytropis
Astragalus/Oxytropis-type,astragalus_oxytropis_type
Astragalus/Vicia,astragalus_vicia
Astrantia,astrantia
Astrantia-type,astrantia_type
Astrantia major,astrantia_major
Astrantia major-type,astrantia_major_type
Astripomoea,astripomoea
Astrocaryum,astrocaryum
Astronium,astronium
Astronium-type,astronium_type
Astronium concinnum,astronium_concinnum
Astronium fraxinifolium,astronium_fraxinifolium
Astronium fraxinifolium (type 3),astronium_fraxinifolium_type_3
Astronium fraxinifolium (type 5),astronium_fraxinifolium_type_5
Astropanax abyssinicus,astropanax_abyssinicus
Astropanax barteri,astropanax_barteri
Astropanax goetzenii-type,astropanax_goetzenii_type
Astropanax mannii-type,astropanax_mannii_type
Astropanax myrianthus,astropanax_myrianthus
Astrotricha,astrotricha
Asystasia,asystasia
Asystasia gangetica,asystasia_gangetica
Asystasia gangetica-type,asystasia_gangetica_type
Athamanta cretensis,athamanta_cretensis
Atherosperma,atherosperma
Atherosperma moschatum,atherosperma_moschatum
Athrotaxis-type/Diselma-type,athrotaxis_type_diselma_type
Athrotaxis/Diselma,athrotaxis_diselma
Atractylis,atractylis
Atractylis-type,atractylis_type
Atraphaxis,atraphaxis
Atraphaxis-type,atraphaxis_type
Atriplex,atriplex
Atriplex-type,atriplex_type
Atriplex sp.,atriplex_sp
Atropa,atropa
Atropa-type,atropa_type
Atropa belladonna,atropa_belladonna
Attalea,attalea
Australina,australina
Austrobuxus,austrobuxus
Austrocedrus,austrocedrus
Austrocedrus chilensis-type,austrocedrus_chilensis_type
Austromyrtus,austromyrtus
Avena,avena
Avena-type,avena_type
Avena sativa,avena_sativa
Avena/Triticum,avena_triticum
Avena/Triticum-type,avena_triticum_type
Avena/Triticum group,avena_triticum_group
Avicennia,avicennia
Avicennia germinans,avicennia_germinans
Avicennia marina,avicennia_marina
Ayenia,ayenia
Azara,azara
Azima tetracantha,azima_tetracantha
Azorella,azorella
Baccaurea,baccaurea
Baccharis,baccharis
Baccharis-type,baccharis_type
Backhousia myrtifolia,backhousia_myrtifolia
Bactris,bactris
Bactris-type,bactris_type
Baeckea,baeckea
Baeckea/Tristania,baeckea_tristania
Baikiaea,baikiaea
Baissea,baissea
Bakerella,bakerella
Bakerella/Socratina-type,bakerella_socratina_type
Balanites,balanites
Balanites aegyptiaca,balanites_aegyptiaca
Balanites aegyptiaca-type,balanites_aegyptiaca_type
Balanites rotudinfolia-type,balanites_rotudinfolia_type
Balanites wilsoniana,balanites_wilsoniana
Balanophoraceae cf. Langsdorffia,balanophoraceae_cf_langsdorffia
Balanops,balanops
Balbisia,balbisia
Balfourodendron,balfourodendron
Ballota,ballota
Ballota-type,ballota_type
Ballota group,ballota_group
Ballota nigra-type,ballota_nigra_type
Balsaminaceae,balsaminaceae
Bambusa-type,bambusa_type
Banara,banara
Banara-type,banara_type
Banara guianensis,banara_guianensis
Banara/Xylosma,banara_xylosma
Banara/Xylosma-type,banara_xylosma_type
Banisteriopsis,banisteriopsis
Banksia,banksia
Banksia aemula,banksia_aemula
Banksia dentata,banksia_dentata
Banksia integrifolia,banksia_integrifolia
Banksia integrifolia-type,banksia_integrifolia_type
Banksia marginata,banksia_marginata
Banksia robur,banksia_robur
Baphia,baphia
Baphia-type,baphia_type
Baphiopsis,baphiopsis
Baphiopsis-type parviflora,baphiopsis_type_parviflora
Baphiopsis parviflora,baphiopsis_parviflora
Barbarea-type,barbarea_type
Barbeya oleoides,barbeya_oleoides
Barbeyaceae,barbeyaceae
Barleria,barleria
Barringtonia,barringtonia
Bartsia,bartsia
Bartsia-type,bartsia_type
Basella,basella
Basella alba-type,basella_alba_type
Basilicum,basilicum
Basilicum-type,basilicum_type
Basilicum-type (B. polystachyon),basilicum_type_b_polystachyon
Basilicum-type polystachyon,basilicum_type_polystachyon
Basilicum polystachyon,basilicum_polystachyon
Basilicum polystachyon/Hoslundia opposita,basilicum_polystachyon_hoslundia_opposita
Bathysa,bathysa
Batis,batis
Bauera,bauera
Bauera-type,bauera_type
Bauera rubioides,bauera_rubioides
Bauhinia,bauhinia
Bauhinia-type,bauhinia_type
Bauhinia bicuspidata-type,bauhinia_bicuspidata_type
Bauhinia rufescens,bauhinia_rufescens
Baumea,baumea
Begonia,begonia
Begonia-type,begonia_type
Begonia fischeri,begonia_fischeri
Begonia guaduensis,begonia_guaduensis
Begonia meyeri-johannis,begonia_meyeri_minus_johannis
Begonia undiff.,begonia_undiff
Begoniaceae,begoniaceae
Belangera,belangera
Bellendena,bellendena
Bellendena montana,bellendena_montana
Bellidiastrum-type,bellidiastrum_type
Bellis,bellis
Bellis-type,bellis_type
Berberidaceae,berberidaceae
Berberis,berberis
Berberis-type,berberis_type
Berberis repens,berberis_repens
Berberis vulgaris,berberis_vulgaris
Berchemia scandens,berchemia_scandens
Bergenia crassifolia,bergenia_crassifolia
Bergia,bergia
Berkheya,berkheya
Berlandiera-type,berlandiera_type
Berlinia,berlinia
Berlinia-type,berlinia_type
Bernardia cf. B. pulchella,bernardia_cf_b_pulchella
Bersama,bersama
Bersama abyssinica,bersama_abyssinica
Bersama abyssinica-type,bersama_abyssinica_type
Bertiera,bertiera
Bertiera-type,bertiera_type
Bertya,bertya
Berula-type,berula_type
Berula erecta,berula_erecta
Berula erecta-type,berula_erecta_type
Beta-type,beta_type
Beta vulgaris-type,beta_vulgaris_type
Betula,betula
Betula (<20 µm),betula_smaller_than_20_mu_m
Betula (>20 µm),betula_bigger_than_20_mu_m
Betula (>25 µm),betula_bigger_than_25_mu_m
Betula (20-25 µm),betula_20_minus_25_mu_m
Betula (corroded),betula_corroded
Betula (excluding B. nana),betula_excluding_b_nana
Betula (hybrid),betula_hybrid
Betula (large),betula_large
Betula (shrub),betula_shrub
Betula (small),betula_small
Betula (tree),betula_tree
Betula cf. B. fruticosa,betula_cf_b_fruticosa
Betula cf. B. nana,betula_cf_b_nana
Betula cf. B. occidentalis,betula_cf_b_occidentalis
Betula cf. B. pendula,betula_cf_b_pendula
Betula costata,betula_costata
Betula dahurica,betula_dahurica
Betula det. shrub,betula_det_shrub
Betula det. tree,betula_det_tree
Betula ermanii,betula_ermanii
Betula fruticosa,betula_fruticosa
Betula glandulosa,betula_glandulosa
Betula glandulosa-type,betula_glandulosa_type
Betula humilis,betula_humilis
Betula nana,betula_nana
Betula nana-type,betula_nana_type
Betula nana subsp. exilis,betula_nana_subsp_exilis
Betula papyrifera,betula_papyrifera
Betula pendula,betula_pendula
Betula pendula subsp. mandshurica,betula_pendula_subsp_mandshurica
Betula pendula/B. pubescens,betula_pendula_b_pubescens
Betula pubescens,betula_pubescens
Betula pubescens-type,betula_pubescens_type
Betula pubescens var. pumila,betula_pubescens_var_pumila
Betula pubescens var. pumila-type,betula_pubescens_var_pumila_type
Betula schmidtii,betula_schmidtii
Betula sect. Apterocaryon,betula_sect_apterocaryon
Betula sect. Apterocaryon-type,betula_sect_apterocaryon_type
Betula sect. Betula,betula_sect_betula
Betula sect. Betula-type,betula_sect_betula_type
Betula sect. Costatae,betula_sect_costatae
Betula spp.,betula_spp
Betula subg. Betula,betula_subg_betula
Betula undiff.,betula_undiff
"Betula/Alnus/Corylus/Myrica (type 114, HdV)",betula_alnus_corylus_myrica_type_114_hd_v
Betula/Carpinus,betula_carpinus
Betula/Corylus,betula_corylus
Betula/Corylus/Myrica,betula_corylus_myrica
Betula/Myrica,betula_myrica
Betulaceae,betulaceae
Betulaceae undiff.,betulaceae_undiff
Betulaceae/Myricaceae undiff.,betulaceae_myricaceae_undiff
Beyeria,beyeria
Bidens,bidens
Bidens-type,bidens_type
Biebersteinia,biebersteinia
Bifora radians-type,bifora_radians_type
Bignonia,bignonia
Bignonia-type,bignonia_type
Bignonia cf. B. neoheterophylla,bignonia_cf_b_neoheterophylla
Bignoniaceae,bignoniaceae
Bignoniaceae undiff.,bignoniaceae_undiff
Bignoniaceae/Verbenaceae,bignoniaceae_verbenaceae
Billardiera,billardiera
Billardiera scandens,billardiera_scandens
Billia,billia
Bischofia,bischofia
Biscutella,biscutella
Bismarckia nobilis,bismarckia_nobilis
Bistorta,bistorta
Bistorta-type,bistorta_type
Bistorta bistortoides,bistorta_bistortoides
Bistorta bistortoides-type,bistorta_bistortoides_type
Bistorta cf. B. vivipara,bistorta_cf_b_vivipara
Bistorta officinalis,bistorta_officinalis
Bistorta officinalis-type,bistorta_officinalis_type
Bistorta officinalis/B. vivipara,bistorta_officinalis_b_vivipara
Bistorta vivipara,bistorta_vivipara
Bistorta vivipara-type,bistorta_vivipara_type
Bituminaria bituminosa,bituminaria_bituminosa
Bixa,bixa
Blackstonia,blackstonia
Blackstonia-type,blackstonia_type
Blackstonia perfoliata-type,blackstonia_perfoliata_type
Blandfordia,blandfordia
Blepharandra,blepharandra
Blepharandra/Byrsonima,blepharandra_byrsonima
Blepharis,blepharis
Blepharis-type,blepharis_type
Blepharispermum-type,blepharispermum_type
Blepharodon,blepharodon
Blighia,blighia
Blighia-type,blighia_type
Blighia-type (B. unijugata),blighia_type_b_unijugata
Blighia-type unijugata,blighia_type_unijugata
Blighia sapida-type,blighia_sapida_type
Blighia unijugata-type,blighia_unijugata_type
Bocconia,bocconia
Bocconia-type,bocconia_type
Bocoa,bocoa
Boehmeria,boehmeria
Boerhavia,boerhavia
Boerhavia-type,boerhavia_type
Bolax,bolax
Bomarea,bomarea
Bomarea-type,bomarea_type
Bombacoideae,bombacoideae
Bombacoideae undiff.,bombacoideae_undiff
Bombacopsis,bombacopsis
Bombacopsis-type,bombacopsis_type
Bombax,bombax
Bombax (type 2),bombax_type_2
Bombax buonopozense-type,bombax_buonopozense_type
Bombax ceiba,bombax_ceiba
Bombax comp.,bombax_comp
Bombax costatum-type,bombax_costatum_type
Bombax undiff.,bombax_undiff
Bonamia,bonamia
Bongardia,bongardia
Bonnetia,bonnetia
Boraginaceae,boraginaceae
Boraginaceae (type 1),boraginaceae_type_1
Boraginaceae undiff.,boraginaceae_undiff
Boraginales cf. Cordia,boraginales_cf_cordia
Borago,borago
Borago officinalis,borago_officinalis
Borassus,borassus
Borassus-type,borassus_type
Borassus-type (B. aethiopum),borassus_type_b_aethiopum
Borassus-type aethiopum,borassus_type_aethiopum
Borassus/Hyphaene,borassus_hyphaene
Borismene,borismene
Boronia,boronia
Boronia algida,boronia_algida
Boscia,boscia
Boscia-type,boscia_type
Boscia-type angustifolia,boscia_type_angustifolia
Boscia-type salicifolia,boscia_type_salicifolia
Boscia angustifolia,boscia_angustifolia
Boscia senegalensis,boscia_senegalensis
Bosqueia,bosqueia
Bosqueia phoberos,bosqueia_phoberos
Bossiaea,bossiaea
Boswellia,boswellia
Botryospermum,botryospermum
Bowdichia,bowdichia
Brachychiton,brachychiton
Brachycome-type,brachycome_type
Brachylaena,brachylaena
Brachylaena-type,brachylaena_type
Brachystegia,brachystegia
Brachystephanus,brachystephanus
Brassica,brassica
Brassica-type,brassica_type
Brassica (type 1),brassica_type_1
Brassicaceae,brassicaceae
Brassicaceae-type,brassicaceae_type
Brassicaceae-type undiff.,brassicaceae_type_undiff
Brassicaceae (27 µm),brassicaceae_27_mu_m
Brassicaceae (large),brassicaceae_large
Brassicaceae (small),brassicaceae_small
Brassicaceae cf. Brassica,brassicaceae_cf_brassica
Brassicaceae indet.,brassicaceae_indet
Brassicaceae undiff.,brassicaceae_undiff
Brassicaceae/Lamiaceae,brassicaceae_lamiaceae
Brassicaceae/Olea,brassicaceae_olea
Bravaisia,bravaisia
Bravaisia berlandieriana,bravaisia_berlandieriana
Breynia cernua,breynia_cernua
Brickellia,brickellia
Bridelia,bridelia
Bridelia-type,bridelia_type
Bridelia-type (B. scleroneura),bridelia_type_b_scleroneura
Bridelia-type scleroneura,bridelia_type_scleroneura
Bridelia ferruginea,bridelia_ferruginea
Bridelia ferruginea-type,bridelia_ferruginea_type
Bridelia micrantha,bridelia_micrantha
Bridelia micrantha-type,bridelia_micrantha_type
Bridelia scleroneura,bridelia_scleroneura
Bridelia scleroneura-type,bridelia_scleroneura_type
Brillantaisia,brillantaisia
Bromelia,bromelia
Bromeliaceae,bromeliaceae
Bromeliaceae (type 1),bromeliaceae_type_1
Bromeliaceae (type 2),bromeliaceae_type_2
Bromeliaceae cf. Puya,bromeliaceae_cf_puya
Bromeliaceae undiff.,bromeliaceae_undiff
Bromus,bromus
Bromus hordeaceus-type,bromus_hordeaceus_type
Brosimum,brosimum
Brosimum alicastrum,brosimum_alicastrum
Brosimum alicastrum ssp. bolivarense,brosimum_alicastrum_ssp_bolivarense
Browneopsis ucayalina (smaller),browneopsis_ucayalina_smaller
Brucea,brucea
Brucea antidysenterica,brucea_antidysenterica
Brucea antidysenterica-type,brucea_antidysenterica_type
Bruckenthalia,bruckenthalia
Bruckenthalia-type,bruckenthalia_type
Bruguiera,bruguiera
Bruguiera/Ceriops,bruguiera_ceriops
Brunellia,brunellia
Brunellia-type,brunellia_type
Bruniaceae,bruniaceae
Brunsvigia,brunsvigia
Bryonia,bryonia
Bryonia-type,bryonia_type
Bryonia alba/Helianthemum,bryonia_alba_helianthemum
Bryonia cretica,bryonia_cretica
Bryonia dioica,bryonia_dioica
Buchanania obovata,buchanania_obovata
Buchnera,buchnera
Buchnera-type,buchnera_type
Buddleja,buddleja
Buddleja-type,buddleja_type
Buglossoides arvensis,buglossoides_arvensis
Buglossoides arvensis-type,buglossoides_arvensis_type
Bulbinopsis-type,bulbinopsis_type
Bumelia,bumelia
Bumelia-type,bumelia_type
Bunchosia,bunchosia
Bunchosia-type,bunchosia_type
Bunium-type,bunium_type
Buphthalmum,buphthalmum
Bupleurum,bupleurum
Bupleurum-type,bupleurum_type
Bupleurum falcatum-type,bupleurum_falcatum_type
Bupleurum ranunculoides,bupleurum_ranunculoides
Bupleurum rigidum-type,bupleurum_rigidum_type
Burchellia,burchellia
Burkea,burkea
Burkea africana,burkea_africana
Burmannia,burmannia
Bursaria,bursaria
Bursaria spinosa,bursaria_spinosa
Bursera,bursera
Bursera-type,bursera_type
Bursera simaruba,bursera_simaruba
Burseraceae,burseraceae
Burseraceae cf. Protium,burseraceae_cf_protium
Burseraceae undiff.,burseraceae_undiff
Butyrospermum,butyrospermum
Buxaceae,buxaceae
Buxus,buxus
Buxus bahamensis,buxus_bahamensis
Buxus hildebrandtii-type,buxus_hildebrandtii_type
Buxus madagascarica,buxus_madagascarica
Buxus madagascarica-type,buxus_madagascarica_type
Buxus sempervirens,buxus_sempervirens
Byrsonima,byrsonima
Byrsonima-type,byrsonima_type
Byrsonima (type 1),byrsonima_type_1
Byrsonima (type2),byrsonima_type2
Byrsonima lucida,byrsonima_lucida
Byttneria,byttneria
Byttneria-type,byttneria_type
Cabralea,cabralea
Cactaceae,cactaceae
Cactaceae-type,cactaceae_type
Cadaba,cadaba
Cadaba-type,cadaba_type
Cadaba benguellensis,cadaba_benguellensis
Cadaba glandulosa,cadaba_glandulosa
Caesalpinia,caesalpinia
Caesalpinia-type,caesalpinia_type
Caesalpinia bahamensis,caesalpinia_bahamensis
Caesalpinia/Cenostigma,caesalpinia_cenostigma
Caesalpinia/Haematoxylum,caesalpinia_haematoxylum
Caesalpinioideae,caesalpinioideae
Caesalpinioideae (18 µm),caesalpinioideae_18_mu_m
Caesalpinioideae (26 µm),caesalpinioideae_26_mu_m
Caesalpinioideae (type 22),caesalpinioideae_type_22
Caesalpinioideae cf. Senna,caesalpinioideae_cf_senna
Caesalpinioideae undiff.,caesalpinioideae_undiff
Cajanus,cajanus
Cajanus-type,cajanus_type
Calamus,calamus
Calandrinia,calandrinia
Calathea (type 1),calathea_type_1
Calathea (type 2),calathea_type_2
Calceolaria,calceolaria
Calceolaria-type,calceolaria_type
Calendula,calendula
Calicotome,calicotome
Calliandra,calliandra
Calligonum,calligonum
Calligonum polygonoides,calligonum_polygonoides
Callistemon,callistemon
Callistemon pallidus,callistemon_pallidus
Callistemon pityoides-type,callistemon_pityoides_type
Callitris,callitris
Calluna,calluna
Calluna-type,calluna_type
Calluna vulgaris,calluna_vulgaris
Calluna vulgaris-type,calluna_vulgaris_type
Calocedrus,calocedrus
Calomeria,calomeria
Calophyllum,calophyllum
Calpocalyx-type,calpocalyx_type
Calpocalyx-type (C. letestui),calpocalyx_type_c_letestui
Calpocalyx-type klainei,calpocalyx_type_klainei
Calpocalyx-type letestui,calpocalyx_type_letestui
Calpurnia-type,calpurnia_type
Caltha-type,caltha_type
Caltha leptosepala,caltha_leptosepala
Calycanthus,calycanthus
Calycera,calycera
Calyceraceae,calyceraceae
Calycobolus,calycobolus
Calycolpus,calycolpus
Calycophyllum,calycophyllum
Calycosia,calycosia
Calylophus,calylophus
Calyptrocarya,calyptrocarya
Calystegia,calystegia
Calystegia-type,calystegia_type
Calystegia sepium,calystegia_sepium
Calystegia sepium-type,calystegia_sepium_type
Calytrix,calytrix
Camassia,camassia
Camassia-type,camassia_type
Camellia,camellia
Camellia sinensis-type,camellia_sinensis_type
Campanula,campanula
Campanula-type,campanula_type
Campanula aparinoides-type,campanula_aparinoides_type
Campanula medium,campanula_medium
Campanula rapunculoides,campanula_rapunculoides
Campanula rotundifolia,campanula_rotundifolia
Campanula rotundifolia-type,campanula_rotundifolia_type
Campanula trachelium-type,campanula_trachelium_type
Campanula/Jasione,campanula_jasione
Campanulaceae,campanulaceae
Campanulaceae-type,campanulaceae_type
Campanulaceae undiff.,campanulaceae_undiff
Campnosperma,campnosperma
Campomanesia,campomanesia
Campylospermum,campylospermum
Campylospermum densiflorum,campylospermum_densiflorum
Canarium,canarium
Canarium-type,canarium_type
Canarium schweinfurthii,canarium_schweinfurthii
Canavalia-type,canavalia_type
Canna,canna
Cannabaceae,cannabaceae
Cannabaceae-type,cannabaceae_type
Cannabaceae cf. Cannabis sativa,cannabaceae_cf_cannabis_sativa
Cannabaceae cf. Celtis,cannabaceae_cf_celtis
Cannabaceae cf. Humulus,cannabaceae_cf_humulus
Cannabaceae sensu stricto,cannabaceae_sensu_stricto
Cannabaceae sensu stricto undiff.,cannabaceae_sensu_stricto_undiff
Cannabaceae undiff.,cannabaceae_undiff
Cannabis,cannabis
Cannabis-type,cannabis_type
Cannabis sativa,cannabis_sativa
Cannabis sativa-type,cannabis_sativa_type
Canotia,canotia
Canthium,canthium
Canthium-type,canthium_type
Canthium gueinzii-type,canthium_gueinzii_type
Canthium schimperianum,canthium_schimperianum
Canthium schimperianum-type,canthium_schimperianum_type
Capparaceae,capparaceae
Capparaceae undiff.,capparaceae_undiff
Capparis,capparis
Capparis-type,capparis_type
Capparis decidua,capparis_decidua
Capparis erythrocarpos,capparis_erythrocarpos
Capparis fascicularis-type,capparis_fascicularis_type
Capparis tomentosa,capparis_tomentosa
Capparis tomentosa-type,capparis_tomentosa_type
Capraria,capraria
Caprifoliaceae,caprifoliaceae
Caprifoliaceae cf. Lonicera-type,caprifoliaceae_cf_lonicera_type
Caprifoliaceae sensu lato,caprifoliaceae_sensu_lato
Caprifoliaceae sensu lato undiff.,caprifoliaceae_sensu_lato_undiff
Caprifoliaceae undiff.,caprifoliaceae_undiff
Capsella,capsella
Capsella-type,capsella_type
Capsicum,capsicum
Capsicum-type,capsicum_type
Caraipa,caraipa
Carallia comp.,carallia_comp
Carapa,carapa
Carapa-type (C. grandiflora),carapa_type_c_grandiflora
Carapa-type (C. procera),carapa_type_c_procera
Carapa-type procera,carapa_type_procera
Carapa/Ekebergia,carapa_ekebergia
Cardamine,cardamine
Cardamine-type,cardamine_type
Cardamine pratensis-type,cardamine_pratensis_type
Cardiospermum,cardiospermum
Cardiospermum halicacabum,cardiospermum_halicacabum
Cardiospermum halicacabum-type,cardiospermum_halicacabum_type
Cardueae,cardueae
Cardueae-type,cardueae_type
Carduoideae,carduoideae
Carduoideae-type,carduoideae_type
Carduus,carduus
Carduus-type,carduus_type
Carduus crispus-type,carduus_crispus_type
Carex,carex
Carex-type,carex_type
Carex hirta-type,carex_hirta_type
Cariniana,cariniana
Carissa,carissa
Carissa-type,carissa_type
Carissa-type spinarum,carissa_type_spinarum
Carissa spinarum-type,carissa_spinarum_type
Carlina,carlina
Carlina-type,carlina_type
Carludovica,carludovica
Carpacoce,carpacoce
Carpesium-type,carpesium_type
Carpinus,carpinus
Carpinus-type,carpinus_type
Carpinus (corroded),carpinus_corroded
Carpinus betulus,carpinus_betulus
Carpinus betulus-type,carpinus_betulus_type
Carpinus cordata,carpinus_cordata
Carpinus orientalis,carpinus_orientalis
Carpinus orientalis-type,carpinus_orientalis_type
Carpinus tschonoskii,carpinus_tschonoskii
Carpobrotus,carpobrotus
Carpodetus serratus,carpodetus_serratus
Carthamus,carthamus
Carthamus-type,carthamus_type
Carum,carum
Carum-type,carum_type
Carum carvi,carum_carvi
Carum carvi-type,carum_carvi_type
Carum verticillatum,carum_verticillatum
Carya,carya
Carya-type,carya_type
Carya cordiformis,carya_cordiformis
Carya glabra-type,carya_glabra_type
Carya ovata,carya_ovata
Carya tomentosa,carya_tomentosa
Carya tomentosa-type,carya_tomentosa_type
Caryocar,caryocar
Caryocar brasiliense,caryocar_brasiliense
Caryocaraceae,caryocaraceae
Caryodendron,caryodendron
Caryophyllaceae,caryophyllaceae
Caryophyllaceae (large),caryophyllaceae_large
"Caryophyllaceae (periporate, excluding Paronychioideae)",caryophyllaceae_periporate_excluding_paronychioideae
Caryophyllaceae (porate),caryophyllaceae_porate
Caryophyllaceae (small),caryophyllaceae_small
Caryophyllaceae cf. Dianthus,caryophyllaceae_cf_dianthus
Caryophyllaceae cf. Silene,caryophyllaceae_cf_silene
Caryophyllaceae cf. Silene latifolia subsp. alba,caryophyllaceae_cf_silene_latifolia_subsp_alba
Caryophyllaceae cf. Stellaria pungens,caryophyllaceae_cf_stellaria_pungens
Caryophyllaceae indet.,caryophyllaceae_indet
Caryophyllaceae pro parte,caryophyllaceae_pro_parte
Caryophyllaceae undiff.,caryophyllaceae_undiff
Caryophyllaceae/Amaranthaceae,caryophyllaceae_amaranthaceae
Casasia,casasia
Casearia,casearia
Casearia-type,casearia_type
Casearia (reticulate),casearia_reticulate
Casearia (type 1),casearia_type_1
Casearia cf. C. arborea,casearia_cf_c_arborea
Casearia cf. C. commersoniana,casearia_cf_c_commersoniana
Casearia cf. C. sylvestris,casearia_cf_c_sylvestris
Cassia,cassia
Cassia-type,cassia_type
Cassia-type (C. italica),cassia_type_c_italica
Cassia-type (C. mimosoides),cassia_type_c_mimosoides
Cassia (type 2),cassia_type_2
Cassia mimosoides-type,cassia_mimosoides_type
Cassine,cassine
Cassine-type,cassine_type
Cassine orientalis,cassine_orientalis
Cassinia arcuata-type,cassinia_arcuata_type
Cassinia arcuata-type/Calomeria-type,cassinia_arcuata_type_calomeria_type
Cassiope,cassiope
Cassiope-type,cassiope_type
Cassiope tetragona,cassiope_tetragona
Cassiope tetragona-type,cassiope_tetragona_type
Cassipourea,cassipourea
Castanea,castanea
Castanea-type,castanea_type
Castanea dentata,castanea_dentata
Castanea sativa,castanea_sativa
Castanea/Castanopsis,castanea_castanopsis
Castanopsis,castanopsis
Castanopsis comp.,castanopsis_comp
Castanopsis/Lithocarpus,castanopsis_lithocarpus
Castela,castela
Castilla-type,castilla_type
Castilla elastica,castilla_elastica
Castilleja,castilleja
Casuarina,casuarina
Casuarina-type,casuarina_type
Casuarina (<23 µm),casuarina_smaller_than_23_mu_m
Casuarina (<25 µm),casuarina_smaller_than_25_mu_m
Casuarina (>23 µm),casuarina_bigger_than_23_mu_m
Casuarina (type B),casuarina_type_b
Casuarina equisetifolia,casuarina_equisetifolia
Casuarina undiff.,casuarina_undiff
Casuarinaceae,casuarinaceae
Catalpa,catalpa
Catha-type,catha_type
Catha-type (C. edulis),catha_type_c_edulis
Catostemma,catostemma
Catunaregam-type,catunaregam_type
Catunaregam nilotica,catunaregam_nilotica
Caucalis platycarpos,caucalis_platycarpos
Caucanthus-type,caucanthus_type
Caulophyllum,caulophyllum
Caulophyllum thalictroides,caulophyllum_thalictroides
Cavanillesia,cavanillesia
Cayaponia,cayaponia
Cayaponia-type,cayaponia_type
Caylusea-type (29µm),caylusea_type_29mu_m
Cayratia-type,cayratia_type
Ceanothus,ceanothus
Ceanothus-type,ceanothus_type
Cecropia,cecropia
Cecropia-type,cecropia_type
Cecropia (type 1),cecropia_type_1
Cecropia (type 2),cecropia_type_2
Cedrela,cedrela
Cedrela cf. C. fissilis,cedrela_cf_c_fissilis
Cedrus,cedrus
Cedrus-type,cedrus_type
Cedrus (broken),cedrus_broken
Cedrus (crumpled),cedrus_crumpled
Cedrus (degraded),cedrus_degraded
Cedrus atlantica,cedrus_atlantica
Cedrus cf. C. atlantica,cedrus_cf_c_atlantica
Ceiba,ceiba
Ceiba pentandra,ceiba_pentandra
Celastraceae,celastraceae
Celastraceae (type 01),celastraceae_type_01
"Celastraceae (type 04, small)",celastraceae_type_04_small
Celastraceae cf. Maytenus,celastraceae_cf_maytenus
Celastraceae undiff.,celastraceae_undiff
Celastrus,celastrus
Celastrus scandens,celastrus_scandens
Celmisia-type,celmisia_type
Celosia,celosia
Celosia-type,celosia_type
Celosia-type (C. trigyna),celosia_type_c_trigyna
Celosia-type argentea,celosia_type_argentea
Celosia-type trigyna,celosia_type_trigyna
Celosia argentea,celosia_argentea
Celosia argentea-type,celosia_argentea_type
Celosia schweinfurthiana-type,celosia_schweinfurthiana_type
Celosia trigyna,celosia_trigyna
Celosia trigyna-type,celosia_trigyna_type
Celtis,celtis
Celtis-type,celtis_type
Celtis-type (20µm),celtis_type_20mu_m
Celtis (<15 µm),celtis_smaller_than_15_mu_m
Celtis (tetraporate),celtis_tetraporate
Celtis (type 1),celtis_type_1
Celtis (type 2),celtis_type_2
Celtis (type 3),celtis_type_3
Celtis (type 4),celtis_type_4
Celtis adolfi-friderici-type,celtis_adolfi_minus_friderici_type
Celtis africana-type,celtis_africana_type
Celtis australis,celtis_australis
Celtis iguanaea,celtis_iguanaea
Celtis occidentalis,celtis_occidentalis
Celtis toka,celtis_toka
Celtis undiff.,celtis_undiff
Celtis/Aphananthe,celtis_aphananthe
Celtis/Holoptelea (tetraporate),celtis_holoptelea_tetraporate
Celtis/Hymenocardia,celtis_hymenocardia
Celtis/Maclura,celtis_maclura
Celtis/Maclura-type,celtis_maclura_type
Cenarrhenes,cenarrhenes
Cenarrhenes nitida,cenarrhenes_nitida
Centaurea,centaurea
Centaurea-type,centaurea_type
Centaurea-type (C. perrottetii),centaurea_type_c_perrottetii
Centaurea-type senegalensis,centaurea_type_senegalensis
Centaurea alpina,centaurea_alpina
Centaurea aspera-type,centaurea_aspera_type
Centaurea cf. C. cyanus,centaurea_cf_c_cyanus
Centaurea cf. C. cyanus-type,centaurea_cf_c_cyanus_type
Centaurea cf. C. kotschyana,centaurea_cf_c_kotschyana
Centaurea cf. C. nigra-type,centaurea_cf_c_nigra_type
Centaurea cf. C. scabiosa-type,centaurea_cf_c_scabiosa_type
Centaurea collina,centaurea_collina
Centaurea collina-type,centaurea_collina_type
Centaurea cyanus,centaurea_cyanus
Centaurea cyanus-type,centaurea_cyanus_type
Centaurea jacea,centaurea_jacea
Centaurea jacea-type,centaurea_jacea_type
Centaurea jacea/C. nigra-type,centaurea_jacea_c_nigra_type
Centaurea jacea/C. scabiosa,centaurea_jacea_c_scabiosa
Centaurea jacea/C. scabiosa-type,centaurea_jacea_c_scabiosa_type
Centaurea montana,centaurea_montana
Centaurea montana-type,centaurea_montana_type
Centaurea montana/Cyanus triumfettii,centaurea_montana_cyanus_triumfettii
Centaurea nigra,centaurea_nigra
Centaurea nigra-type,centaurea_nigra_type
Centaurea nigra-type sensu lato,centaurea_nigra_type_sensu_lato
Centaurea perrottetii,centaurea_perrottetii
Centaurea scabiosa,centaurea_scabiosa
Centaurea scabiosa-type,centaurea_scabiosa_type
Centaurea sinaica,centaurea_sinaica
Centaurea solstitialis,centaurea_solstitialis
Centaurea solstitialis-type,centaurea_solstitialis_type
Centaurea sp.,centaurea_sp
Centaurea stoebe,centaurea_stoebe
Centaurea stoebe-type,centaurea_stoebe_type
Centaurea undiff.,centaurea_undiff
Centaurium,centaurium
Centaurium-type,centaurium_type
Centaurium erythraea,centaurium_erythraea
Centaurium pulchellum,centaurium_pulchellum
Centaurium pulchellum-type,centaurium_pulchellum_type
Centella,centella
Centemopsis-type gracilenta,centemopsis_type_gracilenta
Centranthus,centranthus
Centrolepidaceae,centrolepidaceae
Centrolepis,centrolepis
Centrolobium,centrolobium
Centrolobium sp.,centrolobium_sp
Centropogon,centropogon
Centrosema,centrosema
Centrosema-type,centrosema_type
Cephalanthera sp.,cephalanthera_sp
Cephalanthus,cephalanthus
Cephalanthus occidentalis,cephalanthus_occidentalis
Cephalaria,cephalaria
Cerastium,cerastium
Cerastium-type,cerastium_type
Cerastium-type (C. octandrum),cerastium_type_c_octandrum
Cerastium-type octandrum,cerastium_type_octandrum
Cerastium afromontanum-type,cerastium_afromontanum_type
Cerastium alpinum-type,cerastium_alpinum_type
Cerastium arvense,cerastium_arvense
Cerastium arvense-type,cerastium_arvense_type
Cerastium cerastoides-type,cerastium_cerastoides_type
Cerastium cf. C. arvense,cerastium_cf_c_arvense
Cerastium fontanum,cerastium_fontanum
Cerastium fontanum-type,cerastium_fontanum_type
Cerastium fontanum group,cerastium_fontanum_group
Cerastium indicum,cerastium_indicum
Cerastium octandrum,cerastium_octandrum
Cerastium octandrum-type,cerastium_octandrum_type
Cerastium undiff.,cerastium_undiff
Ceratiola ericoides,ceratiola_ericoides
Ceratiola ericoides-type,ceratiola_ericoides_type
Ceratocephala,ceratocephala
Ceratocephala-type,ceratocephala_type
Ceratonia,ceratonia
Ceratonia siliqua,ceratonia_siliqua
Cerberiopsis,cerberiopsis
Cercestis congoensis,cercestis_congoensis
Cercidiphyllum,cercidiphyllum
Cercis,cercis
Cercis siliquastrum,cercis_siliquastrum
Cercocarpus,cercocarpus
Cercocarpus-type,cercocarpus_type
Cercocarpus/Purshia,cercocarpus_purshia
Cerinthe,cerinthe
Cerinthe-type,cerinthe_type
Ceriops,ceriops
Ceroxylon,ceroxylon
Ceroxylon-type,ceroxylon_type
Cespedesia,cespedesia
Cestrum,cestrum
Cestrum (type 2),cestrum_type_2
Cestrum undiff.,cestrum_undiff
cf. Abies,cf_abies
cf. Acalypha,cf_acalypha
cf. Acanthaceae,cf_acanthaceae
cf. Acantholimon,cf_acantholimon
cf. Aconitum,cf_aconitum
cf. Acorus,cf_acorus
cf. Adenocarpus,cf_adenocarpus
cf. Adenostemma,cf_adenostemma
cf. Adonis,cf_adonis
cf. Aeonium,cf_aeonium
cf. Aethusa cynapium,cf_aethusa_cynapium
cf. Agave,cf_agave
cf. Albizia,cf_albizia
cf. Alchemilla,cf_alchemilla
cf. Allium,cf_allium
cf. Alnus,cf_alnus
cf. Amaranthaceae,cf_amaranthaceae
cf. Ambrosia,cf_ambrosia
cf. Amelanchier,cf_amelanchier
cf. Amorpha,cf_amorpha
cf. Amperea,cf_amperea
cf. Anacardiaceae (type A),cf_anacardiaceae_type_a
cf. Anacardiaceae (type B),cf_anacardiaceae_type_b
cf. Anagallis,cf_anagallis
cf. Anagallis tenella,cf_anagallis_tenella
cf. Andromeda polifolia,cf_andromeda_polifolia
cf. Androsace,cf_androsace
cf. Annonaceae/Rubiaceae,cf_annonaceae_rubiaceae
cf. Anthericum,cf_anthericum
cf. Anthurium,cf_anthurium
cf. Anthyllis,cf_anthyllis
cf. Apeiba tibourbou,cf_apeiba_tibourbou
cf. Apiaceae,cf_apiaceae
cf. Aquilegia,cf_aquilegia
cf. Arabis,cf_arabis
cf. Arabis glabra,cf_arabis_glabra
cf. Araceae,cf_araceae
cf. Araliaceae,cf_araliaceae
cf. Arceuthobium,cf_arceuthobium
cf. Arctostaphylos,cf_arctostaphylos
cf. Ardisia,cf_ardisia
cf. Arisaema,cf_arisaema
cf. Armeria,cf_armeria
cf. Armeria (type A),cf_armeria_type_a
cf. Artemisia,cf_artemisia
cf. Arum,cf_arum
cf. Asparagus,cf_asparagus
cf. Aspidosperma,cf_aspidosperma
cf. Astelia,cf_astelia
cf. Astragalus,cf_astragalus
cf. Astragalus-type,cf_astragalus_type
cf. Astronium fraxinifolium (type A),cf_astronium_fraxinifolium_type_a
cf. Astronium fraxinifolium (type B),cf_astronium_fraxinifolium_type_b
cf. Atriplex,cf_atriplex
cf. Avena,cf_avena
cf. Avena sativa,cf_avena_sativa
cf. Azorella,cf_azorella
cf. Badula,cf_badula
cf. Balanites,cf_balanites
cf. Balbisia,cf_balbisia
cf. Bauhinia,cf_bauhinia
cf. Begonia,cf_begonia
cf. Bellis,cf_bellis
cf. Bidens/Erigeron,cf_bidens_erigeron
cf. Bistorta bistortoides,cf_bistorta_bistortoides
cf. Bocconia,cf_bocconia
cf. Bomarea,cf_bomarea
cf. Boscia,cf_boscia
cf. Brassicaceae,cf_brassicaceae
cf. Brodiaea,cf_brodiaea
cf. Bursera,cf_bursera
cf. Cadaba,cf_cadaba
cf. Calceolaria,cf_calceolaria
cf. Caltha,cf_caltha
cf. Calystegia,cf_calystegia
cf. Campanula,cf_campanula
cf. Canarium,cf_canarium
cf. Cannabis,cf_cannabis
cf. Cannabis sativa,cf_cannabis_sativa
cf. Canthium,cf_canthium
cf. Capparis,cf_capparis
cf. Capsella,cf_capsella
cf. Carapa,cf_carapa
cf. Cardamine,cf_cardamine
cf. Carduus,cf_carduus
cf. Carex meridensis,cf_carex_meridensis
cf. Carica,cf_carica
cf. Carpinus,cf_carpinus
cf. Carya,cf_carya
cf. Caryophyllaceae,cf_caryophyllaceae
cf. Casearia,cf_casearia
cf. Cassia,cf_cassia
cf. Castanea,cf_castanea
cf. Castanopsis,cf_castanopsis
cf. Castilleja,cf_castilleja
cf. Casuarina equisetifolia,cf_casuarina_equisetifolia
cf. Caucalis,cf_caucalis
cf. Ceanothus,cf_ceanothus
cf. Ceanothus velutinus,cf_ceanothus_velutinus
cf. Cedrela,cf_cedrela
cf. Cedrus,cf_cedrus
cf. Ceiba,cf_ceiba
cf. Celastraceae,cf_celastraceae
cf. Celtis,cf_celtis
cf. Centaurea cyanus,cf_centaurea_cyanus
cf. Centaurea nigra-type,cf_centaurea_nigra_type
cf. Centaurium,cf_centaurium
cf. Cephalanthus,cf_cephalanthus
cf. Cerastium,cf_cerastium
cf. Ceratocapnos claviculata,cf_ceratocapnos_claviculata
cf. Cercis,cf_cercis
cf. Cercocarpus ledifolius,cf_cercocarpus_ledifolius
cf. Chamaesyce,cf_chamaesyce
cf. Chelidonium-type,cf_chelidonium_type
cf. Chrysanthemum,cf_chrysanthemum
cf. Chrysosplenium,cf_chrysosplenium
cf. Cirsium,cf_cirsium
cf. Cistaceae,cf_cistaceae
cf. Cleome,cf_cleome
cf. Clethra,cf_clethra
cf. Clusia,cf_clusia
cf. Coccoloba,cf_coccoloba
cf. Collinsia,cf_collinsia
cf. Convolvulus,cf_convolvulus
cf. Copaifera,cf_copaifera
cf. Corchorus,cf_corchorus
cf. Cornus,cf_cornus
cf. Corrigiola,cf_corrigiola
cf. Corydalis,cf_corydalis
cf. Couratari,cf_couratari
cf. Cupressaceae,cf_cupressaceae
cf. Cuscuta,cf_cuscuta
cf. Cuscuta europaea,cf_cuscuta_europaea
cf. Cyperaceae-type,cf_cyperaceae_type
cf. Cytisus,cf_cytisus
cf. Daphne,cf_daphne
cf. Descurainia,cf_descurainia
cf. Dialium,cf_dialium
cf. Diapensia lapponica,cf_diapensia_lapponica
cf. Digitalis,cf_digitalis
cf. Dioclea,cf_dioclea
cf. Dipsacus/Cephalaria,cf_dipsacus_cephalaria
cf. Dodecatheon,cf_dodecatheon
cf. Dorycnium,cf_dorycnium
cf. Dryas,cf_dryas
cf. Elaeagnaceae,cf_elaeagnaceae
cf. Elaeoluma,cf_elaeoluma
cf. Empetrum,cf_empetrum
cf. Ephedra fragilis,cf_ephedra_fragilis
cf. Epilobium,cf_epilobium
cf. Eriogonum,cf_eriogonum
cf. Erythroxylum,cf_erythroxylum
cf. Euphorbia,cf_euphorbia
cf. Euphorbiaceae,cf_euphorbiaceae
cf. Euphrasia,cf_euphrasia
cf. Fabaceae,cf_fabaceae
cf. Fabaceae (type 1),cf_fabaceae_type_1
cf. Fabaceae (type 2),cf_fabaceae_type_2
cf. Fabaceae (type 3),cf_fabaceae_type_3
cf. Fagus,cf_fagus
cf. Faramea,cf_faramea
cf. Ficus,cf_ficus
cf. Filipendula,cf_filipendula
cf. Flacourtia,cf_flacourtia
cf. Frangula,cf_frangula
cf. Frangula alnus,cf_frangula_alnus
cf. Fraxinus,cf_fraxinus
cf. Freycinetia,cf_freycinetia
cf. Fuchsia,cf_fuchsia
cf. Galeopsis,cf_galeopsis
cf. Genista,cf_genista
cf. Gentiana,cf_gentiana
cf. Gentiana pneumonanthe,cf_gentiana_pneumonanthe
cf. Gentianaceae,cf_gentianaceae
cf. Gentianella-type,cf_gentianella_type
cf. Gentianella campestris,cf_gentianella_campestris
cf. Geranium,cf_geranium
cf. Geum,cf_geum
cf. Gilia,cf_gilia
cf. Glyceria,cf_glyceria
cf. Gnaphalium,cf_gnaphalium
cf. Gossypium,cf_gossypium
cf. Guazuma,cf_guazuma
cf. Hedysarum,cf_hedysarum
cf. Heisteria,cf_heisteria
cf. Helianthemum,cf_helianthemum
cf. Heliotropium/Lafoensia,cf_heliotropium_lafoensia
cf. Heracleum sphondylium,cf_heracleum_sphondylium
cf. Herniaria,cf_herniaria
cf. Heuchera richardsonii,cf_heuchera_richardsonii
cf. Hieracium,cf_hieracium
cf. Hippomane,cf_hippomane
cf. Hippophae rhamnoides,cf_hippophae_rhamnoides
cf. Homalium,cf_homalium
cf. Hordeum,cf_hordeum
cf. Hornungia-type,cf_hornungia_type
cf. Humulus,cf_humulus
cf. Humulus lupulus,cf_humulus_lupulus
cf. Hypericum,cf_hypericum
cf. Hypericum-type,cf_hypericum_type
cf. Hyptis,cf_hyptis
cf. Iberis,cf_iberis
cf. Ilex,cf_ilex
cf. Juglans,cf_juglans
cf. Juncus,cf_juncus
cf. Juniperus,cf_juniperus
cf. Knautia,cf_knautia
cf. Lachemilla,cf_lachemilla
cf. Laguncularia,cf_laguncularia
cf. Lamiaceae,cf_lamiaceae
cf. Lamium,cf_lamium
cf. Lamium-type,cf_lamium_type
cf. Larix,cf_larix
cf. Larix-type,cf_larix_type
cf. Lathyrus,cf_lathyrus
cf. Leonardoxa,cf_leonardoxa
cf. Lewisia,cf_lewisia
cf. Ligusticum,cf_ligusticum
cf. Liliaceae,cf_liliaceae
cf. Limodorum,cf_limodorum
cf. Limosella aquatica,cf_limosella_aquatica
cf. Linanthus,cf_linanthus
cf. Linum,cf_linum
cf. Littorella,cf_littorella
cf. Lobelia,cf_lobelia
cf. Lobelia siphilitica,cf_lobelia_siphilitica
cf. Lonicera,cf_lonicera
cf. Loranthaceae,cf_loranthaceae
cf. Lotus,cf_lotus
cf. Lupinus,cf_lupinus
cf. Lycopsis arvensis,cf_lycopsis_arvensis
cf. Lysimachia,cf_lysimachia
cf. Lysimachia vulgaris-type,cf_lysimachia_vulgaris_type
cf. Macherium (type 7),cf_macherium_type_7
cf. Maianthemum,cf_maianthemum
cf. Malpighiaceae,cf_malpighiaceae
cf. Malus,cf_malus
cf. Medicago,cf_medicago
cf. Melampyrum,cf_melampyrum
cf. Melia,cf_melia
cf. Meliaceae,cf_meliaceae
cf. Meliaceae/Sapotaceae,cf_meliaceae_sapotaceae
cf. Melochia,cf_melochia
cf. Mentha,cf_mentha
cf. Mercurialis,cf_mercurialis
cf. Mertensia paniculata,cf_mertensia_paniculata
cf. Mesembryanthemum,cf_mesembryanthemum
cf. Microtea,cf_microtea
cf. mimosoid clade,cf_mimosoid_clade
cf. Mirabilis,cf_mirabilis
cf. Montia,cf_montia
cf. Montia-type,cf_montia_type
cf. Morus,cf_morus
cf. Myosotis-type,cf_myosotis_type
cf. Myrica,cf_myrica
cf. Myricaria germanica,cf_myricaria_germanica
cf. Myrsine (tricolpate),cf_myrsine_tricolpate
cf. Myrtus,cf_myrtus
cf. Nemopanthus,cf_nemopanthus
cf. Nyssa,cf_nyssa
cf. Ochna,cf_ochna
cf. Odontites,cf_odontites
cf. Olea,cf_olea
cf. Onagraceae type,cf_onagraceae_type
cf. Orobanche,cf_orobanche
cf. Ostrya/Carpinus,cf_ostrya_carpinus
cf. Oxalis,cf_oxalis
cf. Oxyria,cf_oxyria
cf. Oxyria digyna,cf_oxyria_digyna
cf. Oxyria/Rumex acetosa,cf_oxyria_rumex_acetosa
cf. Oxytropis,cf_oxytropis
cf. Palicourea,cf_palicourea
cf. Pandanus,cf_pandanus
cf. Papaver,cf_papaver
cf. Papaveraceae,cf_papaveraceae
cf. Parnassia,cf_parnassia
cf. Parthenocissus,cf_parthenocissus
cf. Pedicularis,cf_pedicularis
cf. Pemphis,cf_pemphis
cf. Penthorum sedoides,cf_penthorum_sedoides
cf. Persicaria,cf_persicaria
cf. Persicaria amphibia,cf_persicaria_amphibia
cf. Peucedanum,cf_peucedanum
cf. Peucedanum-type,cf_peucedanum_type
cf. Phacelia,cf_phacelia
cf. Phacelia hastata,cf_phacelia_hastata
cf. Phillyrea,cf_phillyrea
cf. Phlomis,cf_phlomis
cf. Phlox,cf_phlox
cf. Phyllocladus,cf_phyllocladus
cf. Physalis,cf_physalis
cf. Pimpinella major-type,cf_pimpinella_major_type
cf. Piperaceae,cf_piperaceae
cf. Pistacia,cf_pistacia
cf. Pisum,cf_pisum
cf. Plantago,cf_plantago
cf. Platanus,cf_platanus
cf. Podophyllum,cf_podophyllum
cf. Polemonium,cf_polemonium
cf. Polygala,cf_polygala
cf. Polygonaceae,cf_polygonaceae
cf. Polygonum,cf_polygonum
cf. Populus,cf_populus
cf. Populus tremula,cf_populus_tremula
cf. Portulaca,cf_portulaca
cf. Portulaca oleracea,cf_portulaca_oleracea
cf. Poterium sanguisorba,cf_poterium_sanguisorba
cf. Pouteria,cf_pouteria
cf. Primula,cf_primula
cf. Protium,cf_protium
cf. Prunus,cf_prunus
cf. Psychotria,cf_psychotria
cf. Psydrax,cf_psydrax
cf. Pterocarya,cf_pterocarya
cf. Pterocarya fraxinifolia,cf_pterocarya_fraxinifolia
cf. Pterocarya/Juglans,cf_pterocarya_juglans
cf. Pyrus,cf_pyrus
cf. Quercus,cf_quercus
cf. Quintinia,cf_quintinia
cf. Ranunculaceae,cf_ranunculaceae
cf. Ranunculus,cf_ranunculus
cf. Rapanea,cf_rapanea
cf. Raphanus,cf_raphanus
cf. Resedaceae,cf_resedaceae
cf. Rhamnaceae,cf_rhamnaceae
cf. Rhamnus,cf_rhamnus
cf. Rhamnus alnifolia,cf_rhamnus_alnifolia
cf. Rheum,cf_rheum
cf. Rhinanthus,cf_rhinanthus
cf. Rhinanthus-type,cf_rhinanthus_type
cf. Rhizophora,cf_rhizophora
cf. Rhododendron,cf_rhododendron
cf. Rhododendron lapponicum,cf_rhododendron_lapponicum
cf. Rhododendron subsect. Ledum,cf_rhododendron_subsect_ledum
cf. Rhus,cf_rhus
cf. Ribes,cf_ribes
cf. Ricinus communis,cf_ricinus_communis
cf. Rorippa,cf_rorippa
cf. Rosa,cf_rosa
cf. Rosaceae,cf_rosaceae
cf. Rubiaceae,cf_rubiaceae
cf. Rubus,cf_rubus
cf. Rubus arcticus,cf_rubus_arcticus
cf. Rubus chamaemorus,cf_rubus_chamaemorus
cf. Rubus idaeus,cf_rubus_idaeus
cf. Rumex,cf_rumex
cf. Rumex undiff.,cf_rumex_undiff
cf. Ruta,cf_ruta
cf. Rutaceae,cf_rutaceae
cf. Sagina,cf_sagina
cf. Salix,cf_salix
cf. Salix herbacea,cf_salix_herbacea
cf. Salix polaris,cf_salix_polaris
cf. Sambucus,cf_sambucus
cf. Sambucus nigra,cf_sambucus_nigra
cf. Sambucus racemosa,cf_sambucus_racemosa
cf. Samolus,cf_samolus
cf. Sanguisorba,cf_sanguisorba
cf. Sapindaceae,cf_sapindaceae
cf. Sapium,cf_sapium
cf. Sapotaceae,cf_sapotaceae
cf. Sarcobatus vermiculatus,cf_sarcobatus_vermiculatus
cf. Saussurea,cf_saussurea
cf. Saxifraga,cf_saxifraga
cf. Saxifraga granulata,cf_saxifraga_granulata
cf. Saxifraga oppositifolia,cf_saxifraga_oppositifolia
cf. Saxifraga oppositifolia-type,cf_saxifraga_oppositifolia_type
cf. Saxifraga stellaris-type,cf_saxifraga_stellaris_type
cf. Saxifragaceae,cf_saxifragaceae
cf. Schefflera,cf_schefflera
cf. Scleranthus,cf_scleranthus
cf. Scolopia,cf_scolopia
cf. Scrophulariaceae,cf_scrophulariaceae
cf. Scutellaria,cf_scutellaria
cf. Sebastiania,cf_sebastiania
cf. Secale,cf_secale
cf. Sedum,cf_sedum
cf. Sedum-type,cf_sedum_type
cf. Senecio,cf_senecio
cf. Shepherdia,cf_shepherdia
cf. Silene,cf_silene
cf. Simarouba amara,cf_simarouba_amara
cf. Solanaceae,cf_solanaceae
cf. Solanum dulcamara,cf_solanum_dulcamara
cf. Sorbus,cf_sorbus
cf. Sorbus aucuparia,cf_sorbus_aucuparia
cf. Spondias,cf_spondias
cf. Stachys,cf_stachys
cf. Stachys glutinosa,cf_stachys_glutinosa
cf. Stachytarpheta,cf_stachytarpheta
cf. Stadmania,cf_stadmania
cf. Stellaria,cf_stellaria
cf. Sterculia,cf_sterculia
cf. Streblus,cf_streblus
cf. Succisa,cf_succisa
cf. Swertia,cf_swertia
cf. Symmeria,cf_symmeria
cf. Tabernaemontana,cf_tabernaemontana
cf. Tachigali,cf_tachigali
cf. Talisia,cf_talisia
cf. Tanaecium,cf_tanaecium
cf. Taraxacum,cf_taraxacum
cf. Taxus,cf_taxus
cf. Thalictrum,cf_thalictrum
cf. Thalictrum-type,cf_thalictrum_type
cf. Thrinax/Iriartea,cf_thrinax_iriartea
cf. Thymelaeaceae,cf_thymelaeaceae
cf. Thymus,cf_thymus
cf. Tofieldia,cf_tofieldia
cf. Trema,cf_trema
cf. Trema/Lozanella,cf_trema_lozanella
cf. Trichilia,cf_trichilia
cf. Tripsacum,cf_tripsacum
cf. Tristerix,cf_tristerix
cf. Triticum,cf_triticum
cf. Triticum turgidum subsp. dicoccon,cf_triticum_turgidum_subsp_dicoccon
cf. Trollius europaeus,cf_trollius_europaeus
cf. Tsuga,cf_tsuga
cf. Tussilago,cf_tussilago
cf. Tynanthus,cf_tynanthus
cf. Ulmus sp.,cf_ulmus_sp
cf. Urtica,cf_urtica
cf. Vaccinium,cf_vaccinium
cf. Valeriana,cf_valeriana
cf. Veratrum,cf_veratrum
cf. Verbascum,cf_verbascum
cf. Verbena,cf_verbena
cf. Verbenaceae,cf_verbenaceae
cf. Vernonia,cf_vernonia
cf. Veronica,cf_veronica
cf. Veronicastrum virginicum,cf_veronicastrum_virginicum
cf. Viburnum,cf_viburnum
cf. Viburnum opulus,cf_viburnum_opulus
cf. Vicia-type,cf_vicia_type
cf. Viola,cf_viola
cf. Viscum,cf_viscum
cf. Vitex,cf_vitex
cf. Vitis,cf_vitis
cf. Weinmannia,cf_weinmannia
cf. Xanthium,cf_xanthium
cf. Xanthium-type,cf_xanthium_type
cf. Zamia,cf_zamia
cf. Zanthoxylum,cf_zanthoxylum
cf. Zelkova,cf_zelkova
cf. Ziziphus,cf_ziziphus
cf. Zollernia,cf_zollernia
Chaenactis,chaenactis
Chaerophyllum,chaerophyllum
Chaerophyllum-type,chaerophyllum_type
Chaerophyllum aureum,chaerophyllum_aureum
Chaerophyllum bulbosum,chaerophyllum_bulbosum
Chaerophyllum bulbosum-type,chaerophyllum_bulbosum_type
Chaerophyllum hirsutum,chaerophyllum_hirsutum
Chaerophyllum hirsutum-type,chaerophyllum_hirsutum_type
Chaerophyllum temulum,chaerophyllum_temulum
Chaerophyllum temulum-type,chaerophyllum_temulum_type
Chaetachme,chaetachme
Chaetachme aristata,chaetachme_aristata
Chamaebatiaria millefolium,chamaebatiaria_millefolium
Chamaecrista,chamaecrista
Chamaecrista-type,chamaecrista_type
Chamaecrista-type mimosoides,chamaecrista_type_mimosoides
Chamaecrista fasciculata-type,chamaecrista_fasciculata_type
Chamaecyparis-type,chamaecyparis_type
Chamaecyparis thyoides,chamaecyparis_thyoides
Chamaedaphne,chamaedaphne
Chamaedaphne calyculata,chamaedaphne_calyculata
Chamaedorea,chamaedorea
Chamaenerion,chamaenerion
Chamaenerion-type,chamaenerion_type
Chamaenerion angustifolium,chamaenerion_angustifolium
Chamaenerion angustifolium-type,chamaenerion_angustifolium_type
Chamaenerion latifolium,chamaenerion_latifolium
Chamaerops,chamaerops
Chamaerops humilis,chamaerops_humilis
Chamaesyce,chamaesyce
Chamaesyce-type,chamaesyce_type
Chamaesyce (type 1),chamaesyce_type_1
Chamaesyce (type 2),chamaesyce_type_2
Chamaesyce (type 3),chamaesyce_type_3
Chamaesyce (type 4),chamaesyce_type_4
Chamissoa,chamissoa
Chamissoa-type,chamissoa_type
Chaptalia,chaptalia
Chardinia,chardinia
Chassalia,chassalia
Cheiloclinium,cheiloclinium
Chelidonium,chelidonium
Chelidonium-type,chelidonium_type
Chelidonium majus,chelidonium_majus
Chelonanthus,chelonanthus
Chelyocarpus,chelyocarpus
Chenopodiaceae sensu stricto,chenopodiaceae_sensu_stricto
Chenopodium,chenopodium
Chenopodium-type,chenopodium_type
Chenopodium album,chenopodium_album
Chenopodium album-type,chenopodium_album_type
Chenopodium quinoa-type,chenopodium_quinoa_type
Chenopodium sp.,chenopodium_sp
Chenopodium undiff.,chenopodium_undiff
Chenopodium/Amaranthus,chenopodium_amaranthus
Chimaphila,chimaphila
Chiococca,chiococca
Chionogentias,chionogentias
Chironia,chironia
Chloraea,chloraea
Chloranthaceae,chloranthaceae
Chloranthaceae undiff.,chloranthaceae_undiff
Chlorophytum,chlorophytum
Chlorophytum-type,chlorophytum_type
Chomelia,chomelia
Chomelia-type,chomelia_type
Chorizandra,chorizandra
Chrozophora,chrozophora
Chrozophora brocchiana-type,chrozophora_brocchiana_type
Chrozophora tinctoria,chrozophora_tinctoria
Chrysanthemum,chrysanthemum
Chrysanthemum-type,chrysanthemum_type
Chrysobalanaceae,chrysobalanaceae
Chrysobalanaceae undiff.,chrysobalanaceae_undiff
Chrysobalanus,chrysobalanus
Chrysobalanus-type,chrysobalanus_type
Chrysobalanus/Parinari,chrysobalanus_parinari
Chrysolepis,chrysolepis
Chrysolepis-type,chrysolepis_type
Chrysolepis/Lithocarpus,chrysolepis_lithocarpus
Chrysophyllum,chrysophyllum
Chrysophyllum bangweolense-type,chrysophyllum_bangweolense_type
Chrysophyllum marginatum,chrysophyllum_marginatum
Chrysophyllum undiff.,chrysophyllum_undiff
Chrysophyllum viride-type,chrysophyllum_viride_type
Chrysosplenium,chrysosplenium
Chrysosplenium-type,chrysosplenium_type
Chrysosplenium alternifolium,chrysosplenium_alternifolium
Chrysosplenium oppositifolium,chrysosplenium_oppositifolium
Chrysosplenium undiff.,chrysosplenium_undiff
Chrysothamnus-type,chrysothamnus_type
Cicendia,cicendia
Cicendia filiformis,cicendia_filiformis
Cicer arietinum,cicer_arietinum
Cichorieae,cichorieae
Cichorieae undiff.,cichorieae_undiff
Cichorioideae,cichorioideae
Cichorioideae-type,cichorioideae_type
Cichorioideae undiff.,cichorioideae_undiff
Cichorium,cichorium
Cichorium-type,cichorium_type
Cichorium intybus-type,cichorium_intybus_type
Cicuta virosa,cicuta_virosa
Cicuta virosa-type,cicuta_virosa_type
Circaea,circaea
Circaea-type,circaea_type
Circaea alpina,circaea_alpina
Circaea lutetiana,circaea_lutetiana
Circaea lutetiana-type,circaea_lutetiana_type
Cirsium,cirsium
Cirsium-type,cirsium_type
Cirsium acaulon,cirsium_acaulon
Cirsium cf. C. oleraceum,cirsium_cf_c_oleraceum
Cirsium cf. C. palustre,cirsium_cf_c_palustre
Cirsium helenioides,cirsium_helenioides
Cirsium sp.,cirsium_sp
Cirsium/Carduus,cirsium_carduus
Cirsium/Carduus-type,cirsium_carduus_type
Cirsium/Gundelia,cirsium_gundelia
Cissampelos,cissampelos
Cissampelos-type,cissampelos_type
Cissampelos-type mucronata,cissampelos_type_mucronata
Cissampelos cf. C. mucronata,cissampelos_cf_c_mucronata
Cissampelos mucronata,cissampelos_mucronata
Cissampelos mucronata-type,cissampelos_mucronata_type
Cissus,cissus
Cissus-type,cissus_type
Cissus-type quadrangularis,cissus_type_quadrangularis
Cissus quadrangularis-type,cissus_quadrangularis_type
Cissus striata,cissus_striata
Cistaceae,cistaceae
Cistaceae undiff.,cistaceae_undiff
Cistanche,cistanche
Cistanthe,cistanthe
Cistus,cistus
Cistus-type,cistus_type
Cistus albidus-type,cistus_albidus_type
Cistus cf. C. albidus,cistus_cf_c_albidus
Cistus cf. C. incanus,cistus_cf_c_incanus
Cistus ladanifer,cistus_ladanifer
Cistus ladanifer-type,cistus_ladanifer_type
Cistus monspeliensis,cistus_monspeliensis
Cistus monspeliensis-type,cistus_monspeliensis_type
Cistus salviifolius,cistus_salviifolius
Cistus salviifolius-type,cistus_salviifolius_type
Cistus undiff.,cistus_undiff
Citrullus,citrullus
Citrus,citrus
Claoxylon,claoxylon
Claoxylon-type,claoxylon_type
Classopollis,classopollis
Clathrotropis nitida-type,clathrotropis_nitida_type
Clausena,clausena
Clausena-type anisata,clausena_type_anisata
Clausena anisata,clausena_anisata
Claytonia,claytonia
Claytonia-type,claytonia_type
Claytonia acutifolia,claytonia_acutifolia
Claytonia arctica,claytonia_arctica
Claytonia sarmentosa,claytonia_sarmentosa
Claytonia undiff.,claytonia_undiff
Claytoniella vassilievii,claytoniella_vassilievii
Cleidion,cleidion
Cleistanthus,cleistanthus
Cleistanthus-type,cleistanthus_type
Cleistanthus-type libericus,cleistanthus_type_libericus
Cleistanthus-type polystachyus,cleistanthus_type_polystachyus
Cleistocalyx,cleistocalyx
Clematis,clematis
Clematis-type,clematis_type
Clematis hirsuta,clematis_hirsuta
Clematis mauritiana-type,clematis_mauritiana_type
Clematis vitalba group,clematis_vitalba_group
Cleome,cleome
Cleome-type,cleome_type
Cleome-type gynandra,cleome_type_gynandra
Cleome africana,cleome_africana
Cleome gynandra,cleome_gynandra
Clerodendrum,clerodendrum
Clerodendrum floribundum,clerodendrum_floribundum
Clethra,clethra
Clethra-type,clethra_type
Clethra (type 2),clethra_type_2
Clethra undiff.,clethra_undiff
Clethraceae,clethraceae
Clibadium,clibadium
Clidemia,clidemia
Cliffortia,cliffortia
Cliffortia nitidula,cliffortia_nitidula
Cliffortia nitidula-type,cliffortia_nitidula_type
Clinopodium paradoxum,clinopodium_paradoxum
Clitandra,clitandra
Clitoria,clitoria
Clusia,clusia
Clusia-type,clusia_type
Clusia criuva,clusia_criuva
Clusiaceae,clusiaceae
Clusiaceae undiff.,clusiaceae_undiff
Clusiaceae/Hypericaceae cf. Hypericum,clusiaceae_hypericaceae_cf_hypericum
Clusiella sp.,clusiella_sp
Clutia,clutia
Clutia-type,clutia_type
Clutia abyssinica,clutia_abyssinica
Cnestidium,cnestidium
Cnestis,cnestis
Cnestis-type,cnestis_type
Cnidium,cnidium
Coccinia,coccinia
Coccinia-type,coccinia_type
Coccinia-type grandis,coccinia_type_grandis
Coccocypselum,coccocypselum
Coccocypselum sp.,coccocypselum_sp
Coccocypselum/Declieuxia,coccocypselum_declieuxia
Coccoloba,coccoloba
Coccoloba-type,coccoloba_type
Cocculus,cocculus
Cocculus-type,cocculus_type
Cocculus-type hirsutus,cocculus_type_hirsutus
Cocculus hirsutus-type,cocculus_hirsutus_type
Cocculus pendulus,cocculus_pendulus
Cocculus pendulus-type,cocculus_pendulus_type
Cochlospermum,cochlospermum
Cocos,cocos
Cocos nucifera,cocos_nucifera
Codia,codia
Codonocarpus,codonocarpus
Codonocarpus cotinifolius,codonocarpus_cotinifolius
Codonopsis,codonopsis
Coffea,coffea
Coffea-type,coffea_type
Cola,cola
Cola cf. C. cordifolia,cola_cf_c_cordifolia
Colchicum,colchicum
Colchicum-type,colchicum_type
Colchicum autumnale,colchicum_autumnale
Colchicum autumnale-type,colchicum_autumnale_type
Colchicum filifolium-type,colchicum_filifolium_type
Colchicum montanum,colchicum_montanum
Coleus,coleus
Coleus-type otostegioides,coleus_type_otostegioides
Colignonia,colignonia
Colignonia-type,colignonia_type
Collaea,collaea
Colletia,colletia
Collospermum,collospermum
Colobanthus,colobanthus
Colobanthus-type,colobanthus_type
Colocasia,colocasia
Colocasia esculenta,colocasia_esculenta
Colophospermum mopane,colophospermum_mopane
Colubrina,colubrina
Comandra,comandra
Comandra umbellata subsp. elegans,comandra_umbellata_subsp_elegans
Comarum-type,comarum_type
Comarum palustre-type,comarum_palustre_type
Combretaceae,combretaceae
Combretaceae-type,combretaceae_type
Combretaceae cf. Terminalia-type,combretaceae_cf_terminalia_type
Combretaceae undiff.,combretaceae_undiff
Combretaceae/Melastomataceae,combretaceae_melastomataceae
Combretaceae/Melastomataceae-type,combretaceae_melastomataceae_type
Combretaceae/Melastomataceae undiff.,combretaceae_melastomataceae_undiff
Combretum,combretum
Combretum-type,combretum_type
Combretum-type (C. molle),combretum_type_c_molle
Combretum-type molle,combretum_type_molle
Combretum aculeatum,combretum_aculeatum
Combretum aculeatum-type,combretum_aculeatum_type
Combretum glutinosum,combretum_glutinosum
Combretum molle-type,combretum_molle_type
Combretum paniculatum,combretum_paniculatum
Comesperma,comesperma
Commelina,commelina
Commelina-type,commelina_type
Commelina-type (C. benghalensis),commelina_type_c_benghalensis
Commelina-type benghalensis,commelina_type_benghalensis
Commelina-type capitata,commelina_type_capitata
Commelina-type forsskaolii,commelina_type_forsskaolii
Commelina benghalensis,commelina_benghalensis
Commelina benghalensis-type,commelina_benghalensis_type
Commelina forskaolii,commelina_forskaolii
Commelina forskaolii-type,commelina_forskaolii_type
Commelinaceae,commelinaceae
Commelinaceae undiff.,commelinaceae_undiff
Commersonia,commersonia
Commicarpus,commicarpus
Commicarpus-type,commicarpus_type
Commiphora,commiphora
Commiphora-type,commiphora_type
Commiphora africana,commiphora_africana
Commiphora africana-type,commiphora_africana_type
Commiphora edulis-type,commiphora_edulis_type
Commiphora edulis subsp. boiviniana-type,commiphora_edulis_subsp_boiviniana_type
Comptonia,comptonia
Comptonia peregrina,comptonia_peregrina
Conceveibum,conceveibum
Conceveibum cordatum,conceveibum_cordatum
Coniferae,coniferae
Coniferae-type,coniferae_type
Coniferae (saccate),coniferae_saccate
Coniferae undiff.,coniferae_undiff
Conioselinum,conioselinum
Conium-type,conium_type
Conium maculatum,conium_maculatum
Conium maculatum-type,conium_maculatum_type
Connaraceae,connaraceae
Connarus,connarus
Connarus-type,connarus_type
Conocarpus,conocarpus
Conocarpus-type,conocarpus_type
Conocarpus erectus,conocarpus_erectus
Conopodium-type,conopodium_type
Conopodium majus,conopodium_majus
Consolida,consolida
Consolida-type,consolida_type
Consolida ambigua-type,consolida_ambigua_type
Consolida regalis-type,consolida_regalis_type
Convallaria,convallaria
Convallaria-type,convallaria_type
Convallaria majalis,convallaria_majalis
Convolvulaceae,convolvulaceae
Convolvulaceae (type 1),convolvulaceae_type_1
Convolvulaceae (type 2),convolvulaceae_type_2
Convolvulaceae undiff.,convolvulaceae_undiff
Convolvulaceae/Malvaceae,convolvulaceae_malvaceae
Convolvulus,convolvulus
Convolvulus-type,convolvulus_type
Convolvulus arvensis,convolvulus_arvensis
Convolvulus arvensis-type,convolvulus_arvensis_type
Convolvulus undiff.,convolvulus_undiff
Conyza,conyza
Copaifera,copaifera
Copaifera-type,copaifera_type
Copaifera aff. C. coriacea,copaifera_aff_c_coriacea
Copernicia,copernicia
Coprosma,coprosma
Coprosma/Opercularia,coprosma_opercularia
Coprosma/Pomax,coprosma_pomax
Coptis,coptis
Coptis-type,coptis_type
Coptis aspleniifolia,coptis_aspleniifolia
Coptis trifolia,coptis_trifolia
Coptosperma-type (C. graveolens),coptosperma_type_c_graveolens
Coptosperma-type graveolens,coptosperma_type_graveolens
Corchorus,corchorus
Corchorus-type,corchorus_type
Corchorus-type fascicularis,corchorus_type_fascicularis
Corchorus hirsutus,corchorus_hirsutus
Cordia,cordia
Cordia-type,cordia_type
Cordia (type 1),cordia_type_1
Cordia (type 2),cordia_type_2
Cordia africana-type,cordia_africana_type
Cordia alliodora,cordia_alliodora
Cordia americana,cordia_americana
Cordia cf. C. bicolor,cordia_cf_c_bicolor
Cordia cf. C. cylindrostachya,cordia_cf_c_cylindrostachya
Cordia cylindrostachya,cordia_cylindrostachya
Cordia cylindrostachya-type,cordia_cylindrostachya_type
Cordia gerascanthus-type,cordia_gerascanthus_type
Cordia platythyrsa-type,cordia_platythyrsa_type
Cordia/Bourreria-type,cordia_bourreria_type
Cordia/Hilsenbergia-type,cordia_hilsenbergia_type
Cordyline,cordyline
Coriandrum sativum,coriandrum_sativum
Coriandrum sp.,coriandrum_sp
Coriaria,coriaria
Coriaria myrtifolia,coriaria_myrtifolia
Cornaceae,cornaceae
Cornaceae-type,cornaceae_type
Cornulaca,cornulaca
Cornulaca-type,cornulaca_type
Cornulaca monacantha,cornulaca_monacantha
Cornulaca/Aerva,cornulaca_aerva
Cornus,cornus
Cornus-type,cornus_type
Cornus alternifolia,cornus_alternifolia
Cornus amomum-type,cornus_amomum_type
Cornus canadensis,cornus_canadensis
Cornus canadensis-type,cornus_canadensis_type
Cornus cf. C. rugosa,cornus_cf_c_rugosa
Cornus cf. C. sericea,cornus_cf_c_sericea
Cornus cf. C. suecica,cornus_cf_c_suecica
Cornus florida,cornus_florida
Cornus mas,cornus_mas
Cornus mas-type,cornus_mas_type
Cornus mas/C. suecica,cornus_mas_c_suecica
Cornus racemosa,cornus_racemosa
Cornus rugosa,cornus_rugosa
Cornus sanguinea,cornus_sanguinea
Cornus sanguinea-type,cornus_sanguinea_type
Cornus sericea,cornus_sericea
Cornus sericea-type,cornus_sericea_type
Cornus subg. Afrocrania,cornus_subg_afrocrania
Cornus subg. Thelycrania,cornus_subg_thelycrania
Cornus suecica,cornus_suecica
Cornus suecica-type,cornus_suecica_type
Cornus suecica (thick wall),cornus_suecica_thick_wall
Cornus unalaschkensis,cornus_unalaschkensis
Cornus undiff.,cornus_undiff
Cornus volkensii,cornus_volkensii
Coronilla,coronilla
Coronilla-type,coronilla_type
Coronilla varia-type,coronilla_varia_type
Correa,correa
Corrigiola litoralis,corrigiola_litoralis
Corrigiola litoralis-type,corrigiola_litoralis_type
Corrigiola telephiifolia,corrigiola_telephiifolia
Corrigiola telephiifolia-type,corrigiola_telephiifolia_type
Corydalis,corydalis
Corydalis cava-type,corydalis_cava_type
Corydalis pumila-type,corydalis_pumila_type
Corydalis solida-type,corydalis_solida_type
Corylus,corylus
Corylus-type,corylus_type
Corylus (corroded),corylus_corroded
Corylus americana,corylus_americana
Corylus avellana,corylus_avellana
Corylus avellana-type,corylus_avellana_type
Corylus cornuta,corylus_cornuta
Corylus/Myrica,corylus_myrica
Corylus/Myrica undiff.,corylus_myrica_undiff
Corymbia intermedia,corymbia_intermedia
Corymbia ptychocarpa,corymbia_ptychocarpa
Corymbia terminalis,corymbia_terminalis
Corynocarpus,corynocarpus
Costus,costus
Cotinus-type,cotinus_type
Cotinus coggygria,cotinus_coggygria
Cotoneaster,cotoneaster
Cotoneaster-type,cotoneaster_type
Cotula,cotula
Cotula anthemoides,cotula_anthemoides
Couepia,couepia
Couepia sp.,couepia_sp
Coula edulis,coula_edulis
Couratari,couratari
Cousinia,cousinia
Cousinia-type,cousinia_type
Coussapoa,coussapoa
Coussarea,coussarea
Coutarea,coutarea
Coutoubea-type,coutoubea_type
Crassocephalum,crassocephalum
Crassocephalum-type (C. montuosum),crassocephalum_type_c_montuosum
Crassocephalum-type montuosum,crassocephalum_type_montuosum
Crassocephalum montuosum-type,crassocephalum_montuosum_type
Crassula,crassula
Crassula-type,crassula_type
Crassula granvikii-type,crassula_granvikii_type
Crassula macrantha,crassula_macrantha
Crassula sieberiana,crassula_sieberiana
Crassulaceae,crassulaceae
Crassulaceae undiff.,crassulaceae_undiff
Crassulaceae?,crassulaceae_2
Crataegus,crataegus
Crataegus-type,crataegus_type
Crataegus monogyna,crataegus_monogyna
Craterispermum,craterispermum
Craterispermum-type,craterispermum_type
Crateva,crateva
Crateva-type adansonii,crateva_type_adansonii
Crateva adansonii,crateva_adansonii
Cremastosperma,cremastosperma
Crenea-type,crenea_type
Crepis,crepis
Crepis-type,crepis_type
Crescentia,crescentia
Cressa,cressa
Cressa-type,cressa_type
Cressa-type (C. cretica),cressa_type_c_cretica
Crinum-type,crinum_type
Crinum natans-type,crinum_natans_type
Crocus,crocus
Crocus-type,crocus_type
Crocus vernus,crocus_vernus
Crossopetalum,crossopetalum
Crossopetalum rhacoma,crossopetalum_rhacoma
Crossopteryx-type,crossopteryx_type
Crossopteryx-type febrifuga,crossopteryx_type_febrifuga
Crossopteryx febrifuga,crossopteryx_febrifuga
Crotalaria,crotalaria
Crotalaria-type,crotalaria_type
Croton,croton
Croton-type,croton_type
Croton-type I,croton_type_i
Croton-type II,croton_type_ii
Croton-type III,croton_type_iii
Croton comp.,croton_comp
Croton fianarantsoae,croton_fianarantsoae
Croton hirtus,croton_hirtus
Croton macrobuxus,croton_macrobuxus
Croton sect. Julocroton,croton_sect_julocroton
Croton sp.,croton_sp
Croton undiff.,croton_undiff
Croton/Neoboutonia,croton_neoboutonia
Crotonoideae,crotonoideae
Crudia,crudia
Crudia-type,crudia_type
Crudia-type (C. zenkeri),crudia_type_c_zenkeri
Crudia-type gabonensis,crudia_type_gabonensis
Crudia amazonica,crudia_amazonica
Crupina,crupina
Crupina-type,crupina_type
Cryosophila,cryosophila
Cryptandra,cryptandra
Cryptandra spinescens,cryptandra_spinescens
Cryptantha,cryptantha
Cryptocarpus,cryptocarpus
Cryptomeria,cryptomeria
Cucumis,cucumis
Cucumis-type,cucumis_type
Cucumis-type dipsaceus,cucumis_type_dipsaceus
Cucumis dipsaceus-type,cucumis_dipsaceus_type
Cucumis sativus,cucumis_sativus
Cucurbita,cucurbita
Cucurbita maxima,cucurbita_maxima
Cucurbita pepo,cucurbita_pepo
Cucurbitaceae,cucurbitaceae
Cucurbitaceae undiff.,cucurbitaceae_undiff
Culcasia scandens,culcasia_scandens
Cunoniaceae,cunoniaceae
Cunoniaceae-type,cunoniaceae_type
Cunoniaceae (dicolpate),cunoniaceae_dicolpate
Cunoniaceae (tricolpate),cunoniaceae_tricolpate
Cunoniaceae cf. Weinmannia,cunoniaceae_cf_weinmannia
Cunoniaceae/Elaeocarpaceae,cunoniaceae_elaeocarpaceae
Cupania,cupania
Cupania (type 1),cupania_type_1
Cupania (type 2),cupania_type_2
Cupania (type 3),cupania_type_3
Cupaniopsis,cupaniopsis
Cuphea,cuphea
Cuphea (type 1),cuphea_type_1
Cuphea (type 3),cuphea_type_3
Cuphea (type A),cuphea_type_a
Cuphea (type B),cuphea_type_b
Cuphea carthagenensis,cuphea_carthagenensis
Cuphea cf. C. ingrata,cuphea_cf_c_ingrata
Cuphea cf. C. urbaniana,cuphea_cf_c_urbaniana
Cuphea micrantha,cuphea_micrantha
Cupressaceae,cupressaceae
Cupressaceae-type,cupressaceae_type
Cupressaceae cf. Thuja occidentalis,cupressaceae_cf_thuja_occidentalis
Cupressaceae undiff.,cupressaceae_undiff
Cupressaceae/Taxaceae,cupressaceae_taxaceae
Cupressaceae/Taxaceae undiff.,cupressaceae_taxaceae_undiff
Cupressus,cupressus
Cupressus lusitanica,cupressus_lusitanica
Curatella,curatella
Curatella-type,curatella_type
Curatella americana,curatella_americana
Curatella americana (type 1),curatella_americana_type_1
Curatella americana (type 2),curatella_americana_type_2
Curatella americana (type 3),curatella_americana_type_3
Cuscuta,cuscuta
Cuscuta-type,cuscuta_type
Cuscuta europaea,cuscuta_europaea
Cuscuta europaea-type,cuscuta_europaea_type
Cuscuta lupuliformis,cuscuta_lupuliformis
Cussonia,cussonia
Cussonia-type,cussonia_type
Cussonia arborea-type,cussonia_arborea_type
Cussonia/Schefflera,cussonia_schefflera
Cyanus mollis-type,cyanus_mollis_type
Cyanus triumfettii,cyanus_triumfettii
Cyanus triumfettii-type,cyanus_triumfettii_type
Cyathula,cyathula
Cyathula-type,cyathula_type
Cyathula-type (C. orthacantha),cyathula_type_c_orthacantha
Cyathula-type orthacantha,cyathula_type_orthacantha
Cybianthus,cybianthus
Cybianthus-type,cybianthus_type
Cyclachaena xanthiifolia,cyclachaena_xanthiifolia
Cyclachaena xanthiifolia-type,cyclachaena_xanthiifolia_type
Cyclamen,cyclamen
Cyclamen hederifolium,cyclamen_hederifolium
Cyclamen hederifolium-type,cyclamen_hederifolium_type
Cyclamen purpurascens,cyclamen_purpurascens
Cyclanthaceae,cyclanthaceae
Cyclophyllum,cyclophyllum
Cyclophyllum barbatum,cyclophyllum_barbatum
Cylicodiscus,cylicodiscus
Cynodendron,cynodendron
Cynoglossum,cynoglossum
Cynoglossum-type,cynoglossum_type
Cynoglossum officinale-type,cynoglossum_officinale_type
Cynometra,cynometra
Cynometra-type,cynometra_type
Cyperaceae,cyperaceae
Cyperaceae (<50 µm),cyperaceae_smaller_than_50_mu_m
Cyperaceae (>50 µm),cyperaceae_bigger_than_50_mu_m
Cyperaceae (20 µm),cyperaceae_20_mu_m
Cyperaceae (27 µm),cyperaceae_27_mu_m
Cyperaceae (29 µm),cyperaceae_29_mu_m
Cyperaceae (31 µm),cyperaceae_31_mu_m
Cyperaceae (broken),cyperaceae_broken
Cyperaceae (corroded),cyperaceae_corroded
Cyperaceae (crumpled),cyperaceae_crumpled
Cyperaceae (degraded),cyperaceae_degraded
Cyperaceae (inaperturate),cyperaceae_inaperturate
Cyperaceae (periporate),cyperaceae_periporate
Cyperaceae (reticulate),cyperaceae_reticulate
Cyperaceae (type 1),cyperaceae_type_1
Cyperaceae indet.,cyperaceae_indet
Cyperaceae undiff.,cyperaceae_undiff
Cyperus,cyperus
Cyperus-type,cyperus_type
Cyperus (type 1),cyperus_type_1
Cyperus (type 2),cyperus_type_2
Cyperus capitatus,cyperus_capitatus
Cyperus longus-type,cyperus_longus_type
Cyperus undiff.,cyperus_undiff
Cyphostemma-type,cyphostemma_type
Cyphostemma-type (C. cyphopetalum),cyphostemma_type_c_cyphopetalum
Cyphostemma-type cyphopetalum,cyphostemma_type_cyphopetalum
Cyphostemma mappia,cyphostemma_mappia
Cyrilla racemiflora,cyrilla_racemiflora
Cyrilla sp.,cyrilla_sp
Cyrtosperma-type,cyrtosperma_type
Cytinus,cytinus
Cytisus,cytisus
Cytisus-type,cytisus_type
Cytisus grandiflorus,cytisus_grandiflorus
Cytisus scoparius,cytisus_scoparius
Cytisus/Genista-type,cytisus_genista_type
Dacrycarpus,dacrycarpus
Dacrycarpus (trisaccate),dacrycarpus_trisaccate
Dacrycarpus dacrydioides,dacrycarpus_dacrydioides
Dacrycarpus imbricatus,dacrycarpus_imbricatus
Dacrydium,dacrydium
Dacrydium-type,dacrydium_type
Dacrydium cupressinum,dacrydium_cupressinum
Dacrydium franklinii,dacrydium_franklinii
Dacryodes,dacryodes
Dacryodes-type,dacryodes_type
Dactylis-type,dactylis_type
Dalbergia,dalbergia
Dalbergia-type,dalbergia_type
Dalbergia (type 1),dalbergia_type_1
Dalbergia (type 2),dalbergia_type_2
Dalea,dalea
Dalea-type,dalea_type
Dalea candida,dalea_candida
Dalea candida-type,dalea_candida_type
Dalea purpurea,dalea_purpurea
Dalea purpurea-type,dalea_purpurea_type
Dalea undiff.,dalea_undiff
Dalechampia,dalechampia
Dalechampia-type,dalechampia_type
Dampiera,dampiera
Daniellia pynaertii-type,daniellia_pynaertii_type
Daphne,daphne
Daphne-type,daphne_type
Daphne gnidium,daphne_gnidium
Daphne gnidium-type,daphne_gnidium_type
Daphne laureola,daphne_laureola
Daphne mezereum,daphne_mezereum
Daphne/Thymelaea,daphne_thymelaea
Daphnopsis,daphnopsis
Daphnopsis-type,daphnopsis_type
Daphnopsis cf. D. beta,daphnopsis_cf_d_beta
Darwiniothamnus,darwiniothamnus
Datisca,datisca
Datisca cannabina,datisca_cannabina
Datura,datura
Datura stramonium,datura_stramonium
Datura/Brugmansia-type,datura_brugmansia_type
Daucus,daucus
Daucus-type,daucus_type
Daucus carota,daucus_carota
Daucus carota-type,daucus_carota_type
Daviesia,daviesia
Daviesia-type,daviesia_type
Davilla,davilla
Decaspermum,decaspermum
Delonix,delonix
Delonix elata,delonix_elata
Delphinium,delphinium
Delphinium-type,delphinium_type
Delphinium ambiguum,delphinium_ambiguum
Delphinium elatum,delphinium_elatum
Dendrobangia,dendrobangia
Dendropanax,dendropanax
Dendrosenecio,dendrosenecio
Deschampsia antarctica,deschampsia_antarctica
Descurainia sophia,descurainia_sophia
Descurainia sophia-type,descurainia_sophia_type
Desfontainia,desfontainia
Desmodium,desmodium
Desmodium-type,desmodium_type
Desmodium adscendens-type,desmodium_adscendens_type
Desmoncus,desmoncus
Desmopsis panamensis (type 1),desmopsis_panamensis_type_1
Desmopsis panamensis (type 2),desmopsis_panamensis_type_2
Desmopsis panamensis (type 3),desmopsis_panamensis_type_3
Desmopsis undiff.,desmopsis_undiff
Detarium,detarium
Dialium,dialium
Dialium guineense,dialium_guineense
Dianella,dianella
Dianella-type,dianella_type
Dianthus,dianthus
Dianthus-type,dianthus_type
Dianthus-type cf. Silene,dianthus_type_cf_silene
Dianthus lusitanus-type,dianthus_lusitanus_type
Dianthus superbus-type,dianthus_superbus_type
Diapensia,diapensia
Diapensia lapponica,diapensia_lapponica
Diatenopteryx,diatenopteryx
Dicentra,dicentra
Dichondra-type (D. micrantha),dichondra_type_d_micrantha
Dichondra-type micrantha,dichondra_type_micrantha
Dichosciadium,dichosciadium
Dichosciadium ranunculaceum,dichosciadium_ranunculaceum
Dichrostachys,dichrostachys
Dichrostachys cinerea,dichrostachys_cinerea
Dichrostachys cinerea-type,dichrostachys_cinerea_type
Diclidanthera,diclidanthera
Dicliptera-type,dicliptera_type
Dicliptera paniculata,dicliptera_paniculata
Dicoma-type,dicoma_type
Dicorynia,dicorynia
Dicranosstyles aff. D. scandens,dicranosstyles_aff_d_scandens
Dicranostyles,dicranostyles
Dictamnus albus,dictamnus_albus
Dictyocaryum,dictyocaryum
Dictyosperma-type,dictyosperma_type
Didelotia-type,didelotia_type
Didymopanax,didymopanax
Didymopanax-type,didymopanax_type
Didymopanax (excluding Schefflera),didymopanax_excluding_schefflera
Didymopanax distractiflorus/vinosus,didymopanax_distractiflorus_vinosus
Didymotheca,didymotheca
Dieffenbachia,dieffenbachia
Diervilla,diervilla
Diervilla lonicera,diervilla_lonicera
Digera-type muricata,digera_type_muricata
Digitalis,digitalis
Digitalis-type,digitalis_type
Digitalis purpurea,digitalis_purpurea
Digitalis purpurea-type,digitalis_purpurea_type
Dillenia,dillenia
Dilleniaceae,dilleniaceae
Dilleniaceae cf. Hibbertia,dilleniaceae_cf_hibbertia
Dilleniaceae undiff.,dilleniaceae_undiff
Dilodendron,dilodendron
Dinizia,dinizia
Dioclea,dioclea
Dioclea-type,dioclea_type
Diodia,diodia
Dioicodendron,dioicodendron
Dioscorea,dioscorea
Dioscorea communis,dioscorea_communis
Dioscoreaceae,dioscoreaceae
Diospyros,diospyros
Diospyros-type,diospyros_type
"Diospyros (Mauritius type 326, de Boer)",diospyros_mauritius_type_326_de_boer
"Diospyros (Mauritius type 363, de Boer)",diospyros_mauritius_type_363_de_boer
Diplaspis,diplaspis
Diploon,diploon
Diplusodon,diplusodon
Diplusodon (type 3),diplusodon_type_3
Dipsacaceae undiff.,dipsacaceae_undiff
Dipsacoideae,dipsacoideae
Dipsacoideae undiff.,dipsacoideae_undiff
Dipsacus,dipsacus
Dipsacus-type,dipsacus_type
Dipsacus fullonum,dipsacus_fullonum
Dipsacus fullonum-type,dipsacus_fullonum_type
Dipsacus/Cephalaria,dipsacus_cephalaria
Dipterocarpaceae,dipterocarpaceae
Dipterocarpaceae undiff.,dipterocarpaceae_undiff
Dipteryx,dipteryx
Dipteryx sp.,dipteryx_sp
Discaria,discaria
Discaria toumatou,discaria_toumatou
Discoclaoxylon occidentale,discoclaoxylon_occidentale
Disperma-type,disperma_type
Disphyma,disphyma
Dissiliaria comp.,dissiliaria_comp
Dissotis,dissotis
Distemonanthus benthamianus,distemonanthus_benthamianus
Distylium stellare,distylium_stellare
Dobera,dobera
Dodecatheon,dodecatheon
Dodecatheon-type,dodecatheon_type
Dodonaea,dodonaea
Dodonaea-type,dodonaea_type
"Dodonaea (Mauritius type 128, de Boer)",dodonaea_mauritius_type_128_de_boer
"Dodonaea (Mauritius type 167, de Boer)",dodonaea_mauritius_type_167_de_boer
Dodonaea (reticulate),dodonaea_reticulate
Dodonaea cf. D. viscosa,dodonaea_cf_d_viscosa
Dodonaea cuneata-type,dodonaea_cuneata_type
Dodonaea ericifolia-type,dodonaea_ericifolia_type
Dodonaea hispidula,dodonaea_hispidula
Dodonaea pinnata-type,dodonaea_pinnata_type
Dodonaea triquetra,dodonaea_triquetra
Dodonaea triquetra-type,dodonaea_triquetra_type
Dodonaea viscosa,dodonaea_viscosa
Dodonaea viscosa-type,dodonaea_viscosa_type
Dodonaea viscosa var. angustifolia,dodonaea_viscosa_var_angustifolia
Dodonaeoideae,dodonaeoideae
Dolicholobium,dolicholobium
Dolichos,dolichos
Dolichos-type,dolichos_type
Doliocarpus,doliocarpus
Doliocarpus-type,doliocarpus_type
Dombeya,dombeya
Dombeya-type,dombeya_type
Dombeya cf. D. buetnerii,dombeya_cf_d_buetnerii
Dombeya elliptica-type,dombeya_elliptica_type
Dombeya quinqueseta,dombeya_quinqueseta
Donatia,donatia
Donatia fascicularis,donatia_fascicularis
Doronicum,doronicum
Dorstenia,dorstenia
Dorstenia-type,dorstenia_type
Dorstenia-type scaphigera,dorstenia_type_scaphigera
Dorstenia kameruniana,dorstenia_kameruniana
Dorstenia zanzibarica-type,dorstenia_zanzibarica_type
Dorycnium,dorycnium
Dorycnium-type,dorycnium_type
Douglasia,douglasia
Dovyalis,dovyalis
Draba,draba
Draba-type,draba_type
Dracaena,dracaena
Dracaena-type,dracaena_type
Dracaena afromontana-type,dracaena_afromontana_type
Dracaena steudneri,dracaena_steudneri
Dracaena steudneri-type,dracaena_steudneri_type
Dracocephalum-type,dracocephalum_type
Dracophyllum,dracophyllum
Dracunculus,dracunculus
Drapetes,drapetes
Drimiopsis,drimiopsis
Drimys,drimys
Drimys brasiliensis,drimys_brasiliensis
Drimys winteri,drimys_winteri
Drimys winteri-type,drimys_winteri_type
Droseraceae,droseraceae
Droseraceae undiff.,droseraceae_undiff
Dryas,dryas
Dryas-type,dryas_type
Dryas integrifolia,dryas_integrifolia
Dryas octopetala,dryas_octopetala
Dryas octopetala-type,dryas_octopetala_type
Drymaria,drymaria
Drymaria cordata,drymaria_cordata
Drypetes,drypetes
Drypetes-type,drypetes_type
Drypetes-type (D. gossweileri),drypetes_type_d_gossweileri
Duroia,duroia
Dypsis,dypsis
Dyschoriste-type,dyschoriste_type
Dysopsis,dysopsis
Dysoxylum,dysoxylum
Ebenaceae,ebenaceae
Ebenaceae cf. Diospyros,ebenaceae_cf_diospyros
Ebenus-type,ebenus_type
Ecbolium,ecbolium
Echeveria,echeveria
Echinophora-type,echinophora_type
Echinops,echinops
Echinops-type,echinops_type
Echinops ritro,echinops_ritro
Echites,echites
Echium,echium
Echium-type,echium_type
Echium cf. E. plantagineum,echium_cf_e_plantagineum
Echium violaceum,echium_violaceum
Echium vulgare,echium_vulgare
Echium vulgare-type,echium_vulgare_type
Echium/Onosma,echium_onosma
Eclipta,eclipta
Eclipta-type,eclipta_type
Ehretia,ehretia
Ehretia cymosa,ehretia_cymosa
Ekebergia,ekebergia
Ekebergia-type,ekebergia_type
Ekebergia-type (E. capensis),ekebergia_type_e_capensis
Ekebergia-type capensis,ekebergia_type_capensis
Elaeagia-type,elaeagia_type
Elaeagnaceae,elaeagnaceae
Elaeagnaceae undiff.,elaeagnaceae_undiff
Elaeagnus,elaeagnus
Elaeagnus commutata,elaeagnus_commutata
Elaeagnus comp.,elaeagnus_comp
Elaeagnus/Shepherdia argentea,elaeagnus_shepherdia_argentea
Elaeis,elaeis
Elaeis guineensis,elaeis_guineensis
Elaeocarpaceae,elaeocarpaceae
Elaeocarpaceae (type 1),elaeocarpaceae_type_1
Elaeocarpaceae cf. Elaeocarpus,elaeocarpaceae_cf_elaeocarpus
Elaeocarpaceae cf. Sloanea,elaeocarpaceae_cf_sloanea
Elaeocarpaceae undiff.,elaeocarpaceae_undiff
Elaeocarpus,elaeocarpus
Elaeoluma,elaeoluma
Elaeoluma aff. E. nuda,elaeoluma_aff_e_nuda
Elaeoluma glabrescens,elaeoluma_glabrescens
Elaeophorbia-type,elaeophorbia_type
Elaeophorbia-type drupifera,elaeophorbia_type_drupifera
Elaeophorbia drupifera-type,elaeophorbia_drupifera_type
Elattostachys,elattostachys
Elegia,elegia
Eleocharis,eleocharis
Eleocharis-type,eleocharis_type
Eleocharis comp.,eleocharis_comp
Elephantopus,elephantopus
Elsholtzia,elsholtzia
Elymus,elymus
Elymus-type,elymus_type
Elytropus,elytropus
Embelia,embelia
Embelia-type,embelia_type
Embelia-type (E. schimperi),embelia_type_e_schimperi
Embothrium,embothrium
Embothrium coccineum,embothrium_coccineum
Emilia,emilia
Emilia-type,emilia_type
Emmotum,emmotum
Empetrum,empetrum
Empetrum-type,empetrum_type
Empetrum cf. E. nigrum,empetrum_cf_e_nigrum
Empetrum hermaphroditum,empetrum_hermaphroditum
Empetrum nigrum,empetrum_nigrum
Empetrum nigrum-type,empetrum_nigrum_type
Empodisma,empodisma
Empodisma-type,empodisma_type
Encelia,encelia
Endopleura,endopleura
Endospermum,endospermum
Engelhardia,engelhardia
Engelhardia-type,engelhardia_type
Engelhardia cf. E. spicata,engelhardia_cf_e_spicata
Englerina,englerina
Englerophytum,englerophytum
Entada,entada
Entada-type,entada_type
Entadopsis,entadopsis
Entandrophragma,entandrophragma
Entandrophragma-type,entandrophragma_type
Epacridaceae/Ericaceae,epacridaceae_ericaceae
Epacrideae,epacrideae
Epacrideae undiff.,epacrideae_undiff
Epacris,epacris
Epacris-type,epacris_type
Epacris bawbawiensis,epacris_bawbawiensis
Epacris serpyllifolia,epacris_serpyllifolia
Ephedra,ephedra
Ephedra (branched folds),ephedra_branched_folds
Ephedra (simple folds),ephedra_simple_folds
Ephedra cf. E. distachya,ephedra_cf_e_distachya
Ephedra cf. E. foeminea,ephedra_cf_e_foeminea
Ephedra cf. E. fragilis,ephedra_cf_e_fragilis
Ephedra cf. E. tweediana,ephedra_cf_e_tweediana
Ephedra chilensis,ephedra_chilensis
Ephedra distachya,ephedra_distachya
Ephedra distachya-type,ephedra_distachya_type
Ephedra distachya subsp. helvetica-type,ephedra_distachya_subsp_helvetica_type
Ephedra distachya/E. major subsp. major,ephedra_distachya_e_major_subsp_major
Ephedra foeminea-type,ephedra_foeminea_type
Ephedra fragilis,ephedra_fragilis
Ephedra fragilis-type,ephedra_fragilis_type
Ephedra intermedia-type,ephedra_intermedia_type
Ephedra major,ephedra_major
Ephedra major-type,ephedra_major_type
Ephedra major subsp. major,ephedra_major_subsp_major
Ephedra nevadensis,ephedra_nevadensis
Ephedra nevadensis-type,ephedra_nevadensis_type
Ephedra strobilacea,ephedra_strobilacea
Ephedra strobilacea-type,ephedra_strobilacea_type
Ephedra torreyana,ephedra_torreyana
Ephedra torreyana-type,ephedra_torreyana_type
Ephedra trifurca-type,ephedra_trifurca_type
Ephedra undiff.,ephedra_undiff
Ephedra viridis,ephedra_viridis
Ephedra viridis-type,ephedra_viridis_type
Ephedraceae,ephedraceae
Ephippiandra,ephippiandra
Epilobium,epilobium
Epilobium-type,epilobium_type
Epilobium palustre,epilobium_palustre
Epilobium sp.,epilobium_sp
Epilobium undiff.,epilobium_undiff
Epimedium,epimedium
Epipactis,epipactis
Epipactis palustris,epipactis_palustris
Epipactis palustris-type,epipactis_palustris_type
Episcia,episcia
Eranthis hyemalis,eranthis_hyemalis
Eremophila,eremophila
Eremurus,eremurus
Erica,erica
Erica-type,erica_type
Erica-type arborea,erica_type_arborea
Erica arborea,erica_arborea
Erica arborea-type,erica_arborea_type
Erica australis,erica_australis
Erica australis-type,erica_australis_type
Erica cf. E. arborea/multiflora,erica_cf_e_arborea_multiflora
Erica cf. E. tetralix,erica_cf_e_tetralix
Erica ciliaris,erica_ciliaris
Erica ciliaris-type,erica_ciliaris_type
Erica cinerea,erica_cinerea
Erica cinerea/E. tetralix,erica_cinerea_e_tetralix
Erica mediterranea,erica_mediterranea
Erica multiflora-type,erica_multiflora_type
Erica scoparia-type,erica_scoparia_type
Erica terminalis,erica_terminalis
Erica tetralix,erica_tetralix
Erica tetralix-type,erica_tetralix_type
Erica umbellata,erica_umbellata
Erica umbellata-type,erica_umbellata_type
Erica undiff.,erica_undiff
Erica/Arbutus,erica_arbutus
Ericaceae,ericaceae
Ericaceae-type,ericaceae_type
"Ericaceae (large, round)",ericaceae_large_round
"Ericaceae (large, triangular)",ericaceae_large_triangular
"Ericaceae (medium, soccer ball)",ericaceae_medium_soccer_ball
"Ericaceae (psilate, 35-40 µm)",ericaceae_psilate_35_minus_40_mu_m
"Ericaceae (scabrate, 40-50 µm)",ericaceae_scabrate_40_minus_50_mu_m
"Ericaceae (small, round)",ericaceae_small_round
"Ericaceae (small, triangular)",ericaceae_small_triangular
Ericaceae (type 1),ericaceae_type_1
Ericaceae (type 2),ericaceae_type_2
Ericaceae (type 3),ericaceae_type_3
"Ericaceae (verrucate, 35 µm)",ericaceae_verrucate_35_mu_m
Ericaceae cf. Calluna,ericaceae_cf_calluna
Ericaceae cf. Cassiope,ericaceae_cf_cassiope
Ericaceae cf. Epacris,ericaceae_cf_epacris
Ericaceae cf. Ledum,ericaceae_cf_ledum
Ericaceae cf. Vaccinium,ericaceae_cf_vaccinium
Ericaceae indet.,ericaceae_indet
Ericaceae undiff.,ericaceae_undiff
Ericales,ericales
Ericales (tetrad),ericales_tetrad
Ericales undiff.,ericales_undiff
Ericoideae,ericoideae
Erigeron,erigeron
Erigeron-type,erigeron_type
Eriocoelum-type,eriocoelum_type
Eriocoelum macrocarpum-type,eriocoelum_macrocarpum_type
Eriogonum,eriogonum
Eriogonum-type,eriogonum_type
Eriogonum heracleoides-type,eriogonum_heracleoides_type
Eriogonum microtheca-type,eriogonum_microtheca_type
Eriosema-type,eriosema_type
Eriostemon,eriostemon
Eriotheca,eriotheca
Eriotheca-type,eriotheca_type
Erisma,erisma
Erithalis,erithalis
Erithalis fruticosa,erithalis_fruticosa
Ernodea,ernodea
Erodium,erodium
Erodium-type,erodium_type
Erodium cicutarium,erodium_cicutarium
Erodium cicutarium-type,erodium_cicutarium_type
Eryngium,eryngium
Eryngium-type,eryngium_type
Eryngium (type 1),eryngium_type_1
Eryngium (type 2),eryngium_type_2
Eryngium campestre,eryngium_campestre
Eryngium campestre-type,eryngium_campestre_type
Erythranthe guttata,erythranthe_guttata
Erythrina,erythrina
Erythrina-type,erythrina_type
Erythrina variegata,erythrina_variegata
Erythrocephalum-type,erythrocephalum_type
Erythrococca,erythrococca
Erythrococca-type,erythrococca_type
Erythrococca-type (type 3),erythrococca_type_type_3
Erythrococca-type (type 4),erythrococca_type_type_4
Erythrococca africana,erythrococca_africana
Erythrophleum,erythrophleum
Erythroxylaceae,erythroxylaceae
Erythroxylum,erythroxylum
Erythroxylum (type 1),erythroxylum_type_1
Erythroxylum (type 2),erythroxylum_type_2
Erythroxylum (type 4),erythroxylum_type_4
Erythroxylum (type A),erythroxylum_type_a
Erythroxylum (type B),erythroxylum_type_b
Erythroxylum citrifolium (type 2),erythroxylum_citrifolium_type_2
Erythroxylum citrifolium/suberosum (type 3),erythroxylum_citrifolium_suberosum_type_3
Escallonia,escallonia
Escallonia-type,escallonia_type
Escallonia myrtoidea,escallonia_myrtoidea
Escallonia undiff.,escallonia_undiff
Escallonia/Primulaceae subf. Myrsinoideae,escallonia_primulaceae_subf_myrsinoideae
Escalloniaceae,escalloniaceae
Eschweilera,eschweilera
Esenbeckia,esenbeckia
Eucalyptus,eucalyptus
Eucalyptus-type,eucalyptus_type
Eucalyptus (psilate),eucalyptus_psilate
"Eucalyptus (type 1, granular)",eucalyptus_type_1_granular
Eucalyptus (type 13),eucalyptus_type_13
Eucalyptus (type 13/18) undiff.,eucalyptus_type_13_18_undiff
Eucalyptus (type 14),eucalyptus_type_14
Eucalyptus (type 18),eucalyptus_type_18
"Eucalyptus (type 2, psilate)",eucalyptus_type_2_psilate
Eucalyptus (type 25),eucalyptus_type_25
Eucalyptus (type 26),eucalyptus_type_26
Eucalyptus (type 27),eucalyptus_type_27
"Eucalyptus (type 3, granular)",eucalyptus_type_3_granular
Eucalyptus (type 30),eucalyptus_type_30
Eucalyptus (type 30a),eucalyptus_type_30a
"Eucalyptus (type 4, granular)",eucalyptus_type_4_granular
Eucalyptus (type 8),eucalyptus_type_8
Eucalyptus cf. E. pauciflora/niphophila,eucalyptus_cf_e_pauciflora_niphophila
Eucalyptus dalrympleana,eucalyptus_dalrympleana
Eucalyptus dives,eucalyptus_dives
Eucalyptus pilularis-type/Melaleuca-type,eucalyptus_pilularis_type_melaleuca_type
Eucalyptus signata,eucalyptus_signata
Eucalyptus tetrodonta,eucalyptus_tetrodonta
Eucalyptus undiff.,eucalyptus_undiff
Eucalyptus viminalis,eucalyptus_viminalis
Euclea,euclea
Euclea-type,euclea_type
Eucomis,eucomis
Eucommia,eucommia
Eucryphia,eucryphia
Eucryphia-type,eucryphia_type
Eucryphia-type/Anodopetalum-type,eucryphia_type_anodopetalum_type
Eucryphia/Anodopetalum,eucryphia_anodopetalum
Eucryphia/Caldcluvia,eucryphia_caldcluvia
Eucryphia/Caldcluvia paniculata,eucryphia_caldcluvia_paniculata
Eugenia,eugenia
Eugenia-type,eugenia_type
Eugenia (type 1),eugenia_type_1
Eugenia comp.,eugenia_comp
Eugenia scottii,eugenia_scottii
Eugenia simmondsiae,eugenia_simmondsiae
Eugenia/Melaleuca,eugenia_melaleuca
Eugenia/Syzygium,eugenia_syzygium
Euodia,euodia
Euonymus,euonymus
Euonymus europaeus,euonymus_europaeus
Eupatorium,eupatorium
Eupatorium-type,eupatorium_type
Eupatorium cannabinum-type,eupatorium_cannabinum_type
Eupatorium perfoliatum,eupatorium_perfoliatum
Euphorbia,euphorbia
Euphorbia-type,euphorbia_type
Euphorbia-type abyssinica,euphorbia_type_abyssinica
Euphorbia-type hirta,euphorbia_type_hirta
Euphorbia-type umbellata,euphorbia_type_umbellata
Euphorbia (type 1),euphorbia_type_1
Euphorbia (type 2),euphorbia_type_2
Euphorbia acalyphoides,euphorbia_acalyphoides
Euphorbia cf. E. palustris,euphorbia_cf_e_palustris
Euphorbia cf. E. papillosa,euphorbia_cf_e_papillosa
Euphorbia cf. E. peplus,euphorbia_cf_e_peplus
Euphorbia cf. E. pulchella,euphorbia_cf_e_pulchella
Euphorbia comp.,euphorbia_comp
Euphorbia hirta,euphorbia_hirta
Euphorbia hirta-type,euphorbia_hirta_type
Euphorbia hypericifolia,euphorbia_hypericifolia
Euphorbia undiff.,euphorbia_undiff
Euphorbiaceae,euphorbiaceae
Euphorbiaceae-type (18 µm),euphorbiaceae_type_18_mu_m
"Euphorbiaceae (Mauritius type 112b, de Boer)",euphorbiaceae_mauritius_type_112b_de_boer
"Euphorbiaceae (Mauritius type 172, de Boer)",euphorbiaceae_mauritius_type_172_de_boer
"Euphorbiaceae (Mauritius type 88, de Boer)",euphorbiaceae_mauritius_type_88_de_boer
Euphorbiaceae (prolate),euphorbiaceae_prolate
Euphorbiaceae (type 1),euphorbiaceae_type_1
Euphorbiaceae (type 2),euphorbiaceae_type_2
Euphorbiaceae (type 3),euphorbiaceae_type_3
Euphorbiaceae (type 4),euphorbiaceae_type_4
Euphorbiaceae (type II),euphorbiaceae_type_ii
Euphorbiaceae cf. Amperea,euphorbiaceae_cf_amperea
Euphorbiaceae cf. Chamaesyce,euphorbiaceae_cf_chamaesyce
Euphorbiaceae cf. Euphorbia,euphorbiaceae_cf_euphorbia
Euphorbiaceae cf. Hura,euphorbiaceae_cf_hura
Euphorbiaceae cf. Mabea,euphorbiaceae_cf_mabea
Euphorbiaceae cf. Mercurialis,euphorbiaceae_cf_mercurialis
Euphorbiaceae cf. Sapium,euphorbiaceae_cf_sapium
Euphorbiaceae pro parte,euphorbiaceae_pro_parte
Euphorbiaceae undiff.,euphorbiaceae_undiff
Euphrasia,euphrasia
Euphrasia-type,euphrasia_type
Euplassa,euplassa
Eurya-type,eurya_type
Euterpe,euterpe
Euterpe-type,euterpe_type
Euterpe (type 1),euterpe_type_1
Euterpe (type 2),euterpe_type_2
Euterpe/Geonoma,euterpe_geonoma
Euterpe/Geonoma-type,euterpe_geonoma_type
Evodiella,evodiella
Evolvulus,evolvulus
Evolvulus-type,evolvulus_type
Ewartia-type/Gnaphalium-type,ewartia_type_gnaphalium_type
Excoecaria,excoecaria
Excoecaria/Homalanthus,excoecaria_homalanthus
Exocarpos,exocarpos
Exocarpos-type,exocarpos_type
Exostema,exostema
Exothea,exothea
Exothea paniculata,exothea_paniculata
Fabaceae,fabaceae
Fabaceae (herbs),fabaceae_herbs
Fabaceae (psilate),fabaceae_psilate
"Fabaceae (psilate, type I)",fabaceae_psilate_type_i
"Fabaceae (psilate, type II)",fabaceae_psilate_type_ii
"Fabaceae (psilate, type III)",fabaceae_psilate_type_iii
Fabaceae (reticulate),fabaceae_reticulate
"Fabaceae (reticulate, type I)",fabaceae_reticulate_type_i
"Fabaceae (reticulate, type II)",fabaceae_reticulate_type_ii
"Fabaceae (reticulate, type III)",fabaceae_reticulate_type_iii
Fabaceae (scabrate),fabaceae_scabrate
Fabaceae (shrubs),fabaceae_shrubs
Fabaceae (striate),fabaceae_striate
Fabaceae (syncolpate),fabaceae_syncolpate
Fabaceae (type 1),fabaceae_type_1
Fabaceae (type 2),fabaceae_type_2
Fabaceae (type I),fabaceae_type_i
Fabaceae (type II),fabaceae_type_ii
Fabaceae (type III),fabaceae_type_iii
Fabaceae (type IV),fabaceae_type_iv
Fabaceae (type V),fabaceae_type_v
Fabaceae (type VI),fabaceae_type_vi
Fabaceae cf. Desmodium,fabaceae_cf_desmodium
Fabaceae cf. Entada,fabaceae_cf_entada
Fabaceae cf. Maniltoa,fabaceae_cf_maniltoa
Fabaceae cf. Oxylobium,fabaceae_cf_oxylobium
Fabaceae cf. Parkinsonia,fabaceae_cf_parkinsonia
Fabaceae cf. tribe Psoraleeae,fabaceae_cf_tribe_psoraleeae
Fabaceae indet.,fabaceae_indet
Fabaceae pro parte,fabaceae_pro_parte
Fabaceae undiff.,fabaceae_undiff
Fabaceae: Lotus-type,fabaceae_lotus_type
Fabaceae: Onobrychis-type,fabaceae_onobrychis_type
Fabales (type I),fabales_type_i
Fabales (type II),fabales_type_ii
Fabales (type III),fabales_type_iii
Fabiana,fabiana
Faboideae,faboideae
Faboideae-type (spheroidal),faboideae_type_spheroidal
Faboideae (17 µm),faboideae_17_mu_m
Faboideae (20 µm),faboideae_20_mu_m
"Faboideae (oblate, type 14)",faboideae_oblate_type_14
Faboideae (type 1),faboideae_type_1
Faboideae (type 2),faboideae_type_2
Faboideae (type A),faboideae_type_a
Faboideae (type B),faboideae_type_b
Faboideae (type C),faboideae_type_c
Faboideae (type D),faboideae_type_d
Faboideae (type E),faboideae_type_e
Faboideae (type F),faboideae_type_f
Faboideae (type G),faboideae_type_g
Faboideae (type H),faboideae_type_h
Faboideae (type I),faboideae_type_i
Faboideae (type II),faboideae_type_ii
Faboideae aff. Dalbergia,faboideae_aff_dalbergia
Faboideae cf. Aeschynomene,faboideae_cf_aeschynomene
Faboideae cf. Crotalaria,faboideae_cf_crotalaria
Faboideae undiff.,faboideae_undiff
Fadogia-type,fadogia_type
Fagaceae,fagaceae
Fagaceae undiff.,fagaceae_undiff
Fagales cf. Nothofagus,fagales_cf_nothofagus
Fagaropsis,fagaropsis
Fagaropsis-type (F. angolensis),fagaropsis_type_f_angolensis
Fagaropsis angolensis,fagaropsis_angolensis
Fagonia,fagonia
Fagopyrum,fagopyrum
Fagopyrum-type,fagopyrum_type
Fagopyrum esculentum,fagopyrum_esculentum
Fagopyrum tataricum,fagopyrum_tataricum
Fagopyrum undiff.,fagopyrum_undiff
Fagraea,fagraea
Fagus,fagus
Fagus crenata,fagus_crenata
Fagus grandifolia,fagus_grandifolia
Fagus japonica,fagus_japonica
Fagus sylvatica,fagus_sylvatica
Fagus/Nyssa,fagus_nyssa
Faidherbia albida,faidherbia_albida
Falcaria,falcaria
Falcaria-type,falcaria_type
Falcaria vulgaris,falcaria_vulgaris
Falcaria vulgaris-type,falcaria_vulgaris_type
Fallopia,fallopia
Fallopia cf. F. convolvulus,fallopia_cf_f_convolvulus
Fallopia cf. F. scandens,fallopia_cf_f_scandens
Fallopia convolvulus,fallopia_convolvulus
Fallopia convolvulus-type,fallopia_convolvulus_type
Fallopia convolvulus/F. dumetorum,fallopia_convolvulus_f_dumetorum
Faramea,faramea
Faramea-type,faramea_type
Farsetia stylosa-type (25µm),farsetia_stylosa_type_25mu_m
Faurea,faurea
Faurea-type,faurea_type
Faurea rubriflora,faurea_rubriflora
Faurea/Allophylus,faurea_allophylus
Fedia cornucopiae,fedia_cornucopiae
Ferdinandusa,ferdinandusa
Ferula-type,ferula_type
Festuca,festuca
Festuca-type,festuca_type
Ficalhoa,ficalhoa
Ficalhoa-type (F. laurifolia),ficalhoa_type_f_laurifolia
Ficaria,ficaria
Ficaria verna,ficaria_verna
Ficaria verna-type,ficaria_verna_type
Ficaria verna group,ficaria_verna_group
Ficus,ficus
Ficus-type,ficus_type
Ficus (type 1),ficus_type_1
Ficus (type 2),ficus_type_2
Ficus aurea,ficus_aurea
Ficus carica,ficus_carica
Ficus sp.,ficus_sp
Filago,filago
Filago-type,filago_type
Filipendula,filipendula
Filipendula-type,filipendula_type
Filipendula cf. F. ulmaria,filipendula_cf_f_ulmaria
Filipendula rubra,filipendula_rubra
Filipendula ulmaria,filipendula_ulmaria
Filipendula vulgaris,filipendula_vulgaris
Filipendula vulgaris-type,filipendula_vulgaris_type
Fimbristylis,fimbristylis
Fimbristylis sp.,fimbristylis_sp
Flabellaria,flabellaria
Flabellaria-type,flabellaria_type
Flabellaria-type (F. paniculata),flabellaria_type_f_paniculata
Flabellaria-type paniculata,flabellaria_type_paniculata
Flabellaria paniculata-type,flabellaria_paniculata_type
Flabellariopsis-type,flabellariopsis_type
Flacourtia,flacourtia
Flagellaria,flagellaria
Fleischmannia,fleischmannia
Fleischmannia microstemon,fleischmannia_microstemon
Fleroya rubrostipulata-type,fleroya_rubrostipulata_type
Flindersia,flindersia
Floscopa-type,floscopa_type
Flueggea,flueggea
Flueggea-type,flueggea_type
Flueggea-type virosa,flueggea_type_virosa
Flueggea virosa,flueggea_virosa
Flueggea virosa-type,flueggea_virosa_type
Foeniculum-type,foeniculum_type
Foeniculum vulgare,foeniculum_vulgare
Foeniculum vulgare subsp. vulgare,foeniculum_vulgare_subsp_vulgare
Foetidia,foetidia
Foetidia-type,foetidia_type
Fontanesia phillyreoides,fontanesia_phillyreoides
Forestiera,forestiera
Forsteronia,forsteronia
Forsteronia-type,forsteronia_type
Forsythia,forsythia
Fouquieria,fouquieria
Fragaria,fragaria
Fragaria-type,fragaria_type
Fragaria cf. F. vesca,fragaria_cf_f_vesca
Fragaria cf. F. viridis,fragaria_cf_f_viridis
Fragaria vesca,fragaria_vesca
Francoa,francoa
Frangula,frangula
Frangula alnus,frangula_alnus
Frangula alnus-type,frangula_alnus_type
Frangula purshiana-type,frangula_purshiana_type
Frankenia,frankenia
Frankeniaceae,frankeniaceae
Fraxinus,fraxinus
Fraxinus-type,fraxinus_type
Fraxinus (tetracolpate),fraxinus_tetracolpate
Fraxinus (tricolpate),fraxinus_tricolpate
Fraxinus americana,fraxinus_americana
Fraxinus americana-type,fraxinus_americana_type
Fraxinus angustifolia,fraxinus_angustifolia
Fraxinus angustifolia-type,fraxinus_angustifolia_type
Fraxinus angustifolia subsp. oxycarpa-type,fraxinus_angustifolia_subsp_oxycarpa_type
Fraxinus caroliniana,fraxinus_caroliniana
Fraxinus cf. F. angustifolia/F. oxycarpa,fraxinus_cf_f_angustifolia_f_oxycarpa
Fraxinus cf. F. nigra,fraxinus_cf_f_nigra
Fraxinus excelsior,fraxinus_excelsior
Fraxinus excelsior-type,fraxinus_excelsior_type
Fraxinus latifolia,fraxinus_latifolia
Fraxinus latifolia-type,fraxinus_latifolia_type
Fraxinus mandshurica,fraxinus_mandshurica
Fraxinus nigra,fraxinus_nigra
Fraxinus nigra-type,fraxinus_nigra_type
Fraxinus ornus,fraxinus_ornus
Fraxinus ornus-type,fraxinus_ornus_type
Fraxinus pennsylvanica,fraxinus_pennsylvanica
Fraxinus pennsylvanica-type,fraxinus_pennsylvanica_type
Fraxinus pennsylvanica/F. americana-type,fraxinus_pennsylvanica_f_americana_type
Fraxinus quadrangulata-type,fraxinus_quadrangulata_type
Fraxinus quadrangulata/F. nigra-type,fraxinus_quadrangulata_f_nigra_type
Fraxinus syriaca,fraxinus_syriaca
Fraxinus undiff.,fraxinus_undiff
Fraxinus/Platanus,fraxinus_platanus
Freycinetia,freycinetia
Freycinetia sp.,freycinetia_sp
Fritillaria,fritillaria
Fritillaria-type,fritillaria_type
Fritillaria camschatcensis,fritillaria_camschatcensis
Fritillaria lusitanica,fritillaria_lusitanica
Froelichia-type,froelichia_type
Froesiodendron,froesiodendron
Fuchsia,fuchsia
Fuchsia-type,fuchsia_type
Fuchsia regia,fuchsia_regia
Fuirena,fuirena
Fumana,fumana
Fumana-type,fumana_type
Fumaria,fumaria
Fumaria-type,fumaria_type
Fumaria abyssinica-type,fumaria_abyssinica_type
Fumaria officinalis,fumaria_officinalis
Fumaria officinalis-type,fumaria_officinalis_type
Funtumia,funtumia
Fuscospora,fuscospora
Gaertnera,gaertnera
Gaertnera-type,gaertnera_type
Gaertnera paniculata-type,gaertnera_paniculata_type
Gagea,gagea
Gagea-type,gagea_type
Gagea nevadensis,gagea_nevadensis
Gagea/Tulipa,gagea_tulipa
Gagnebina,gagnebina
Gaiadendron,gaiadendron
Gaiadendron (punctate),gaiadendron_punctate
Galactia,galactia
Galanthus-type,galanthus_type
Galega-type,galega_type
Galeopsis,galeopsis
Galeopsis-type,galeopsis_type
Galeopsis/Ballota-type,galeopsis_ballota_type
Galianthe spicata,galianthe_spicata
Galiniera,galiniera
Galiniera-type,galiniera_type
Galiniera coffeoides,galiniera_coffeoides
Galiniera saxifraga-type,galiniera_saxifraga_type
Galium,galium
Galium-type,galium_type
Galium antarcticum,galium_antarcticum
Galium aparine,galium_aparine
Galium palustre,galium_palustre
Galium sect. Relbunium,galium_sect_relbunium
Galium undiff.,galium_undiff
Galium/Rubia,galium_rubia
Gallesia,gallesia
Ganophyllum,ganophyllum
Ganophyllum-type (G. giganteum),ganophyllum_type_g_giganteum
Ganophyllum-type giganteum,ganophyllum_type_giganteum
Ganophyllum giganteum,ganophyllum_giganteum
Garcinia,garcinia
Garcinia-type,garcinia_type
Garcinia livingstonei-type,garcinia_livingstonei_type
Garcinia quadrifaria-type,garcinia_quadrifaria_type
Garcinia volkensii-type,garcinia_volkensii_type
Gardenia,gardenia
Gardenia-type,gardenia_type
Gardenia-type imperialis,gardenia_type_imperialis
Gardenia imperialis,gardenia_imperialis
Gardenia ternifolia var. jovis-tonantis,gardenia_ternifolia_var_jovis_tonantis
Gardenia undiff.,gardenia_undiff
Gardenieae,gardenieae
Garrya,garrya
Garrya-type,garrya_type
Gaultheria,gaultheria
Gaultheria-type,gaultheria_type
Gaultheria procumbens,gaultheria_procumbens
Gaultheria ulei,gaultheria_ulei
Gaura,gaura
Gaylussacia,gaylussacia
Geissomeria,geissomeria
Geitonoplesium,geitonoplesium
Geniostoma,geniostoma
Genipa,genipa
Genipa-type,genipa_type
Genista,genista
Genista-type,genista_type
Genista group,genista_group
Genista/Cytisus,genista_cytisus
Genisteae-type,genisteae_type
Gentiana,gentiana
Gentiana-type,gentiana_type
Gentiana andrewsii-type,gentiana_andrewsii_type
Gentiana asclepiadea-type,gentiana_asclepiadea_type
Gentiana campestris,gentiana_campestris
Gentiana cf. G. pneumonanthe,gentiana_cf_g_pneumonanthe
Gentiana corymbosa-type,gentiana_corymbosa_type
Gentiana douglasiana,gentiana_douglasiana
Gentiana lutea,gentiana_lutea
Gentiana lutea-type,gentiana_lutea_type
Gentiana lutea/G. pneumonanthe,gentiana_lutea_g_pneumonanthe
Gentiana nivalis,gentiana_nivalis
Gentiana nivalis-type,gentiana_nivalis_type
Gentiana olivieri-type,gentiana_olivieri_type
Gentiana pneumonanthe,gentiana_pneumonanthe
Gentiana pneumonanthe-type,gentiana_pneumonanthe_type
Gentiana punctata,gentiana_punctata
Gentiana purpurea-type,gentiana_purpurea_type
Gentiana sp.,gentiana_sp
Gentiana undiff.,gentiana_undiff
Gentiana verna,gentiana_verna
Gentiana verna-type,gentiana_verna_type
Gentiana/Gentianella,gentiana_gentianella
Gentiana/Swertia,gentiana_swertia
Gentianaceae,gentianaceae
Gentianaceae (striate-reticulate),gentianaceae_striate_minus_reticulate
Gentianaceae cf. Gentianella,gentianaceae_cf_gentianella
Gentianaceae undiff.,gentianaceae_undiff
Gentianella,gentianella
Gentianella-type,gentianella_type
Gentianella campestris,gentianella_campestris
Gentianella campestris-type,gentianella_campestris_type
Gentianella cf. G. gilioides,gentianella_cf_g_gilioides
Gentianella sp.,gentianella_sp
Gentianella tenella-type,gentianella_tenella_type
Geonoma,geonoma
Geonoma (type 1),geonoma_type_1
Geonoma (type 2),geonoma_type_2
Geonoma (type 3),geonoma_type_3
Geraniaceae,geraniaceae
Geraniaceae cf. Geranium,geraniaceae_cf_geranium
Geraniaceae undiff.,geraniaceae_undiff
Geraniales cf. Geraniaceae,geraniales_cf_geraniaceae
Geranium,geranium
Geranium-type,geranium_type
Geranium columbinum-type,geranium_columbinum_type
Geranium molle,geranium_molle
Geranium molle-type,geranium_molle_type
Geranium molle group,geranium_molle_group
Geranium phaeum-type,geranium_phaeum_type
Geranium pratense-type,geranium_pratense_type
Geranium pratense group,geranium_pratense_group
Geranium pusillum-type,geranium_pusillum_type
Geranium retrorsum group,geranium_retrorsum_group
Geranium sylvaticum,geranium_sylvaticum
Geranium sylvaticum-type,geranium_sylvaticum_type
Gesneriaceae,gesneriaceae
Geum,geum
Geum-type,geum_type
Geum cf. G. rivale,geum_cf_g_rivale
Geum cf. G. urbanum,geum_cf_g_urbanum
Geum montanum-type,geum_montanum_type
Geum rivale,geum_rivale
Geum/Potentilla,geum_potentilla
Gevuina,gevuina
Gilbertiodendron-type mayombense,gilbertiodendron_type_mayombense
Gilgella scaposa,gilgella_scaposa
Gilia,gilia
Gilia-type,gilia_type
Gilia aggregata,gilia_aggregata
Gingidia,gingidia
Gisekia,gisekia
Gisekia pharnaceoides,gisekia_pharnaceoides
Gladiolus,gladiolus
Gladiolus-type,gladiolus_type
Gladiolus illyricus-type,gladiolus_illyricus_type
Gladiolus watsonius-type,gladiolus_watsonius_type
Glaucium,glaucium
Glaucium-type,glaucium_type
Glaucium flavum,glaucium_flavum
Glaux,glaux
Glaux maritima,glaux_maritima
Glechoma-type,glechoma_type
Gleditsia,gleditsia
Glenniea,glenniea
Globimetula-type,globimetula_type
Globularia,globularia
Glochidion,glochidion
Glyceria,glyceria
Glyceria-type,glyceria_type
Glycydendron,glycydendron
Glyphaea brevis,glyphaea_brevis
Gnaphalium,gnaphalium
Gnaphalium-type,gnaphalium_type
Gnidia,gnidia
Gnidia-type,gnidia_type
Gnidia-type (G. glauca),gnidia_type_g_glauca
Gnidia-type chrysantha,gnidia_type_chrysantha
Gnidia-type glauca,gnidia_type_glauca
Gochnatia,gochnatia
Godoya,godoya
Gomortega keule,gomortega_keule
Gompholobium,gompholobium
Gomphrena,gomphrena
Gomphrena-type,gomphrena_type
Gomphrena-type undiff.,gomphrena_type_undiff
Gomphrena (type 1),gomphrena_type_1
Gomphrena (type 2),gomphrena_type_2
Gomphrena (type 3),gomphrena_type_3
Gomphrena/Pfaffia,gomphrena_pfaffia
Gonocalyx,gonocalyx
Goodenia,goodenia
Goodenia/Velleia,goodenia_velleia
Goodeniaceae,goodeniaceae
Gordonia,gordonia
Gordonia (type 2),gordonia_type_2
Gordonia fruticosa,gordonia_fruticosa
Gordonia/Laplacea,gordonia_laplacea
Gorteria-type beguinotii,gorteria_type_beguinotii
Gossypium,gossypium
Gouania,gouania
Gratiola,gratiola
Gratiola officinalis,gratiola_officinalis
Greigia,greigia
Grevillea,grevillea
Grevillea-type,grevillea_type
Grevillea australis,grevillea_australis
Grevillea victoriae,grevillea_victoriae
Grevillea/Hakea,grevillea_hakea
Grewia,grewia
Grewia-type,grewia_type
Grewia-type tenax,grewia_type_tenax
Grewia villosa,grewia_villosa
Greyia,greyia
Grielum,grielum
Griselinia,griselinia
Griselinia cf. G. ruscifolia,griselinia_cf_g_ruscifolia
Grossulariaceae,grossulariaceae
Guaiacum,guaiacum
Guapira,guapira
Guarea,guarea
Guarea-type,guarea_type
Guatteria,guatteria
Guazuma,guazuma
Guazuma-type,guazuma_type
Guettarda,guettarda
Guettarda-type,guettarda_type
Guettarda combsii,guettarda_combsii
Guettarda sp.,guettarda_sp
Guibourtia-type demeusei,guibourtia_type_demeusei
Guiera senegalensis,guiera_senegalensis
Guioa,guioa
Guizotia-type,guizotia_type
Gundelia-type,gundelia_type
Gunnera,gunnera
Gunnera manicata,gunnera_manicata
Gunnera perpensa,gunnera_perpensa
Gunnera tinctoria,gunnera_tinctoria
Gunneraceae,gunneraceae
Gustavia,gustavia
Gustavia (type 1),gustavia_type_1
Gustavia (type 2),gustavia_type_2
Gymnanthes,gymnanthes
Gymnanthes lucida,gymnanthes_lucida
Gymnocarpos,gymnocarpos
Gymnopodium,gymnopodium
Gymnoschoenus,gymnoschoenus
Gymnoschoenus-type,gymnoschoenus_type
Gymnoschoenus sphaerocephalus,gymnoschoenus_sphaerocephalus
Gymnosporia,gymnosporia
Gymnosporia-type senegalensis,gymnosporia_type_senegalensis
Gymnosporia senegalensis,gymnosporia_senegalensis
Gymnostoma,gymnostoma
Gynandriris sisyrinchium,gynandriris_sisyrinchium
Gynatrix,gynatrix
Gynoxys-type,gynoxys_type
Gypsophila,gypsophila
Gypsophila-type,gypsophila_type
Gypsophila arrostii,gypsophila_arrostii
Gypsophila fastigiata,gypsophila_fastigiata
Gypsophila fastigiata-type,gypsophila_fastigiata_type
Gypsophila fastigiata/G. repens,gypsophila_fastigiata_g_repens
Gypsophila muralis,gypsophila_muralis
Gypsophila repens,gypsophila_repens
Gypsophila repens-type,gypsophila_repens_type
Gyranthera,gyranthera
Gyrostemon,gyrostemon
Gyrostemonaceae,gyrostemonaceae
Habenaria-type,habenaria_type
Haemanthus,haemanthus
Haemanthus-type,haemanthus_type
Haematostaphis-type (H. barteri),haematostaphis_type_h_barteri
Haematoxylum-type,haematoxylum_type
Hagenia,hagenia
Hagenia abyssinica,hagenia_abyssinica
Hakea,hakea
Hakea-type,hakea_type
Hakea teretifolia,hakea_teretifolia
Halimium,halimium
Halimium-type,halimium_type
Halimium halimifolium-type,halimium_halimifolium_type
Halimium/Tuberaria,halimium_tuberaria
Halocarpus,halocarpus
Haloragis,haloragis
Haloragis micrantha,haloragis_micrantha
Haloragis sim.,haloragis_sim
Haloragodendron,haloragodendron
Halothamnus-type,halothamnus_type
Hamamelidaceae,hamamelidaceae
Hamamelis,hamamelis
Hamamelis virginiana,hamamelis_virginiana
Hammada-type,hammada_type
Hampea trilobata,hampea_trilobata
Haplocoelum,haplocoelum
Haplopappus,haplopappus
Haplophyllum,haplophyllum
Haplophyllum-type,haplophyllum_type
Hardenbergia,hardenbergia
Harrisonia-type,harrisonia_type
Harungana,harungana
Harungana madagascariensis,harungana_madagascariensis
Harungana madagascariensis-type,harungana_madagascariensis_type
Havardia,havardia
Hebe,hebe
Hebenstretia dentata,hebenstretia_dentata
Hedera,hedera
Hedera-type,hedera_type
Hedera helix,hedera_helix
Hedera helix-type,hedera_helix_type
Hedycarya,hedycarya
Hedyosmum,hedyosmum
Hedyosmum brasiliense,hedyosmum_brasiliense
Hedyotis,hedyotis
Hedyotis-type,hedyotis_type
Hedysarum,hedysarum
Hedysarum-type,hedysarum_type
Hedysarum cf. H. coronarium,hedysarum_cf_h_coronarium
Hedysarum cf. H. hedysaroides,hedysarum_cf_h_hedysaroides
Hedysarum hedysaroides,hedysarum_hedysaroides
Hedysarum/Ebenus,hedysarum_ebenus
Heisteria,heisteria
Heisteria-type,heisteria_type
Heliantheae,heliantheae
Helianthemum,helianthemum
Helianthemum-type,helianthemum_type
Helianthemum canum-type,helianthemum_canum_type
Helianthemum cf. H. canum,helianthemum_cf_h_canum
Helianthemum cf. H. nummularium,helianthemum_cf_h_nummularium
Helianthemum cf. H. oelandicum,helianthemum_cf_h_oelandicum
Helianthemum croceum-type,helianthemum_croceum_type
Helianthemum marifolium,helianthemum_marifolium
Helianthemum nummularium,helianthemum_nummularium
Helianthemum nummularium-type,helianthemum_nummularium_type
Helianthemum oelandicum-type,helianthemum_oelandicum_type
Helianthemum oelandicum subsp. alpestris,helianthemum_oelandicum_subsp_alpestris
Helianthemum oelandicum subsp. alpestris-type,helianthemum_oelandicum_subsp_alpestris_type
Helianthemum sp.,helianthemum_sp
Helianthemum undiff.,helianthemum_undiff
Helianthus,helianthus
Helianthus-type,helianthus_type
Helichrysum,helichrysum
Helichrysum-type,helichrysum_type
Helichrysum foetidum-type,helichrysum_foetidum_type
Helichrysum forskalii-type,helichrysum_forskalii_type
Helicia,helicia
Helicostylis,helicostylis
Helicteres,helicteres
Helicteres (type 1),helicteres_type_1
Helicteres jamaicensis,helicteres_jamaicensis
Heliocarpus,heliocarpus
Heliocarpus americanus,heliocarpus_americanus
Heliotropium,heliotropium
Heliotropium-type,heliotropium_type
Heliotropium europaeum-type,heliotropium_europaeum_type
Heliotropium steudneri,heliotropium_steudneri
Heliotropium steudneri-type,heliotropium_steudneri_type
Helleborus,helleborus
Helleborus-type,helleborus_type
Helleborus foetidus,helleborus_foetidus
Helleborus undiff.,helleborus_undiff
Helleborus viridis,helleborus_viridis
Helleborus viridis-type,helleborus_viridis_type
Heloniopsis,heloniopsis
Helosciadium inundatum,helosciadium_inundatum
Heracleum,heracleum
Heracleum-type,heracleum_type
Heracleum lanatum,heracleum_lanatum
Heracleum sphondylium,heracleum_sphondylium
Heracleum sphondylium-type,heracleum_sphondylium_type
Heracleum undiff.,heracleum_undiff
Heritiera,heritiera
Hermannia,hermannia
Hermannia-type,hermannia_type
Hernandia,hernandia
Hernandiaceae,hernandiaceae
Herniaria,herniaria
Herniaria-type,herniaria_type
Herniaria glabra-type,herniaria_glabra_type
Herrania,herrania
Hesperomeles,hesperomeles
Heteradelphia paulowilhelmia,heteradelphia_paulowilhelmia
Heteromorpha,heteromorpha
Heteromorpha-type,heteromorpha_type
Heteropterys,heteropterys
Heterosavia bahamensis,heterosavia_bahamensis
Heuchera-type,heuchera_type
Hevea,hevea
Hevea brasiliensis,hevea_brasiliensis
Hewittia-type malabarica,hewittia_type_malabarica
Hewittia scandens,hewittia_scandens
Hibbertia,hibbertia
Hibiscus,hibiscus
Hibiscus-type,hibiscus_type
Hibiscus-type micranthus,hibiscus_type_micranthus
Hibiscus fragilis,hibiscus_fragilis
Hibiscus fragilis-type,hibiscus_fragilis_type
Hieracium,hieracium
Hieracium-type,hieracium_type
Hieronyma,hieronyma
Hieronyma-type,hieronyma_type
Hieronyma (type 1),hieronyma_type_1
Hieronyma (type 2),hieronyma_type_2
Hieronyma (type 3),hieronyma_type_3
Hieronyma (type II),hieronyma_type_ii
Hieronyma undiff.,hieronyma_undiff
Hildebrandtia-type obcordata,hildebrandtia_type_obcordata
Himatanthus,himatanthus
Hippeastrum,hippeastrum
Hippocastanoideae,hippocastanoideae
Hippocastanoideae undiff.,hippocastanoideae_undiff
Hippocratea,hippocratea
Hippocratea-type,hippocratea_type
Hippocrepis,hippocrepis
Hippocrepis-type,hippocrepis_type
Hippocrepis comosa,hippocrepis_comosa
Hippomane,hippomane
Hippomane mancinella,hippomane_mancinella
Hippophaë,hippophae
Hippophaë rhamnoides,hippophae_rhamnoides
Hiptage comp.,hiptage_comp
Hiraea,hiraea
Hirtella,hirtella
Hoheria angustifolia,hoheria_angustifolia
Hoheria lyallii-type,hoheria_lyallii_type
Holodiscus,holodiscus
Holodiscus-type,holodiscus_type
Holoptelea,holoptelea
Holoptelea grandis,holoptelea_grandis
Holosteum umbellatum,holosteum_umbellatum
Homalanthus,homalanthus
Homalanthus cf. H. stokesii,homalanthus_cf_h_stokesii
Homalium,homalium
Homalium-type,homalium_type
Homogyne,homogyne
Homogyne-type,homogyne_type
Homogyne alpina,homogyne_alpina
Hordelymus,hordelymus
Hordeum,hordeum
Hordeum-type,hordeum_type
Hordeum group,hordeum_group
Hordeum vulgare-type,hordeum_vulgare_type
Hordeum/Secale,hordeum_secale
Hordeum/Triticum-type,hordeum_triticum_type
Hornungia,hornungia
Hornungia-type,hornungia_type
Hovea,hovea
Hovea/Bossiaea,hovea_bossiaea
Hua gabonii,hua_gabonii
Hudsonia,hudsonia
Hugonia,hugonia
Hugonia-type platysepala,hugonia_type_platysepala
Humiria,humiria
Humiriaceae,humiriaceae
Humulus,humulus
Humulus-type,humulus_type
Humulus lupulus,humulus_lupulus
Humulus lupulus-type,humulus_lupulus_type
Humulus/Cannabis,humulus_cannabis
Humulus/Cannabis-type,humulus_cannabis_type
Humulus/Cannabis sativa,humulus_cannabis_sativa
Humulus/Urtica,humulus_urtica
Hura,hura
Hura-type,hura_type
Hyacinthoides-type,hyacinthoides_type
Hydrangea,hydrangea
Hydrangeaceae,hydrangeaceae
Hydrogaster,hydrogaster
Hydrolea,hydrolea
Hydrophyllaceae,hydrophyllaceae
Hydrophyllaceae-type,hydrophyllaceae_type
Hydrophyllum,hydrophyllum
Hydrophyllum cf. H. virginianum,hydrophyllum_cf_h_virginianum
Hylodendron gabunense,hylodendron_gabunense
Hymenaea,hymenaea
Hymenaea-type,hymenaea_type
Hymenanthera,hymenanthera
Hymenocallis,hymenocallis
Hymenocardia,hymenocardia
Hymenocardia-type ulmoides,hymenocardia_type_ulmoides
Hymenocardia acida,hymenocardia_acida
Hymenocardia acida-type,hymenocardia_acida_type
Hymenocardia/Chaetachme,hymenocardia_chaetachme
Hymenodictyon,hymenodictyon
Hymenodictyon-type,hymenodictyon_type
Hymenodictyon-type (H. floribundum),hymenodictyon_type_h_floribundum
Hymenodictyon-type floribundum,hymenodictyon_type_floribundum
Hymenodictyon floribundum-type,hymenodictyon_floribundum_type
Hymenolobium,hymenolobium
Hymenostegia,hymenostegia
Hymenostegia-type pellegrini,hymenostegia_type_pellegrini
Hyophorbe-type,hyophorbe_type
Hyoscyamus,hyoscyamus
Hyoscyamus niger,hyoscyamus_niger
Hypecoum,hypecoum
Hypecoum-type,hypecoum_type
Hyperacanthus,hyperacanthus
Hypericaceae,hypericaceae
Hypericum,hypericum
Hypericum-type,hypericum_type
Hypericum (mini),hypericum_mini
Hypericum androsaemum,hypericum_androsaemum
Hypericum calycinum-type,hypericum_calycinum_type
Hypericum cf. H. elodes,hypericum_cf_h_elodes
Hypericum elodes,hypericum_elodes
Hypericum elodes-type,hypericum_elodes_type
Hypericum gramineum,hypericum_gramineum
Hypericum hirtellum var. assyriacum-type,hypericum_hirtellum_var_assyriacum_type
Hypericum japonicum,hypericum_japonicum
Hypericum perforatum,hypericum_perforatum
Hypericum perforatum-type,hypericum_perforatum_type
Hypericum perforatum group,hypericum_perforatum_group
Hypericum perforatum/H. androsaemum-type,hypericum_perforatum_h_androsaemum_type
Hypericum pulchrum-type,hypericum_pulchrum_type
Hypericum undiff.,hypericum_undiff
Hyphaene,hyphaene
Hyphaene-type,hyphaene_type
Hyphaene thebaica,hyphaene_thebaica
Hypoestes,hypoestes
Hypoestes-type,hypoestes_type
Hypoestes-type aristata,hypoestes_type_aristata
Hypoxis,hypoxis
Hyptis,hyptis
Hyptis-type,hyptis_type
Hyptis brevipes,hyptis_brevipes
Hyptis brevipes-type (12µm),hyptis_brevipes_type_12mu_m
Hystrix,hystrix
Hystrix (type A),hystrix_type_a
Hystrix (type B),hystrix_type_b
Icacinaceae,icacinaceae
Ilex,ilex
Ilex-type,ilex_type
Ilex (type 2),ilex_type_2
Ilex aquifolium,ilex_aquifolium
Ilex aquifolium-type,ilex_aquifolium_type
Ilex mitis,ilex_mitis
Ilex verticillata,ilex_verticillata
Ilex/Nemopanthus,ilex_nemopanthus
Ilex/Nemopanthus undiff.,ilex_nemopanthus_undiff
Illecebrum,illecebrum
Illecebrum-type,illecebrum_type
Illecebrum verticillatum,illecebrum_verticillatum
Illecebrum verticillatum-type,illecebrum_verticillatum_type
Illicium,illicium
Impatiens,impatiens
Impatiens-type,impatiens_type
Impatiens capensis,impatiens_capensis
Impatiens noli-tangere,impatiens_noli_tangere
Impatiens parviflora,impatiens_parviflora
Indigofera,indigofera
Indigofera-type,indigofera_type
Indigofera-type schimperi,indigofera_type_schimperi
Indigofera schimperi-type,indigofera_schimperi_type
Inga,inga
Inga-type,inga_type
Inga sp.,inga_sp
Inula,inula
Inula-type,inula_type
Inuleae,inuleae
Iodes,iodes
Ipomoea,ipomoea
Ipomoea-type,ipomoea_type
Ipomoea cf. I. batatas,ipomoea_cf_i_batatas
Iresine,iresine
Iresine-type,iresine_type
Iriartea,iriartea
Iriartea-type,iriartea_type
Iriartea deltoidea,iriartea_deltoidea
Iriartella,iriartella
Iridaceae,iridaceae
Iridaceae-type,iridaceae_type
Iridaceae (psilate),iridaceae_psilate
Iridaceae (reticulate),iridaceae_reticulate
Iridaceae (type I),iridaceae_type_i
Iridaceae (type II),iridaceae_type_ii
Iridaceae undiff.,iridaceae_undiff
Iridaceae/Liliaceae,iridaceae_liliaceae
Iris,iris
Iris-type,iris_type
Iris germanica-type,iris_germanica_type
Iris pseudacorus,iris_pseudacorus
Iris pseudacorus-type,iris_pseudacorus_type
Iris versicolor,iris_versicolor
Irvingia,irvingia
Irvingia-type,irvingia_type
Irvingia-type (I. wombolu),irvingia_type_i_wombolu
Irvingia-type gabonensis,irvingia_type_gabonensis
Irvingiaceae,irvingiaceae
Irvingiaceae undiff.,irvingiaceae_undiff
Iryanthera,iryanthera
Isertia,isertia
Isoberlinia,isoberlinia
Isoberlinia-type,isoberlinia_type
Isoglossa,isoglossa
Isophysis,isophysis
Isopyrum,isopyrum
Isotoma,isotoma
Itea,itea
Iva,iva
Iva-type,iva_type
Iva annua,iva_annua
Iva annua-type,iva_annua_type
Iva frutescens,iva_frutescens
Iva frutescens-type,iva_frutescens_type
Iva imbricata,iva_imbricata
Iva undiff.,iva_undiff
Ixora,ixora
Ixora-type,ixora_type
Ixora-type (I. brachypoda),ixora_type_i_brachypoda
Ixora-type brachypoda,ixora_type_brachypoda
Jacaranda,jacaranda
Jacaranda (type 2),jacaranda_type_2
Jacquemontia,jacquemontia
Jacquemontia havanensis,jacquemontia_havanensis
Jasione,jasione
Jasione-type,jasione_type
Jasione montana,jasione_montana
Jasione montana-type,jasione_montana_type
Jasminum,jasminum
Jasminum-type,jasminum_type
Jasminum abyssinicum,jasminum_abyssinicum
Jasminum abyssinicum-type,jasminum_abyssinicum_type
Jasminum fruticans-type,jasminum_fruticans_type
Jasminum grandiflorum subsp. floribundum-type,jasminum_grandiflorum_subsp_floribundum_type
Jatropha,jatropha
Jatropha-type,jatropha_type
Jatropha pelargoniifolia,jatropha_pelargoniifolia
Jatropha/Croton,jatropha_croton
Joosia,joosia
Juglandaceae,juglandaceae
Juglandaceae-type,juglandaceae_type
Juglandaceae cf. Engelhardia,juglandaceae_cf_engelhardia
Juglandaceae undiff.,juglandaceae_undiff
Juglans,juglans
Juglans-type,juglans_type
Juglans cf. J. cinerea,juglans_cf_j_cinerea
Juglans cf. J. nigra,juglans_cf_j_nigra
Juglans cinerea,juglans_cinerea
Juglans cinerea-type,juglans_cinerea_type
Juglans nigra,juglans_nigra
Juglans nigra-type,juglans_nigra_type
Juglans regia,juglans_regia
Juglans undiff.,juglans_undiff
Juglans/Pterocarya,juglans_pterocarya
Julbernardia,julbernardia
Julbernardia paniculata-type,julbernardia_paniculata_type
Julbernardia seretii-type,julbernardia_seretii_type
Julbernardia type 1,julbernardia_type_1
Julbernardia type 2,julbernardia_type_2
Juncaceae,juncaceae
Juncus/Luzula,juncus_luzula
Jungia-type,jungia_type
Juniperus,juniperus
Juniperus-type,juniperus_type
Juniperus-type procera,juniperus_type_procera
Juniperus cf. J. procera,juniperus_cf_j_procera
Juniperus communis,juniperus_communis
Juniperus communis-type,juniperus_communis_type
Juniperus communis/Thuja occidentalis-type,juniperus_communis_thuja_occidentalis_type
Juniperus procera,juniperus_procera
Juniperus sabina,juniperus_sabina
Juniperus/Calocedrus,juniperus_calocedrus
Juniperus/Thuja,juniperus_thuja
Jurinea,jurinea
Jurinea-type,jurinea_type
Justicia,justicia
Justicia-type,justicia_type
Justicia-type (J. flava),justicia_type_j_flava
Justicia-type anselliana,justicia_type_anselliana
Justicia-type betonica,justicia_type_betonica
Justicia-type flava,justicia_type_flava
Justicia-type odora,justicia_type_odora
Justicia (diporate),justicia_diporate
Justicia (triporate),justicia_triporate
Justicia anselliana-type,justicia_anselliana_type
Justicia comp.,justicia_comp
Justicia flava,justicia_flava
Justicia flava-type,justicia_flava_type
Justicia odora,justicia_odora
Justicia odora-type,justicia_odora_type
Justicia striata-type,justicia_striata_type
Kalanchoe,kalanchoe
Kallstroemia,kallstroemia
Kalmia,kalmia
Kalmia procumbens,kalmia_procumbens
Kedrostis,kedrostis
Kedrostis-type,kedrostis_type
Keetia,keetia
Keetia-type (K. cornelia),keetia_type_k_cornelia
Keetia-type (K. venosa),keetia_type_k_venosa
Keetia-type gueinzii,keetia_type_gueinzii
Keetia gueinzii-type,keetia_gueinzii_type
Kermadecia/Stenocarpus,kermadecia_stenocarpus
Khaya,khaya
Khaya-type,khaya_type
Kickxia,kickxia
Kickxia/Diclis,kickxia_diclis
Kiggelaria,kiggelaria
Kiggelaria africana,kiggelaria_africana
Kirkia,kirkia
Klaineanthus gaboniae,klaineanthus_gaboniae
Kleinhovia hospita,kleinhovia_hospita
Knautia,knautia
Knautia-type,knautia_type
Knautia arvensis,knautia_arvensis
Knautia arvensis-type,knautia_arvensis_type
Knautia/Dipsacus,knautia_dipsacus
Knightia,knightia
Kniphofia,kniphofia
Kniphofia-type reflexa,kniphofia_type_reflexa
Kochia-type,kochia_type
Koenigia,koenigia
Koenigia-type,koenigia_type
Koenigia alaskana,koenigia_alaskana
Koenigia alpina,koenigia_alpina
Koenigia alpina-type,koenigia_alpina_type
Koenigia islandica,koenigia_islandica
Koenigia islandica-type,koenigia_islandica_type
Koenigia sect. Aconogonon,koenigia_sect_aconogonon
Koenigia sect. Pleuropteropyrum,koenigia_sect_pleuropteropyrum
Kohautia,kohautia
Kohautia-type caespitosa,kohautia_type_caespitosa
Kohautia caespitosa,kohautia_caespitosa
Kohautia caespitosa-type,kohautia_caespitosa_type
Kotschya,kotschya
Kotschya-type,kotschya_type
Kotschya africana-type,kotschya_africana_type
Krascheninnikovia ceratoides,krascheninnikovia_ceratoides
Kunzea,kunzea
Kunzea-type,kunzea_type
Kunzea muelleri-type,kunzea_muelleri_type
Kunzea/Leptospermum,kunzea_leptospermum
Labatia,labatia
Labourdonnaisia-type,labourdonnaisia_type
Lachemilla,lachemilla
Lacistema,lacistema
Lacistema aggregatum,lacistema_aggregatum
Lacmellea,lacmellea
Lacmellea-type,lacmellea_type
Lacmellea sp.,lacmellea_sp
Lactuca,lactuca
Lactuca-type,lactuca_type
Lactuca sativa-type,lactuca_sativa_type
Lactucoideae undiff.,lactucoideae_undiff
Laetia aff. L. coriacea,laetia_aff_l_coriacea
Lafoensia,lafoensia
Lagarostrobos,lagarostrobos
Lagarostrobos franklinii,lagarostrobos_franklinii
Lagenocarpus,lagenocarpus
Lagerstroemia speciosa,lagerstroemia_speciosa
Lagotis,lagotis
Lagotis glauca,lagotis_glauca
Laguncularia,laguncularia
Laguncularia racemosa,laguncularia_racemosa
Lamanonia,lamanonia
Lamanonia cf. L. speciosa,lamanonia_cf_l_speciosa
Lamiaceae,lamiaceae
Lamiaceae (hexacolpate),lamiaceae_hexacolpate
"Lamiaceae (hexacolpate, scabrate, 40 µm)",lamiaceae_hexacolpate_scabrate_40_mu_m
Lamiaceae (large),lamiaceae_large
Lamiaceae (small),lamiaceae_small
Lamiaceae (tricolpate),lamiaceae_tricolpate
Lamiaceae cf. Mentha,lamiaceae_cf_mentha
Lamiaceae cf. Stachys,lamiaceae_cf_stachys
Lamiaceae pro parte,lamiaceae_pro_parte
Lamiaceae undiff.,lamiaceae_undiff
Lamium,lamium
Lamium-type,lamium_type
Lamium album,lamium_album
Lamium album-type,lamium_album_type
Lamium amplexicaule-type,lamium_amplexicaule_type
Lamium purpureum var. hybridum-type,lamium_purpureum_var_hybridum_type
Landolphia,landolphia
Landolphia-type,landolphia_type
Landolphia-type (type 3),landolphia_type_type_3
Lannea,lannea
Lannea-type,lannea_type
Lannea acida,lannea_acida
Lannea/Sclerocarya,lannea_sclerocarya
Lantana,lantana
Lantana-type ukambensis,lantana_type_ukambensis
Lantana-type viburnoides,lantana_type_viburnoides
Lapageria,lapageria
Laportea,laportea
Laportea-type,laportea_type
Laportea-type aestuans,laportea_type_aestuans
Laportea aestuans-type,laportea_aestuans_type
Larix,larix
Larix-type,larix_type
Larix decidua,larix_decidua
Larix decidua-type,larix_decidua_type
Larix gmelinii,larix_gmelinii
Larix laricina,larix_laricina
Larix sibirica,larix_sibirica
Larix/Pseudotsuga,larix_pseudotsuga
Larrea,larrea
Laser trilobum,laser_trilobum
Laserpitium,laserpitium
Laserpitium latifolium,laserpitium_latifolium
Laserpitium latifolium-type,laserpitium_latifolium_type
Laserpitium prutenicum,laserpitium_prutenicum
Lasianthus,lasianthus
Lasiodiscus,lasiodiscus
Lastarriaea chilensis-type,lastarriaea_chilensis_type
Latania-type,latania_type
Latania/Dracaena-type,latania_dracaena_type
Lathraea,lathraea
Lathyrus,lathyrus
Lathyrus-type,lathyrus_type
Lathyrus linifolius-type,lathyrus_linifolius_type
Lathyrus palustris,lathyrus_palustris
Lathyrus/Vicia-type,lathyrus_vicia_type
Launaea taraxacifolia,launaea_taraxacifolia
Lauraceae,lauraceae
Lauraceae (type 1),lauraceae_type_1
Lauraceae (type 3),lauraceae_type_3
Lauraceae cf. Aniba,lauraceae_cf_aniba
Laurelia,laurelia
Laurembergia,laurembergia
Laurembergia repens subsp. brachypoda,laurembergia_repens_subsp_brachypoda
Laurembergia tetrandra,laurembergia_tetrandra
Laurus,laurus
Laurus nobilis,laurus_nobilis
Lavandula,lavandula
Lavandula-type,lavandula_type
Lavandula stoechas-type,lavandula_stoechas_type
Lavatera,lavatera
Lavatera-type,lavatera_type
Lawsonia,lawsonia
Lawsonia-type inermis,lawsonia_type_inermis
Lecaniodiscus-type (L. cupanioides),lecaniodiscus_type_l_cupanioides
Lecaniodiscus-type cupanioides,lecaniodiscus_type_cupanioides
Lecaniodiscus/Lepisanthes senegalensis,lecaniodiscus_lepisanthes_senegalensis
Lechea,lechea
Lecythidaceae,lecythidaceae
Lecythidaceae-type,lecythidaceae_type
Lecythidaceae undiff.,lecythidaceae_undiff
Ledum-type,ledum_type
Leea,leea
Legousia,legousia
Legousia-type,legousia_type
Leitneria,leitneria
Leitneria floridana,leitneria_floridana
Leonardoxa-type,leonardoxa_type
Leonotis,leonotis
Leonotis-type,leonotis_type
Leontice,leontice
Leontice-type,leontice_type
Leontice leontopetalum,leontice_leontopetalum
Lepidagathis,lepidagathis
Lepidagathis-type,lepidagathis_type
Lepidium,lepidium
Lepidocaryum-type,lepidocaryum_type
Lepidoceras,lepidoceras
Lepidosperma,lepidosperma
Lepidothamnus,lepidothamnus
Lepidothamnus fonkii,lepidothamnus_fonkii
Lepironia comp.,lepironia_comp
Lepisanthes,lepisanthes
Lepisanthes-type (L. senegalensis),lepisanthes_type_l_senegalensis
Lepisanthes-type senegalensis,lepisanthes_type_senegalensis
Lepisanthes senegalensis,lepisanthes_senegalensis
Leptactina,leptactina
Leptaulus,leptaulus
Leptocarpus,leptocarpus
Leptosiphon,leptosiphon
Leptospermum,leptospermum
Leptospermum-type,leptospermum_type
Leptospermum lanigerum,leptospermum_lanigerum
Leptospermum undiff.,leptospermum_undiff
Leptospermum/Baeckea,leptospermum_baeckea
Leretia,leretia
Lesquerella,lesquerella
Leucaena,leucaena
Leucaena leucocephala,leucaena_leucocephala
Leucas,leucas
Leucas-type,leucas_type
Leucojum,leucojum
Leucojum/Galanthus,leucojum_galanthus
Leucopogon,leucopogon
Leucopogon-type,leucopogon_type
Leucopogon suaveolens,leucopogon_suaveolens
Leucosidea,leucosidea
Leucospermum,leucospermum
Levisticum officinale,levisticum_officinale
Lewisia,lewisia
Leymus arenarius,leymus_arenarius
Libocedrus,libocedrus
Licania,licania
Ligusticum,ligusticum
Ligusticum calderi-type,ligusticum_calderi_type
Ligusticum mutellina,ligusticum_mutellina
Ligusticum mutellinoides-type,ligusticum_mutellinoides_type
Ligusticum scoticum,ligusticum_scoticum
Ligustrum,ligustrum
Ligustrum-type,ligustrum_type
Ligustrum vulgare,ligustrum_vulgare
Ligustrum vulgare-type,ligustrum_vulgare_type
Ligustrum vulgare/Syringa vulgaris,ligustrum_vulgare_syringa_vulgaris
Lilaeopsis,lilaeopsis
Liliaceae,liliaceae
Liliaceae-type,liliaceae_type
Liliaceae-type undiff.,liliaceae_type_undiff
Liliaceae pro parte,liliaceae_pro_parte
Liliaceae sensu lato,liliaceae_sensu_lato
Liliaceae undiff.,liliaceae_undiff
Liliales,liliales
Lilium,lilium
Lilium-type,lilium_type
Lilium martagon,lilium_martagon
Lilium martagon-type,lilium_martagon_type
Lilium philadelphicum-type,lilium_philadelphicum_type
Limeum,limeum
Limnophila,limnophila
Limnophila-type,limnophila_type
Limonium,limonium
Limonium-type,limonium_type
Limonium cf. L. limbatum,limonium_cf_l_limbatum
Limonium humile-type,limonium_humile_type
Limonium vulgare,limonium_vulgare
Limonium vulgare (type A),limonium_vulgare_type_a
Limosella,limosella
Linaceae,linaceae
Linaceae undiff.,linaceae_undiff
Linanthus,linanthus
Linaria,linaria
Linaria-type,linaria_type
Lindackeria,lindackeria
Lindackeria-type,lindackeria_type
Lindernia,lindernia
Lingelsheimia-type frutescens,lingelsheimia_type_frutescens
Linnaea,linnaea
Linnaea borealis,linnaea_borealis
Linociera,linociera
Linum,linum
Linum-type,linum_type
Linum alpinum-type,linum_alpinum_type
Linum austriacum,linum_austriacum
Linum austriacum-type,linum_austriacum_type
Linum bienne-type,linum_bienne_type
Linum catharticum,linum_catharticum
Linum catharticum-type,linum_catharticum_type
Linum cf. L. usitatissimum,linum_cf_l_usitatissimum
Linum sp.,linum_sp
Linum undiff.,linum_undiff
Linum usitatissimum,linum_usitatissimum
Linum usitatissimum-type,linum_usitatissimum_type
Lippia,lippia
Lippia-type,lippia_type
Liquidambar,liquidambar
Liquidambar styraciflua,liquidambar_styraciflua
Liriodendron,liriodendron
Liriodendron tulipifera,liriodendron_tulipifera
Listera,listera
Listera-type,listera_type
Listera cordata,listera_cordata
Lithocarpus,lithocarpus
Lithocarpus-type,lithocarpus_type
Lithodora fruticosa-type,lithodora_fruticosa_type
Lithospermum,lithospermum
Lithospermum-type,lithospermum_type
Lithospermum afromontanum-type,lithospermum_afromontanum_type
Lithospermum officinale,lithospermum_officinale
Lithospermum sp.,lithospermum_sp
Lithraea,lithraea
Lithraea/Schinus,lithraea_schinus
Litsea,litsea
Lloydia serotina,lloydia_serotina
Lobelia,lobelia
Lobelia-type,lobelia_type
Lobelia ancepts,lobelia_ancepts
Lobelia dortmanna,lobelia_dortmanna
Lobelia holstii-type,lobelia_holstii_type
Lobelia tenera,lobelia_tenera
Lobelioideae,lobelioideae
Lobelioideae undiff.,lobelioideae_undiff
Lobostemon,lobostemon
Lobostemon-type,lobostemon_type
Loesenera-type,loesenera_type
Loganiaceae,loganiaceae
Logfia-type,logfia_type
Lomandra,lomandra
Lomandra effusa-type,lomandra_effusa_type
Lomandra filiformis,lomandra_filiformis
Lomandra glauca,lomandra_glauca
Lomandra longifolia-type,lomandra_longifolia_type
Lomatia,lomatia
Lomatia-type,lomatia_type
Lomatia/Gevuina,lomatia_gevuina
Lomelosia argentea-type,lomelosia_argentea_type
Lomelosia graminifolia,lomelosia_graminifolia
Lomelosia rotata-type,lomelosia_rotata_type
Lonchocarpus,lonchocarpus
Lonchocarpus sericeus-type,lonchocarpus_sericeus_type
Longetia,longetia
Lonicera,lonicera
Lonicera-type,lonicera_type
Lonicera albiflora-type,lonicera_albiflora_type
Lonicera alpigena,lonicera_alpigena
Lonicera caerulea,lonicera_caerulea
Lonicera canadensis-type,lonicera_canadensis_type
Lonicera comp.,lonicera_comp
Lonicera nigra,lonicera_nigra
Lonicera nigra-type,lonicera_nigra_type
Lonicera periclymenum,lonicera_periclymenum
Lonicera periclymenum-type,lonicera_periclymenum_type
Lonicera xylosteum,lonicera_xylosteum
Lonicera xylosteum-type,lonicera_xylosteum_type
Lonicera/Symphoricarpos,lonicera_symphoricarpos
Lophira,lophira
Lophira alata,lophira_alata
Lophira lanceolata-type,lophira_lanceolata_type
Lophostemon,lophostemon
Lophostemon/Syncarpia hillii,lophostemon_syncarpia_hillii
Loranthaceae,loranthaceae
Loranthaceae (type 1),loranthaceae_type_1
Loranthaceae (type 2),loranthaceae_type_2
Loranthaceae cf. Tristerix,loranthaceae_cf_tristerix
Loranthaceae undiff.,loranthaceae_undiff
Loranthus,loranthus
Loranthus-type,loranthus_type
Loranthus europaeus,loranthus_europaeus
Loricaria,loricaria
Loricaria-type,loricaria_type
Lotus,lotus
Lotus-type,lotus_type
Lotus arabicus,lotus_arabicus
Lotus arabicus-type,lotus_arabicus_type
Lotus cf. L. corniculatus,lotus_cf_l_corniculatus
Lotus corniculatus,lotus_corniculatus
Lotus maritimus,lotus_maritimus
Lotus pedunculatus,lotus_pedunculatus
Lotus pedunculatus-type,lotus_pedunculatus_type
Lotus sp.,lotus_sp
Lotus undiff.,lotus_undiff
Loxopterygium,loxopterygium
Ludwigia-type,ludwigia_type
Luehea,luehea
Luehea-type,luehea_type
Lueheopsis,lueheopsis
Luetzelburgia,luetzelburgia
Luffa,luffa
Luffa-type,luffa_type
Luma chequen,luma_chequen
Lumnitzera,lumnitzera
Lumnitzera racemosa-type (16µm),lumnitzera_racemosa_type_16mu_m
Lundia,lundia
Lundia sp.,lundia_sp
Lupinus,lupinus
Lupinus-type,lupinus_type
Luzula,luzula
Lychnis-type,lychnis_type
Lychnis/Dianthus-type,lychnis_dianthus_type
Lychnophora,lychnophora
Lychnophora-type,lychnophora_type
Lycianthes,lycianthes
Lycium,lycium
Lycium-type,lycium_type
Lycopsis,lycopsis
Lycopsis arvensis,lycopsis_arvensis
Lycopsis arvensis-type,lycopsis_arvensis_type
Lycopus,lycopus
Lycopus-type,lycopus_type
Lycopus europaeus,lycopus_europaeus
Lycopus/Mentha,lycopus_mentha
Lycopus/Mentha longifolia,lycopus_mentha_longifolia
Lygeum,lygeum
Lygeum spartum,lygeum_spartum
Lyonia,lyonia
Lysichiton,lysichiton
Lysichiton americanus,lysichiton_americanus
Lysiloma latisiliquum,lysiloma_latisiliquum
Lysimachia,lysimachia
Lysimachia-type,lysimachia_type
Lysimachia angustiloba-type,lysimachia_angustiloba_type
Lysimachia ephemerum,lysimachia_ephemerum
Lysimachia nemorum,lysimachia_nemorum
Lysimachia nemorum-type,lysimachia_nemorum_type
Lysimachia nummularia,lysimachia_nummularia
Lysimachia quadriflora-type,lysimachia_quadriflora_type
Lysimachia terrestris/L. thyrsiflora,lysimachia_terrestris_l_thyrsiflora
Lysimachia thyrsiflora,lysimachia_thyrsiflora
Lysimachia vulgaris,lysimachia_vulgaris
Lysimachia vulgaris-group,lysimachia_vulgaris_minus_group
Lysimachia vulgaris-type,lysimachia_vulgaris_type
Lysipomia,lysipomia
Lysipomia (Rhizocephalum sensu stricto),lysipomia_rhizocephalum_sensu_stricto
Lysipomia laciniata-type,lysipomia_laciniata_type
Lysipomia undiff.,lysipomia_undiff
Lythraceae,lythraceae
Lythraceae (type 1),lythraceae_type_1
Lythraceae undiff.,lythraceae_undiff
Lythrum,lythrum
Lythrum-type,lythrum_type
Lythrum portula,lythrum_portula
Lythrum portula-type,lythrum_portula_type
Lythrum salicaria,lythrum_salicaria
Lythrum salicaria-type,lythrum_salicaria_type
Lythrum undiff.,lythrum_undiff
Mabea,mabea
Mabea-type,mabea_type
Mabea (type 1),mabea_type_1
Mabea (type 2),mabea_type_2
Mabea/Gunnera,mabea_gunnera
Macaranga,macaranga
Macaranga-type,macaranga_type
Macaranga capensis,macaranga_capensis
Macaranga comp.,macaranga_comp
Macaranga kilimandscharica,macaranga_kilimandscharica
Macaranga monandra,macaranga_monandra
Macaranga/Mallotus,macaranga_mallotus
Machaerium,machaerium
Machaerium-type,machaerium_type
Machaerium (type 2),machaerium_type_2
Machaerium lunatum,machaerium_lunatum
Machaerium/Byrsonima (type 1),machaerium_byrsonima_type_1
Machaerium/Byrsonima (type 2),machaerium_byrsonima_type_2
Machaerium/Byrsonima (type 3),machaerium_byrsonima_type_3
Machaerium/Dalbergia,machaerium_dalbergia
Machaerium/Dalbergia/Byrsonima,machaerium_dalbergia_byrsonima
Maclura,maclura
Maclura-type,maclura_type
Maclura pomifera-type,maclura_pomifera_type
Macoubea,macoubea
Macrocarpaea,macrocarpaea
Macrolobium,macrolobium
Macrolobium-type,macrolobium_type
Macrolobium acaciifolium,macrolobium_acaciifolium
Macrolobium angustifolium,macrolobium_angustifolium
Macrosphyra-type,macrosphyra_type
Macrothumia,macrothumia
Maerua,maerua
Maerua-type,maerua_type
Maerua crassifolia,maerua_crassifolia
Maerua/Ritchiea,maerua_ritchiea
Maesa,maesa
Maesa-type (M. lanceolata),maesa_type_m_lanceolata
Maesa lanceolata,maesa_lanceolata
Maesa lanceolata-type,maesa_lanceolata_type
Maesobotrya barteri-type,maesobotrya_barteri_type
Maesopsis-type,maesopsis_type
Maesopsis eminii,maesopsis_eminii
Magnolia,magnolia
Magnolia-type,magnolia_type
Magnolia virginiana,magnolia_virginiana
Magnolia virginiana-type,magnolia_virginiana_type
Magnoliaceae,magnoliaceae
Magnoliaceae undiff.,magnoliaceae_undiff
Magnoliatae indeterminata,magnoliatae_indeterminata
"Magnoliopsida (tricolporate, psilate)",magnoliopsida_tricolporate_psilate
"Magnoliopsida (tricolporate, reticulate)",magnoliopsida_tricolporate_reticulate
Magnoliopsida (type 1),magnoliopsida_type_1
Magnoliopsida (type 9),magnoliopsida_type_9
Magonia,magonia
Magonia pubescens,magonia_pubescens
Maianthemum,maianthemum
Maianthemum-type,maianthemum_type
Maianthemum bifolium,maianthemum_bifolium
Maianthemum/Paris,maianthemum_paris
Majidea,majidea
Malabaila,malabaila
Malanea,malanea
Malinae,malinae
Mallotus,mallotus
Mallotus-type,mallotus_type
Mallotus-type (M. oppositifolius),mallotus_type_m_oppositifolius
Mallotus-type oppositifolius,mallotus_type_oppositifolius
Mallotus oppositifolius,mallotus_oppositifolius
Malouetia,malouetia
Malouetia-type,malouetia_type
Malouetia aff. M. guatemalensis,malouetia_aff_m_guatemalensis
Malpighiaceae,malpighiaceae
Malpighiaceae-type,malpighiaceae_type
Malpighiaceae (periporate),malpighiaceae_periporate
Malpighiaceae (type A),malpighiaceae_type_a
Malpighiaceae (type B),malpighiaceae_type_b
Malpighiaceae (type C),malpighiaceae_type_c
Malpighiaceae (type D),malpighiaceae_type_d
Malpighiaceae (type E),malpighiaceae_type_e
Malpighiaceae cf. Gaudichaudia,malpighiaceae_cf_gaudichaudia
Malpighiaceae cf. Tetrapterys,malpighiaceae_cf_tetrapterys
Malpighiaceae undiff.,malpighiaceae_undiff
Malus,malus
Malus-type,malus_type
Malus sylvestris,malus_sylvestris
Malva,malva
Malva-type,malva_type
Malva neglecta,malva_neglecta
Malva neglecta-type,malva_neglecta_type
Malva sylvestris-type,malva_sylvestris_type
Malvaceae,malvaceae
Malvaceae cf. Huberodendron,malvaceae_cf_huberodendron
Malvaceae sensu stricto,malvaceae_sensu_stricto
Malvaceae undiff.,malvaceae_undiff
Mandevilla,mandevilla
Mangifera indica,mangifera_indica
Manihot,manihot
Manihot (native),manihot_native
Manilkara,manilkara
Manilkara-type,manilkara_type
Manilkara jaimiqui sp. emarginata,manilkara_jaimiqui_sp_emarginata
Mansoa,mansoa
Mansonia altissima-type,mansonia_altissima_type
Maprounea,maprounea
Maprounea-type,maprounea_type
Maquira,maquira
Maquira-type,maquira_type
Maracanthus,maracanthus
Maranthes-type,maranthes_type
Marcgraviaceae,marcgraviaceae
Marcgraviaceae-type,marcgraviaceae_type
Mareya-type,mareya_type
Margaritaria,margaritaria
Margaritaria-type (M. discoidea),margaritaria_type_m_discoidea
Margaritaria-type discoidea,margaritaria_type_discoidea
Margaritaria discoidea,margaritaria_discoidea
Margaritaria discoidea-type,margaritaria_discoidea_type
Marila,marila
Marila-type,marila_type
Maripa,maripa
Maripa-type,maripa_type
Markhamia,markhamia
Markhamia zanzibarica-type,markhamia_zanzibarica_type
Marrubium,marrubium
Marrubium-type,marrubium_type
Martinella-type,martinella_type
Martretia,martretia
Martretia quadricornis,martretia_quadricornis
Mascagnia,mascagnia
Matayba,matayba
Matayba-type,matayba_type
Matayba/Cupania (type A),matayba_cupania_type_a
Matayba/Cupania (type B),matayba_cupania_type_b
Matayba/Cupania (type C),matayba_cupania_type_c
Matayba/Cupania (type E),matayba_cupania_type_e
Matisia,matisia
Matricaria,matricaria
Matricaria-type,matricaria_type
Matthiola,matthiola
Matthiola-type,matthiola_type
Matthiola incana,matthiola_incana
Mauritia,mauritia
Mauritia-type,mauritia_type
Mauritia aff. M. flexuosa,mauritia_aff_m_flexuosa
Mauritia flexuosa,mauritia_flexuosa
Mauritia/Mauritiella,mauritia_mauritiella
Mauritia/Mauritiella-type,mauritia_mauritiella_type
Mauritiella,mauritiella
Mauritiella-type,mauritiella_type
Maytenus,maytenus
Maytenus boaria,maytenus_boaria
Maytenus boaria-type,maytenus_boaria_type
Maytenus disticha-type,maytenus_disticha_type
Maytenus magellanica-type,maytenus_magellanica_type
Mecardonia,mecardonia
Mecardonia-type,mecardonia_type
Medicago,medicago
Medicago-type,medicago_type
Medicago falcata-type,medicago_falcata_type
Medicago lupulina,medicago_lupulina
Medicago lupulina-type,medicago_lupulina_type
Medicago sativa,medicago_sativa
Medicago sativa-type,medicago_sativa_type
Medinilla comp.,medinilla_comp
Melaleuca,melaleuca
Melaleuca-type,melaleuca_type
Melaleuca squamea,melaleuca_squamea
Melampyrum,melampyrum
Melampyrum-type,melampyrum_type
Melampyrum pratense,melampyrum_pratense
Melanolepis,melanolepis
Melastoma,melastoma
Melastoma affine,melastoma_affine
Melastomataceae,melastomataceae
Melastomataceae (≤19 µm),melastomataceae_smaller_than_19_mu_m
Melastomataceae (≥19 µm),melastomataceae_bigger_than_19_mu_m
Melastomataceae (large),melastomataceae_large
Melastomataceae (small),melastomataceae_small
Melastomataceae (type 1),melastomataceae_type_1
Melastomataceae (type 2),melastomataceae_type_2
Melastomataceae (type 3),melastomataceae_type_3
Melastomataceae undiff.,melastomataceae_undiff
Melastomataceae/Sapotaceae,melastomataceae_sapotaceae
Melia,melia
Meliaceae,meliaceae
"Meliaceae (20µm, 4-5CP)",meliaceae_20mu_m_4_minus_5cp
Meliaceae (type 1),meliaceae_type_1
Meliaceae undiff.,meliaceae_undiff
Meliaceae/Sapotaceae,meliaceae_sapotaceae
Meliaceae/Sapotaceae (type A),meliaceae_sapotaceae_type_a
Meliaceae/Sapotaceae (type B),meliaceae_sapotaceae_type_b
Meliaceae/Sapotaceae undiff.,meliaceae_sapotaceae_undiff
Melicope,melicope
Melicytus,melicytus
Melilotus,melilotus
Melilotus-type,melilotus_type
Melilotus officinalis,melilotus_officinalis
Meliosma,meliosma
Meliosma/Coccoloba,meliosma_coccoloba
Mellera-type,mellera_type
Melochia,melochia
Melochia-type,melochia_type
Melothria,melothria
Melothria-type,melothria_type
Mendoncia,mendoncia
Menispermaceae,menispermaceae
"Menispermaceae (inaperturate, small)",menispermaceae_inaperturate_small
Menispermaceae undiff.,menispermaceae_undiff
Menispermaceae?,menispermaceae_2
Menispermum,menispermum
Mentha,mentha
Mentha-type,mentha_type
Mentha arvensis,mentha_arvensis
Mentha longifolia,mentha_longifolia
Mentzelia,mentzelia
Mercurialis,mercurialis
Mercurialis-type,mercurialis_type
Mercurialis annua,mercurialis_annua
Mercurialis annua-type,mercurialis_annua_type
Mercurialis cf. M. ovata,mercurialis_cf_m_ovata
Mercurialis perennis,mercurialis_perennis
Mercurialis perennis-type,mercurialis_perennis_type
Mercurialis undiff.,mercurialis_undiff
Merremia,merremia
Merremia-type,merremia_type
Mertensia,mertensia
Mertensia-type,mertensia_type
Meryta,meryta
Mesembryanthemoideae,mesembryanthemoideae
Mesembryanthemum,mesembryanthemum
Mesosphaerum-type pectinatum,mesosphaerum_type_pectinatum
Metopium,metopium
Metrodorea,metrodorea
Metrosideros,metrosideros
Metroxylon,metroxylon
Metroxylon sagu,metroxylon_sagu
Metroxylon vitiense,metroxylon_vitiense
Meum-type,meum_type
Meum athamanticum,meum_athamanticum
Meum athamanticum-type,meum_athamanticum_type
Miconia,miconia
Miconia-type,miconia_type
Miconia (type 2),miconia_type_2
Miconia (type 4),miconia_type_4
Micranthes cf. M. punctata,micranthes_cf_m_punctata
Micranthes cf. M. stellaris,micranthes_cf_m_stellaris
Micranthes cf. M. virginiensis,micranthes_cf_m_virginiensis
Micranthes foliolosa,micranthes_foliolosa
Micranthes foliolosa-type,micranthes_foliolosa_type
Micranthes hieraciifolia,micranthes_hieraciifolia
Micranthes hieraciifolia-type,micranthes_hieraciifolia_type
Micranthes nivalis,micranthes_nivalis
Micranthes nivalis-type,micranthes_nivalis_type
Micranthes nivalis/M. tenuis,micranthes_nivalis_m_tenuis
Micranthes pensylvanica,micranthes_pensylvanica
Micranthes stellaris,micranthes_stellaris
Micranthes stellaris-type,micranthes_stellaris_type
Micrantheum,micrantheum
Microcachrys,microcachrys
Microcachrys tetragona,microcachrys_tetragona
Micrococca,micrococca
Micrococca-type mercurialis,micrococca_type_mercurialis
Micrococca mercurialis,micrococca_mercurialis
Micrococca scariosa,micrococca_scariosa
Microdesmis,microdesmis
Micropholis,micropholis
Microrrhinum minus,microrrhinum_minus
Microseris,microseris
Microstachys corniculata,microstachys_corniculata
Microsteris,microsteris
Microstrobos,microstrobos
Mikania,mikania
Mikania-type,mikania_type
Mikania guaco,mikania_guaco
Milicia-type excelsa,milicia_type_excelsa
Milleria-type,milleria_type
Millettia,millettia
Milligania,milligania
Mimosa,mimosa
Mimosa-type,mimosa_type
Mimosa-type pigra,mimosa_type_pigra
Mimosa (10 µm),mimosa_10_mu_m
Mimosa (18um),mimosa_18um
Mimosa (32um),mimosa_32um
Mimosa (type 1),mimosa_type_1
Mimosa (type I),mimosa_type_i
Mimosa (type II),mimosa_type_ii
Mimosa (type III),mimosa_type_iii
Mimosa (type IV),mimosa_type_iv
Mimosa (type V),mimosa_type_v
Mimosa aff. M. pudica,mimosa_aff_m_pudica
Mimosa aff. M. rufescens,mimosa_aff_m_rufescens
Mimosa casta,mimosa_casta
Mimosa cf. M. invisa,mimosa_cf_m_invisa
Mimosa cf. M. pudica,mimosa_cf_m_pudica
Mimosa cf. M. scabrella,mimosa_cf_m_scabrella
Mimosa cf. M. taimbensis,mimosa_cf_m_taimbensis
Mimosa extensa,mimosa_extensa
Mimosa pigra,mimosa_pigra
Mimosa pigra-type,mimosa_pigra_type
Mimosa pudica-type,mimosa_pudica_type
Mimosa spp.,mimosa_spp
Mimosa undiff.,mimosa_undiff
mimosoid clade,mimosoid_clade
"mimosoid clade (16-porate, scabrate)",mimosoid_clade_16_minus_porate_scabrate
"mimosoid clade (16-porate, verrucate)",mimosoid_clade_16_minus_porate_verrucate
mimosoid clade (8-porate),mimosoid_clade_8_minus_porate
mimosoid clade (indeterminable),mimosoid_clade_indeterminable
mimosoid clade (polyad),mimosoid_clade_polyad
"mimosoid clade (polyad, type 16)",mimosoid_clade_polyad_type_16
"mimosoid clade (polyad, type 8)",mimosoid_clade_polyad_type_8
mimosoid clade (scabrate),mimosoid_clade_scabrate
mimosoid clade (tetrad),mimosoid_clade_tetrad
"mimosoid clade (tetraporate, psilate, small)",mimosoid_clade_tetraporate_psilate_small
mimosoid clade (type I),mimosoid_clade_type_i
"mimosoid clade (type I, small)",mimosoid_clade_type_i_small
mimosoid clade (type II),mimosoid_clade_type_ii
"mimosoid clade (type II, cf. Acacia)",mimosoid_clade_type_ii_cf_acacia
"mimosoid clade (type II, large)",mimosoid_clade_type_ii_large
mimosoid clade (type III),mimosoid_clade_type_iii
mimosoid clade undiff.,mimosoid_clade_undiff
Mimulopsis,mimulopsis
Mimulopsis-type,mimulopsis_type
Mimulus,mimulus
Mimusops,mimusops
Mimusops-type,mimusops_type
Mimusops kummel,mimusops_kummel
Minquartia,minquartia
Minuartia,minuartia
Minuartia-type,minuartia_type
Minuartia recurva,minuartia_recurva
Minuartia rubra-type,minuartia_rubra_type
Minuartia verna-type,minuartia_verna_type
Misodendrum,misodendrum
Mitchella,mitchella
Mitchella repens,mitchella_repens
Mitella,mitella
Mitracarpus,mitracarpus
Mitracarpus hirtus,mitracarpus_hirtus
Mitracarpus scaber,mitracarpus_scaber
Mitragyna,mitragyna
Mitragyna-type,mitragyna_type
Mitragyna-type (M. inermis),mitragyna_type_m_inermis
Mitragyna-type (M. rubrostipulata),mitragyna_type_m_rubrostipulata
Mitragyna-type inermis,mitragyna_type_inermis
Mitragyna-type rubrostipulata,mitragyna_type_rubrostipulata
Mitragyna-type stipulosa,mitragyna_type_stipulosa
Mitragyna inermis,mitragyna_inermis
Mitragyna inermis-type,mitragyna_inermis_type
Mitraria,mitraria
Mitrasacme,mitrasacme
Mitrasacme archeri,mitrasacme_archeri
Moehringia-type,moehringia_type
Moehringia trinervia-type,moehringia_trinervia_type
Moehringia trinervia group,moehringia_trinervia_group
Molinaea,molinaea
Molongum,molongum
Molongum (type 1),molongum_type_1
Molopanthera,molopanthera
Moltkiopsis-type,moltkiopsis_type
Moltkiopsis ciliata,moltkiopsis_ciliata
Momipites,momipites
Momipites/Caryapollenites,momipites_caryapollenites
Momordica,momordica
Monadenium-type,monadenium_type
Monardella,monardella
Monechma,monechma
Monechma ciliatum,monechma_ciliatum
Monimia-type,monimia_type
Monimiaceae,monimiaceae
Monnina,monnina
Monotes lutambensis,monotes_lutambensis
Monotoca,monotoca
Monotoca-type,monotoca_type
Monotropa,monotropa
Monotropa hypopitys,monotropa_hypopitys
Monotropa uniflora,monotropa_uniflora
Monotropoideae,monotropoideae
Monstera,monstera
Monstera-type,monstera_type
Montia,montia
Montia-type,montia_type
Montia fontana,montia_fontana
Montia fontana-type,montia_fontana_type
Montiaceae cf. Montia,montiaceae_cf_montia
Montrichardia,montrichardia
Montrouziera-type,montrouziera_type
Moraceae,moraceae
Moraceae-type,moraceae_type
Moraceae (diporate),moraceae_diporate
Moraceae (stephanoporate),moraceae_stephanoporate
Moraceae (tetraporate),moraceae_tetraporate
Moraceae (triporate),moraceae_triporate
Moraceae cf. Brosimum,moraceae_cf_brosimum
Moraceae comp.,moraceae_comp
Moraceae undiff.,moraceae_undiff
Morelia senegalensis,morelia_senegalensis
Morella,morella
Morella cerifera,morella_cerifera
Morella faya,morella_faya
Morella salicifolia,morella_salicifolia
Morella serrata-type,morella_serrata_type
Morella/Myrica,morella_myrica
Morina,morina
Morinda,morinda
Moringa,moringa
Moritzia,moritzia
Moritzia-type,moritzia_type
Moritzia cf. M. dasyantha,moritzia_cf_m_dasyantha
Moritzia dasyantha,moritzia_dasyantha
Mortoniodendron,mortoniodendron
Morus,morus
Morus-type,morus_type
Morus alba,morus_alba
Morus alba-type,morus_alba_type
Morus nigra,morus_nigra
Morus rubra,morus_rubra
Morus rubra-type,morus_rubra_type
Mouriri,mouriri
Muehlenbeckia,muehlenbeckia
Muehlenbeckia-type,muehlenbeckia_type
Muehlenbeckia/Rumex-type,muehlenbeckia_rumex_type
Muhlenbergia,muhlenbergia
Mulinum,mulinum
Muntingia,muntingia
Musanga,musanga
Musanga-type,musanga_type
Musanga/Myrianthus,musanga_myrianthus
Muscari,muscari
Muscari-type,muscari_type
Mussaenda,mussaenda
Mutisia,mutisia
Mutisia-type,mutisia_type
Mutisieae,mutisieae
Mutisieae undiff.,mutisieae_undiff
Mutisioideae,mutisioideae
Mutisioideae undiff.,mutisioideae_undiff
Myoporaceae sensu stricto,myoporaceae_sensu_stricto
Myoporum,myoporum
Myoporum rapense,myoporum_rapense
Myosotis,myosotis
Myosotis-type,myosotis_type
Myosotis arvensis,myosotis_arvensis
Myosotis arvensis-type,myosotis_arvensis_type
Myosotis australis,myosotis_australis
Myosotis sylvatica-type,myosotis_sylvatica_type
Myracrodruon urundeuva,myracrodruon_urundeuva
Myracrodruon urundeuva (type 2),myracrodruon_urundeuva_type_2
Myrceugenia,myrceugenia
Myrcia,myrcia
Myrcia-type,myrcia_type
Myrcia sp.,myrcia_sp
Myrianthus,myrianthus
Myrianthus-type,myrianthus_type
Myrianthus-type (M. arboreus),myrianthus_type_m_arboreus
Myrianthus-type (M. holstii),myrianthus_type_m_holstii
Myrianthus-type arboreus,myrianthus_type_arboreus
Myrianthus-type holstii,myrianthus_type_holstii
Myrianthus holstii-type,myrianthus_holstii_type
Myrianthus serratus,myrianthus_serratus
Myrica,myrica
Myrica-type,myrica_type
Myrica cf. M. javanica,myrica_cf_m_javanica
Myrica gale,myrica_gale
Myrica/Casuarina,myrica_casuarina
Myrica/Comptonia,myrica_comptonia
Myrica/Comptonia peregrina,myrica_comptonia_peregrina
Myricaceae,myricaceae
Myricaceae undiff.,myricaceae_undiff
Myricaria,myricaria
Myricaria-type,myricaria_type
Myricaria germanica,myricaria_germanica
Myricaria germanica-type,myricaria_germanica_type
Myriopus volubilis,myriopus_volubilis
Myristica,myristica
Myristicaceae,myristicaceae
Myristicaceae-type,myristicaceae_type
Myristicaceae undiff.,myristicaceae_undiff
Myrocarpus aff. M. frondosus,myrocarpus_aff_m_frondosus
Myrothamnus,myrothamnus
Myroxylon,myroxylon
Myroxylon-type,myroxylon_type
Myrrhis-type,myrrhis_type
Myrrhis odorata,myrrhis_odorata
Myrsine,myrsine
Myrsine-type,myrsine_type
Myrsine (tetracolpate),myrsine_tetracolpate
Myrsine (tricolporate),myrsine_tricolporate
Myrsine africana,myrsine_africana
Myrsine comp.,myrsine_comp
Myrsine cubana,myrsine_cubana
Myrsine floridana,myrsine_floridana
Myrsine sp.,myrsine_sp
Myrsinoideae,myrsinoideae
Myrsinoideae undiff.,myrsinoideae_undiff
Myrtaceae,myrtaceae
Myrtaceae-type,myrtaceae_type
Myrtaceae (10-14 µm),myrtaceae_10_minus_14_mu_m
"Myrtaceae (syncolpate, psilate)",myrtaceae_syncolpate_psilate
Myrtaceae (type 1),myrtaceae_type_1
Myrtaceae (type 12),myrtaceae_type_12
Myrtaceae (type 14),myrtaceae_type_14
Myrtaceae (type 17),myrtaceae_type_17
Myrtaceae (type 2),myrtaceae_type_2
Myrtaceae (type 3),myrtaceae_type_3
Myrtaceae (type 4),myrtaceae_type_4
Myrtaceae (type 40),myrtaceae_type_40
Myrtaceae (type 41),myrtaceae_type_41
Myrtaceae (type 54),myrtaceae_type_54
Myrtaceae (type 55),myrtaceae_type_55
Myrtaceae (type 56a),myrtaceae_type_56a
Myrtaceae (type A),myrtaceae_type_a
Myrtaceae (type B),myrtaceae_type_b
Myrtaceae (type C),myrtaceae_type_c
Myrtaceae (type D),myrtaceae_type_d
Myrtaceae cf. Baeckea,myrtaceae_cf_baeckea
Myrtaceae cf. Syzygium,myrtaceae_cf_syzygium
Myrtaceae undiff.,myrtaceae_undiff
Myrtales cf. Onagraceae,myrtales_cf_onagraceae
Myrteola,myrteola
Myrtus,myrtus
Myrtus-type,myrtus_type
Myrtus communis,myrtus_communis
Nanodea,nanodea
Narcissus,narcissus
Narcissus-type,narcissus_type
Narcissus bulbocodium,narcissus_bulbocodium
Narcissus poeticus-type,narcissus_poeticus_type
Narcissus pseudonarcissus-type,narcissus_pseudonarcissus_type
Narthecium,narthecium
Narthecium-type,narthecium_type
Narthecium ossifragum,narthecium_ossifragum
Narthecium ossifragum-type,narthecium_ossifragum_type
Nassauvia-type,nassauvia_type
Nauclea,nauclea
Nauclea-type,nauclea_type
Nauclea-type latifolia,nauclea_type_latifolia
Navarretia,navarretia
Nectandra cissiflora,nectandra_cissiflora
Nectandra undiff.,nectandra_undiff
Neea,neea
Nemopanthus,nemopanthus
Nemopanthus mucronatus,nemopanthus_mucronatus
Neoboutonia,neoboutonia
Neoboutonia-type,neoboutonia_type
Neoboutonia-type macrocalyx,neoboutonia_type_macrocalyx
Neoboutonia macrocalyx,neoboutonia_macrocalyx
Neocallitropsis,neocallitropsis
Neomyrtus,neomyrtus
Neomyrtus-type,neomyrtus_type
Neonauclea,neonauclea
Neonauclea comp.,neonauclea_comp
Neopaxia,neopaxia
Nepenthes,nepenthes
Nepeta-type,nepeta_type
Nerium,nerium
Nerium oleander,nerium_oleander
Nertera,nertera
Nertera-type,nertera_type
Nesogordonia,nesogordonia
Nesogordonia papaverifera,nesogordonia_papaverifera
Nestegis,nestegis
Neuburgia,neuburgia
Newtonia,newtonia
Newtonia-type,newtonia_type
Nicotiana,nicotiana
Nigella,nigella
Nigella arvensis-type,nigella_arvensis_type
Nitraria,nitraria
Noaea,noaea
Noaea-type,noaea_type
Nonea,nonea
Nonea-type,nonea_type
Norantea,norantea
Normapolles,normapolles
Noronhia,noronhia
Notelaea,notelaea
Nothofagus,nothofagus
Nothofagus × alpina-type,nothofagus_alpina_type
Nothofagus antarctica,nothofagus_antarctica
Nothofagus cf. N. dombeyi,nothofagus_cf_n_dombeyi
Nothofagus cunninghamii,nothofagus_cunninghamii
Nothofagus dombeyi,nothofagus_dombeyi
Nothofagus dombeyi-type,nothofagus_dombeyi_type
Nothofagus gunnii,nothofagus_gunnii
Nothofagus menziesii,nothofagus_menziesii
Nothofagus obliqua,nothofagus_obliqua
Nothofagus obliqua-type,nothofagus_obliqua_type
Nothofagus pumilio,nothofagus_pumilio
Nothofagus subgen. Brassospora,nothofagus_subgen_brassospora
Nothofagus subgen. Lophozonia,nothofagus_subgen_lophozonia
Nothofagus undiff.,nothofagus_undiff
Nucularia,nucularia
Nuxia,nuxia
Nuxia-type,nuxia_type
Nuxia-type (N. congesta),nuxia_type_n_congesta
Nuxia-type congesta,nuxia_type_congesta
Nuxia congesta,nuxia_congesta
Nuxia floribunda,nuxia_floribunda
Nuxia verticillata,nuxia_verticillata
Nuxia/Ficalhoa,nuxia_ficalhoa
Nyctaginaceae,nyctaginaceae
Nyssa,nyssa
Nyssa sylvatica,nyssa_sylvatica
Ochnaceae,ochnaceae
Ochnaceae cf. Cespedesia,ochnaceae_cf_cespedesia
Ochnaceae cf. Ouratea,ochnaceae_cf_ouratea
Ochnaceae undiff.,ochnaceae_undiff
Ochroma,ochroma
Ochroma-type,ochroma_type
Ochthocosmus,ochthocosmus
Ocimum,ocimum
Ocimum-type,ocimum_type
Ocimum-type basilicum,ocimum_type_basilicum
Ocimum basilicum/Basilicum polystachyon,ocimum_basilicum_basilicum_polystachyon
Ocotea,ocotea
Ocotea-type,ocotea_type
Ocotea (type 1),ocotea_type_1
Ocotea (type 2),ocotea_type_2
Octomeles sumatrana,octomeles_sumatrana
Odontadenia,odontadenia
Odontites,odontites
Odontites-type,odontites_type
Odontites/Euphrasia,odontites_euphrasia
Odontocarya tamoides,odontocarya_tamoides
Oenanthe fistulosa-type,oenanthe_fistulosa_type
Oenanthe fistulosa group,oenanthe_fistulosa_group
Oenocarpus,oenocarpus
Oenothera,oenothera
Olacaceae,olacaceae
Olacaceae undiff.,olacaceae_undiff
Olax,olax
Oldeania alpina,oldeania_alpina
Oldenlandia,oldenlandia
Oldenlandia-type,oldenlandia_type
Oldenlandia/Hymenodictyon,oldenlandia_hymenodictyon
Oldfieldia-type,oldfieldia_type
Olea,olea
Olea-type,olea_type
Olea capensis,olea_capensis
Olea capensis-type,olea_capensis_type
Olea capensis subsp. hochstetteri,olea_capensis_subsp_hochstetteri
Olea europaea,olea_europaea
Olea europaea-type,olea_europaea_type
Olea europaea subsp. cuspidata,olea_europaea_subsp_cuspidata
Olea europaea subsp. cuspidata-type,olea_europaea_subsp_cuspidata_type
Olea europaea subsp. europaea,olea_europaea_subsp_europaea
Olea europaea subsp. laperrinei,olea_europaea_subsp_laperrinei
Olea hochstetteri-type,olea_hochstetteri_type
Olea paniculata,olea_paniculata
Olea welwitschii,olea_welwitschii
Olea/Phillyrea,olea_phillyrea
Oleaceae,oleaceae
Oleaceae (broken),oleaceae_broken
Oleaceae (crumpled),oleaceae_crumpled
Oleaceae (obscured),oleaceae_obscured
Oleaceae undiff.,oleaceae_undiff
Oleaceae/Brassicaceae,oleaceae_brassicaceae
Olearia,olearia
Olearia-type,olearia_type
Olearia colensoi,olearia_colensoi
Oligocodon-type cunliffeae,oligocodon_type_cunliffeae
Olinia,olinia
Omalotheca,omalotheca
Onagraceae,onagraceae
Onagraceae (type 1),onagraceae_type_1
Onagraceae cf. Epilobium,onagraceae_cf_epilobium
Onagraceae cf. Fuchsia,onagraceae_cf_fuchsia
Onagraceae undiff.,onagraceae_undiff
Oncoba-type,oncoba_type
Onobrychis,onobrychis
Onobrychis-type,onobrychis_type
Onobrychis humilis subsp. humilis-type,onobrychis_humilis_subsp_humilis_type
Onobrychis viciifolia,onobrychis_viciifolia
Ononis,ononis
Ononis-type,ononis_type
Ononis-type cf. Melilotus,ononis_type_cf_melilotus
Onopordum,onopordum
Onopordum-type,onopordum_type
Onopordum acanthium,onopordum_acanthium
Onosma,onosma
Onosma-type,onosma_type
Operculicarya,operculicarya
Operculina-type,operculina_type
Ophiorrhiza,ophiorrhiza
Ophryosporus,ophryosporus
Ophryosporus-type,ophryosporus_type
Opilia amentacea,opilia_amentacea
Oplopanax,oplopanax
Oplopanax horridus,oplopanax_horridus
Opuntia,opuntia
Opuntia-type,opuntia_type
Orchidaceae,orchidaceae
Orchidaceae (tetrad),orchidaceae_tetrad
Oreomyrrhis,oreomyrrhis
Oreopanax,oreopanax
Oreopanax-type,oreopanax_type
Oreopanax cf. O. fulvum,oreopanax_cf_o_fulvum
Oreopolus,oreopolus
Origanum,origanum
Orites,orites
Orites-type,orites_type
Orlaya,orlaya
Orlaya-type,orlaya_type
Orlaya grandiflora,orlaya_grandiflora
Ormocarpum,ormocarpum
Ormocarpum-type,ormocarpum_type
Ormocarpum-type (O. trichocarpum),ormocarpum_type_o_trichocarpum
Ormosia,ormosia
Ornithogalum,ornithogalum
Ornithogalum-type,ornithogalum_type
Ornithogalum umbellatum-type,ornithogalum_umbellatum_type
Ornithopus,ornithopus
Orobanchaceae,orobanchaceae
Orobanchaceae cf. Euphrasia,orobanchaceae_cf_euphrasia
Orontium,orontium
Orthilia,orthilia
Orthilia secunda,orthilia_secunda
Orthion,orthion
Oryctanthus,oryctanthus
Oryctanthus-type,oryctanthus_type
Oryza-type,oryza_type
Osbeckia,osbeckia
Osbeckia-type (O. tubulosa),osbeckia_type_o_tubulosa
Oschatzia,oschatzia
Osmanthus,osmanthus
Osmoxylon,osmoxylon
Ostrya,ostrya
Ostrya-type,ostrya_type
Ostrya carpinifolia,ostrya_carpinifolia
Ostrya carpinifolia/Carpinus orientalis,ostrya_carpinifolia_carpinus_orientalis
Ostrya/Carpinus,ostrya_carpinus
Ostrya/Carpinus-type,ostrya_carpinus_type
Ostrya/Carpinus betulus-type,ostrya_carpinus_betulus_type
Ostrya/Carpinus orientalis,ostrya_carpinus_orientalis
Ostrya/Carpinus orientalis-type,ostrya_carpinus_orientalis_type
Ostrya/Corylus-type,ostrya_corylus_type
Osyris,osyris
Osyris-type,osyris_type
Ouratea,ouratea
Ouratea-type,ouratea_type
Ourisia,ourisia
Ovidia,ovidia
Oxalidaceae,oxalidaceae
Oxalis,oxalis
Oxalis-type,oxalis_type
Oxalis (type I),oxalis_type_i
Oxalis acetosella,oxalis_acetosella
Oxalis stricta-type,oxalis_stricta_type
Oxyanthus-type,oxyanthus_type
Oxygonum,oxygonum
Oxylobium,oxylobium
Oxyria,oxyria
Oxyria-type,oxyria_type
Oxyria (type 1),oxyria_type_1
Oxyria (type 2),oxyria_type_2
Oxyria digyna,oxyria_digyna
Oxyria digyna-type,oxyria_digyna_type
Oxytropis,oxytropis
Oxytropis-type,oxytropis_type
Oxytropis maydelliana-type,oxytropis_maydelliana_type
Ozoroa,ozoroa
Ozoroa-type,ozoroa_type
Ozoroa-type insignis,ozoroa_type_insignis
Pachira,pachira
Pachira-type,pachira_type
Pachira aquatica,pachira_aquatica
Pachypodium,pachypodium
Pachypodium-type,pachypodium_type
Pachystachys,pachystachys
Paederia,paederia
Paeonia,paeonia
Pagamea,pagamea
Palaquium,palaquium
Palicourea,palicourea
Palicourea tomentosa,palicourea_tomentosa
Paliurus,paliurus
Paliurus spina-christi,paliurus_spina_minus_christi
Pamphalea,pamphalea
Pancovia,pancovia
Pancovia-type (P. bijuga),pancovia_type_p_bijuga
Pancovia-type bijuga,pancovia_type_bijuga
Pandanaceae cf. Pandanus,pandanaceae_cf_pandanus
Pandanus,pandanus
Pandanus-type,pandanus_type
"Pandanus (Mauritius type 131, de Boer)",pandanus_mauritius_type_131_de_boer
Pandanus (type A),pandanus_type_a
Pandanus (type C),pandanus_type_c
Pandanus antaresensis-type,pandanus_antaresensis_type
Pandanus brosimos-type,pandanus_brosimos_type
Pandanus krauelianis-type,pandanus_krauelianis_type
Pandanus spiralis,pandanus_spiralis
Pandanus tectorius,pandanus_tectorius
Pandanus tectorius-type,pandanus_tectorius_type
Panicum,panicum
Panicum-type,panicum_type
Panopsis,panopsis
Papaver,papaver
Papaver-type,papaver_type
Papaver argemone,papaver_argemone
Papaver argemone-type,papaver_argemone_type
Papaver cf. P. rhoeas,papaver_cf_p_rhoeas
Papaver dahlianum-type,papaver_dahlianum_type
Papaver dubium,papaver_dubium
Papaver radicatum-type,papaver_radicatum_type
Papaver rhoeas,papaver_rhoeas
Papaver rhoeas-type,papaver_rhoeas_type
Papaver rhoeas group,papaver_rhoeas_group
Papaveraceae,papaveraceae
Papaveraceae undiff.,papaveraceae_undiff
Pappea-type capensis,pappea_type_capensis
Pappea capensis,pappea_capensis
Papuacedrus,papuacedrus
Paradisea liliastrum,paradisea_liliastrum
Parahancornia,parahancornia
Parahancornia sp.,parahancornia_sp
Parahebe,parahebe
Parasponia,parasponia
Parietaria,parietaria
Parietaria-type,parietaria_type
Parinari,parinari
Parinari-type,parinari_type
Parinari comp.,parinari_comp
Paris,paris
Paris-type,paris_type
Paris quadrifolia-type,paris_quadrifolia_type
Parkia,parkia
Parkia-type,parkia_type
Parkia nitida,parkia_nitida
Parkinsonia,parkinsonia
Parnassia,parnassia
Parnassia-type,parnassia_type
Parnassia palustris,parnassia_palustris
Parnassia palustris-type,parnassia_palustris_type
Paronychia,paronychia
Paronychia-type,paronychia_type
Paronychia americana,paronychia_americana
Paronychia cf. P. kapela,paronychia_cf_p_kapela
Paronychia chartacea,paronychia_chartacea
Paronychia chilensis,paronychia_chilensis
Paronychia polygonifolia-type,paronychia_polygonifolia_type
Paronychia/Herniaria-type,paronychia_herniaria_type
Paronychieae,paronychieae
Parrotia,parrotia
Parrotia persica,parrotia_persica
Parsonsia,parsonsia
Parthenocissus,parthenocissus
Parthenocissus-type,parthenocissus_type
Parthenocissus vitacea,parthenocissus_vitacea
Passerina,passerina
Passiflora,passiflora
Passiflora-type,passiflora_type
Passifloraceae,passifloraceae
Passifloraceae undiff.,passifloraceae_undiff
Pastinaca-type,pastinaca_type
Pastinaca sativa,pastinaca_sativa
Pastinaca sativa-type,pastinaca_sativa_type
Patrinia,patrinia
Paullinia,paullinia
Paullinia (25 µm),paullinia_25_mu_m
"Paullinia (psilate, small)",paullinia_psilate_small
Paullinia (reticulate),paullinia_reticulate
Paullinia (tetraporate),paullinia_tetraporate
Paullinia (type II),paullinia_type_ii
Paullinia pinnata,paullinia_pinnata
Paullinia/Roupala,paullinia_roupala
Pausinystalia,pausinystalia
Pausinystalia-type,pausinystalia_type
Pausinystalia-type (P. macroceras),pausinystalia_type_p_macroceras
Pausinystalia-type macroceras,pausinystalia_type_macroceras
Pavetta,pavetta
Pavetta-type elliottii,pavetta_type_elliottii
Pavetta elliotti-type,pavetta_elliotti_type
Pavetta gardeniifolia-type,pavetta_gardeniifolia_type
Pavonia,pavonia
Pavonia-type,pavonia_type
Pedaliaceae cf. Sesamum,pedaliaceae_cf_sesamum
Pedicularis,pedicularis
Pedicularis-type,pedicularis_type
Pedicularis contorta-type,pedicularis_contorta_type
Pedicularis groenlandica-type,pedicularis_groenlandica_type
Pedicularis hirsuta-type,pedicularis_hirsuta_type
Pedicularis lanceolata,pedicularis_lanceolata
Pedicularis langsdorffii,pedicularis_langsdorffii
Pedicularis oederi-type,pedicularis_oederi_type
Pedicularis palustris,pedicularis_palustris
Pedicularis palustris-type,pedicularis_palustris_type
Pedicularis sylvatica,pedicularis_sylvatica
Pedicularis sylvatica-type,pedicularis_sylvatica_type
Pedicularis undiff.,pedicularis_undiff
Pedicularis verticillata,pedicularis_verticillata
Pedicularis verticillata-type,pedicularis_verticillata_type
Pediomelum-type,pediomelum_type
Peixotoa-type,peixotoa_type
Pelargonium,pelargonium
Peltogyne,peltogyne
Peltophorum,peltophorum
Pemphis comp.,pemphis_comp
Penaea,penaea
Penaeaceae,penaeaceae
Penianthus-type,penianthus_type
Penstemon,penstemon
Pentace comp.,pentace_comp
Pentaclethra,pentaclethra
Pentaclethra eetveldeana,pentaclethra_eetveldeana
Pentaclethra macrophylla,pentaclethra_macrophylla
Pentadesma,pentadesma
Pentadesma grandifolia,pentadesma_grandifolia
Pentaglottis sempervirens,pentaglottis_sempervirens
Pentanisia-type ouranogyne,pentanisia_type_ouranogyne
Pentas,pentas
Pentas-type,pentas_type
Penthorum sedoides,penthorum_sedoides
Pentodon pentandrus,pentodon_pentandrus
Pentzia,pentzia
Pentzia-type,pentzia_type
Pentzia monodiana,pentzia_monodiana
Peperomia,peperomia
Peperomia (15µm),peperomia_15mu_m
Peperomia (8µm),peperomia_8mu_m
Peperomia macrostachyos,peperomia_macrostachyos
Peperomia rotundifolia,peperomia_rotundifolia
Peperomia undiff.,peperomia_undiff
Pera,pera
Pera-type,pera_type
Peraxilla,peraxilla
Perezia,perezia
Perezia-type,perezia_type
Periploca,periploca
Periplocoideae,periplocoideae
Peristrophe,peristrophe
Peristrophe-type,peristrophe_type
Peritassa,peritassa
Persea,persea
Persicaria,persicaria
Persicaria acuminata,persicaria_acuminata
Persicaria acuminata-type,persicaria_acuminata_type
Persicaria amphibia,persicaria_amphibia
Persicaria amphibia-type,persicaria_amphibia_type
Persicaria cf. P. lapathifolia,persicaria_cf_p_lapathifolia
Persicaria cf. P. maculosa,persicaria_cf_p_maculosa
Persicaria cf. P. senegalensis,persicaria_cf_p_senegalensis
Persicaria hydropiper,persicaria_hydropiper
Persicaria hydropiper-type,persicaria_hydropiper_type
Persicaria hydropiperoides-type,persicaria_hydropiperoides_type
Persicaria lapathifolia,persicaria_lapathifolia
Persicaria lapathifolia-type,persicaria_lapathifolia_type
Persicaria maculosa,persicaria_maculosa
Persicaria maculosa-type,persicaria_maculosa_type
Persicaria maculosa comp.,persicaria_maculosa_comp
Persicaria maculosa group,persicaria_maculosa_group
Persicaria minor-type,persicaria_minor_type
Persicaria nepalensis-type,persicaria_nepalensis_type
Persicaria senegalensis,persicaria_senegalensis
Persicaria senegalensis-type,persicaria_senegalensis_type
Persoonia,persoonia
Petasites,petasites
Petasites-type,petasites_type
Petasites hybridus-type,petasites_hybridus_type
Petitia domingensis,petitia_domingensis
Petiveria,petiveria
Petrea,petrea
Peucedanum,peucedanum
Peucedanum-type,peucedanum_type
Peucedanum palustre,peucedanum_palustre
Peucedanum palustre-type,peucedanum_palustre_type
Pfaffia,pfaffia
Pfaffia-type,pfaffia_type
Phacelia,phacelia
Phacelia brachyantha,phacelia_brachyantha
Phacelia cf. P. franklinii,phacelia_cf_p_franklinii
Phaleria,phaleria
Phaseolus,phaseolus
Phaseolus-type,phaseolus_type
Phaulopsis,phaulopsis
Phaulopsis-type,phaulopsis_type
Phebalium,phebalium
Phebalium squameum,phebalium_squameum
Phellodendron,phellodendron
Pherosphaera hookeriana,pherosphaera_hookeriana
Philesia,philesia
Phillyrea,phillyrea
Phillyrea-type,phillyrea_type
Phillyrea angustifolia,phillyrea_angustifolia
Phillyrea angustifolia-type,phillyrea_angustifolia_type
Phillyrea latifolia,phillyrea_latifolia
Philodendron,philodendron
Philodendron (type 1),philodendron_type_1
Philodendron (type 2),philodendron_type_2
Philodendron tripartitum,philodendron_tripartitum
Phleum-type,phleum_type
Phleum alpinum,phleum_alpinum
Phlomis,phlomis
Phlox,phlox
Phlox-type,phlox_type
Phlox cf. P. hoodii,phlox_cf_p_hoodii
Phlox pilosa-type,phlox_pilosa_type
Phlox sibirica,phlox_sibirica
Phoenix,phoenix
Phoenix-type,phoenix_type
Phoenix cf. P. reclinata,phoenix_cf_p_reclinata
Phoenix reclinata,phoenix_reclinata
Phoenix reclinata-type,phoenix_reclinata_type
Phoradendron,phoradendron
Phormium,phormium
Phragmotheca,phragmotheca
Phrymaceae,phrymaceae
Phyla,phyla
Phyla nodiflora,phyla_nodiflora
Phylica,phylica
Phyllanthaceae,phyllanthaceae
Phyllanthus,phyllanthus
Phyllanthus-type,phyllanthus_type
Phyllanthus-type (P. amarus),phyllanthus_type_p_amarus
Phyllanthus-type (P. fraternus),phyllanthus_type_p_fraternus
Phyllanthus-type (P. muellerianus),phyllanthus_type_p_muellerianus
Phyllanthus-type (P. nummulariifolius),phyllanthus_type_p_nummulariifolius
Phyllanthus-type (P. reticularus),phyllanthus_type_p_reticularus
Phyllanthus-type (P. rivae),phyllanthus_type_p_rivae
Phyllanthus-type amarus,phyllanthus_type_amarus
Phyllanthus-type fraternus,phyllanthus_type_fraternus
Phyllanthus-type leucanthus,phyllanthus_type_leucanthus
Phyllanthus-type maderaspatensis,phyllanthus_type_maderaspatensis
Phyllanthus-type muellerianus,phyllanthus_type_muellerianus
Phyllanthus-type reticulatus,phyllanthus_type_reticulatus
Phyllanthus (type 1),phyllanthus_type_1
Phyllanthus (type 2),phyllanthus_type_2
Phyllanthus amarus-type,phyllanthus_amarus_type
Phyllanthus engleri-type,phyllanthus_engleri_type
Phyllanthus maderaspatensis,phyllanthus_maderaspatensis
Phyllanthus muellerianus-type,phyllanthus_muellerianus_type
Phyllanthus niruri-type,phyllanthus_niruri_type
Phyllanthus reticulatus,phyllanthus_reticulatus
Phyllanthus reticulatus-type,phyllanthus_reticulatus_type
Phyllanthus rivae-type,phyllanthus_rivae_type
Phyllanthus undiff.,phyllanthus_undiff
Phyllanthus urinaria,phyllanthus_urinaria
Phyllocladus,phyllocladus
Phyllocladus aspleniifolius,phyllocladus_aspleniifolius
Phyllostylon,phyllostylon
Physalis,physalis
Physocarpus,physocarpus
Physospermum cornubiense,physospermum_cornubiense
Phytelephas-type,phytelephas_type
Phyteuma,phyteuma
Phyteuma-type,phyteuma_type
Phytolacca,phytolacca
Phytolacca-type,phytolacca_type
Phytolaccaceae,phytolaccaceae
Phytolaccaceae-type,phytolaccaceae_type
Picea,picea
Picea-type,picea_type
Picea (degraded),picea_degraded
Picea abies,picea_abies
Picea abies-type,picea_abies_type
Picea cf. P. glauca,picea_cf_p_glauca
Picea cf. P. mariana,picea_cf_p_mariana
Picea det. P. glauca,picea_det_p_glauca
Picea det. P. mariana,picea_det_p_mariana
Picea glauca,picea_glauca
Picea glauca-type,picea_glauca_type
Picea indet.,picea_indet
Picea mariana,picea_mariana
Picea mariana-type,picea_mariana_type
Picea obovata,picea_obovata
Picea omorika-type,picea_omorika_type
Picea rubens-type,picea_rubens_type
Picea sect. Eupicea,picea_sect_eupicea
Picea sect. Omorika,picea_sect_omorika
Picea sitchensis,picea_sitchensis
Picea sp.,picea_sp
Picea undiff.,picea_undiff
Picea/Abies,picea_abies_2
Picea/Pinus undiff.,picea_pinus_undiff
Picramnia pentandra,picramnia_pentandra
Pilea,pilea
Pilea-type,pilea_type
Pilea-type (P. bambuseti),pilea_type_p_bambuseti
Pilea-type bambuseti,pilea_type_bambuseti
Pilea bambuseti-type,pilea_bambuseti_type
Pilgerodendron,pilgerodendron
Pilgerodendron-type,pilgerodendron_type
Piliostigma,piliostigma
Piliostigma reticulatum,piliostigma_reticulatum
Piliostigma thonningii,piliostigma_thonningii
Piliostigma thonningii-type,piliostigma_thonningii_type
Pimelea,pimelea
Pimpinella,pimpinella
Pimpinella-type,pimpinella_type
Pimpinella anisum,pimpinella_anisum
Pimpinella anisum-type,pimpinella_anisum_type
Pimpinella major,pimpinella_major
Pimpinella major-type,pimpinella_major_type
Pimpinella major/P. saxifraga,pimpinella_major_p_saxifraga
Pimpinella saxifraga,pimpinella_saxifraga
Pimpinella saxifraga-type,pimpinella_saxifraga_type
Pinaceae,pinaceae
Pinaceae (broken),pinaceae_broken
Pinaceae (corroded),pinaceae_corroded
Pinaceae (crumpled),pinaceae_crumpled
Pinaceae (degraded),pinaceae_degraded
Pinaceae (obscured),pinaceae_obscured
Pinaceae (vesiculate),pinaceae_vesiculate
Pinaceae (vesiculate) undiff.,pinaceae_vesiculate_undiff
Pinaceae undiff.,pinaceae_undiff
Pinguicula,pinguicula
Pinguicula alpina,pinguicula_alpina
Pinguicula cf. P. vulgaris,pinguicula_cf_p_vulgaris
Pinguicula vulgaris,pinguicula_vulgaris
Pinguicula vulgaris-type,pinguicula_vulgaris_type
Pinus,pinus
Pinus-type,pinus_type
Pinus (<70 μm),pinus_smaller_than_70_mm
Pinus (>70 μm),pinus_bigger_than_70_mm
Pinus (broken),pinus_broken
Pinus (corroded),pinus_corroded
Pinus (crumpled),pinus_crumpled
Pinus (degraded),pinus_degraded
Pinus (fragmented),pinus_fragmented
Pinus (haplostellate),pinus_haplostellate
Pinus (large),pinus_large
Pinus (small),pinus_small
Pinus albicaulis-type,pinus_albicaulis_type
Pinus aristata,pinus_aristata
Pinus aristata-type,pinus_aristata_type
Pinus banksiana,pinus_banksiana
Pinus banksiana-type,pinus_banksiana_type
Pinus banksiana/P. resinosa,pinus_banksiana_p_resinosa
Pinus canariensis,pinus_canariensis
Pinus caribaea,pinus_caribaea
Pinus cembra,pinus_cembra
Pinus cembra-type,pinus_cembra_type
Pinus cembroides,pinus_cembroides
Pinus cf. P. pinaster,pinus_cf_p_pinaster
Pinus clausa-type,pinus_clausa_type
Pinus contorta,pinus_contorta
Pinus contorta-type,pinus_contorta_type
Pinus contorta/P. ponderosa,pinus_contorta_p_ponderosa
Pinus det. P. banksiana/P. resinosa,pinus_det_p_banksiana_p_resinosa
Pinus det. P. strobus,pinus_det_p_strobus
Pinus edulis,pinus_edulis
Pinus edulis-type,pinus_edulis_type
Pinus elliottii,pinus_elliottii
Pinus flexilis,pinus_flexilis
Pinus flexilis-type,pinus_flexilis_type
Pinus halepensis,pinus_halepensis
Pinus halepensis-type,pinus_halepensis_type
Pinus halepensis/P. pinea,pinus_halepensis_p_pinea
Pinus halepensis/P. pinea-type,pinus_halepensis_p_pinea_type
Pinus haploxylon,pinus_haploxylon
Pinus haploxylon-type,pinus_haploxylon_type
Pinus indet.,pinus_indet
Pinus jeffreyi-type,pinus_jeffreyi_type
Pinus koraiensis,pinus_koraiensis
Pinus laricio,pinus_laricio
Pinus maritima,pinus_maritima
Pinus monticola,pinus_monticola
Pinus monticola-type,pinus_monticola_type
Pinus monticola/P. albicaulis,pinus_monticola_p_albicaulis
Pinus mugo,pinus_mugo
Pinus mugo/P. sylvestris,pinus_mugo_p_sylvestris
Pinus nigra,pinus_nigra
Pinus nigra-type,pinus_nigra_type
Pinus peuce,pinus_peuce
Pinus pinaster,pinus_pinaster
Pinus pinaster-type,pinus_pinaster_type
Pinus pinea,pinus_pinea
Pinus pinea-type,pinus_pinea_type
Pinus ponderosa,pinus_ponderosa
Pinus ponderosa-type,pinus_ponderosa_type
Pinus pumila,pinus_pumila
Pinus radiata,pinus_radiata
Pinus resinosa,pinus_resinosa
Pinus resinosa-type,pinus_resinosa_type
Pinus rigida,pinus_rigida
Pinus rigida-type,pinus_rigida_type
Pinus sibirica,pinus_sibirica
Pinus sp.,pinus_sp
Pinus strobus,pinus_strobus
Pinus strobus-type,pinus_strobus_type
Pinus subg. Pinus,pinus_subg_pinus
Pinus subg. Pinus-type,pinus_subg_pinus_type
Pinus subg. Pinus (large),pinus_subg_pinus_large
Pinus subg. Pinus (small),pinus_subg_pinus_small
Pinus subg. Pinus undiff.,pinus_subg_pinus_undiff
Pinus subg. Strobus,pinus_subg_strobus
Pinus subg. Strobus-type,pinus_subg_strobus_type
Pinus subg. Strobus (large),pinus_subg_strobus_large
Pinus subg. Strobus (small),pinus_subg_strobus_small
Pinus subg. Strobus undiff.,pinus_subg_strobus_undiff
Pinus subsect. Cembroides,pinus_subsect_cembroides
Pinus sylvestris,pinus_sylvestris
Pinus sylvestris-type,pinus_sylvestris_type
Pinus sylvestris/P. mugo,pinus_sylvestris_p_mugo
Pinus sylvestris/P. nigra-type,pinus_sylvestris_p_nigra_type
Pinus undiff.,pinus_undiff
Pinus/Picea,pinus_picea
Pinus/Podocarpus,pinus_podocarpus
Piper,piper
Piper-type,piper_type
Piper (monosulcate),piper_monosulcate
Piper auritum,piper_auritum
Piper pratense-type (verrucate),piper_pratense_type_verrucate
Piper trigonum,piper_trigonum
Piperaceae,piperaceae
Piperaceae-type,piperaceae_type
Piptadenia,piptadenia
Piptadenia-type,piptadenia_type
Piptadeniastrum-type (P. africanum),piptadeniastrum_type_p_africanum
Piptadeniastrum africanum,piptadeniastrum_africanum
Pipturus,pipturus
Piscidia,piscidia
Piscidia-type,piscidia_type
Pisonia,pisonia
Pisonia comp.,pisonia_comp
Pistacia,pistacia
Pistacia atlantica,pistacia_atlantica
Pistacia lentiscus,pistacia_lentiscus
Pistacia palaestina,pistacia_palaestina
Pistacia terebinthus,pistacia_terebinthus
Pisum sativum,pisum_sativum
Pithecellobium,pithecellobium
Pittosporum,pittosporum
Plagianthus,plagianthus
Plagianthus-type,plagianthus_type
Plagiostyles-type africana,plagiostyles_type_africana
Plagiostyles africana,plagiostyles_africana
Planchonella,planchonella
Planchonella comp.,planchonella_comp
Planera,planera
Planera aquatica,planera_aquatica
Plantaginaceae,plantaginaceae
Plantaginaceae undiff.,plantaginaceae_undiff
Plantago,plantago
Plantago-type,plantago_type
Plantago (type 1),plantago_type_1
Plantago africana-type,plantago_africana_type
Plantago albicans,plantago_albicans
Plantago alpina,plantago_alpina
Plantago alpina-type,plantago_alpina_type
Plantago atrata,plantago_atrata
Plantago atrata-type,plantago_atrata_type
Plantago australis,plantago_australis
Plantago barbata-type,plantago_barbata_type
Plantago canescens,plantago_canescens
Plantago canescens-type,plantago_canescens_type
Plantago cf. P. australis,plantago_cf_p_australis
Plantago cf. P. coronopus,plantago_cf_p_coronopus
Plantago cf. P. lanceolata,plantago_cf_p_lanceolata
Plantago cf. P. major,plantago_cf_p_major
Plantago cf. P. media,plantago_cf_p_media
Plantago cf. P. turficola,plantago_cf_p_turficola
Plantago ciliata-type,plantago_ciliata_type
Plantago coronopus,plantago_coronopus
Plantago coronopus-type,plantago_coronopus_type
Plantago coronopus sensu stricto,plantago_coronopus_sensu_stricto
Plantago cylindrica-type,plantago_cylindrica_type
Plantago indeterminata,plantago_indeterminata
Plantago lagopus,plantago_lagopus
Plantago lagopus-type,plantago_lagopus_type
Plantago lanceolata,plantago_lanceolata
Plantago lanceolata-type,plantago_lanceolata_type
Plantago lanceolata/P. lagopus,plantago_lanceolata_p_lagopus
Plantago major,plantago_major
Plantago major-type,plantago_major_type
Plantago major/P. media,plantago_major_p_media
Plantago major/P. media-type,plantago_major_p_media_type
Plantago maritima,plantago_maritima
Plantago maritima-type,plantago_maritima_type
Plantago maritima sensu lato,plantago_maritima_sensu_lato
Plantago maritima sensu stricto,plantago_maritima_sensu_stricto
Plantago maritima subsp. serpentina,plantago_maritima_subsp_serpentina
Plantago maritima/P. alpina,plantago_maritima_p_alpina
Plantago media,plantago_media
Plantago media-type,plantago_media_type
Plantago media/P. montana,plantago_media_p_montana
Plantago montana,plantago_montana
Plantago muelleri-type,plantago_muelleri_type
Plantago novae-zelandiae-type,plantago_novae_minus_zelandiae_type
Plantago ovata-type,plantago_ovata_type
Plantago pro parte,plantago_pro_parte
Plantago rhizoxylon,plantago_rhizoxylon
Plantago rigida,plantago_rigida
Plantago rigida-type,plantago_rigida_type
Plantago rigida (scabrate),plantago_rigida_scabrate
Plantago rigida (verrucate),plantago_rigida_verrucate
Plantago rugelii,plantago_rugelii
Plantago sericea,plantago_sericea
Plantago sericea-type,plantago_sericea_type
Plantago sp.,plantago_sp
Plantago subulata,plantago_subulata
Plantago subulata-type,plantago_subulata_type
Plantago tasmanica,plantago_tasmanica
Plantago tenuiflora,plantago_tenuiflora
Plantago tenuiflora-type,plantago_tenuiflora_type
Plantago undiff.,plantago_undiff
Plantago uniflora,plantago_uniflora
Plantago varia-type,plantago_varia_type
Plantago/Thalictrum,plantago_thalictrum
Platanaceae,platanaceae
Platanus,platanus
Platanus occidentalis,platanus_occidentalis
Platanus orientalis,platanus_orientalis
Platycarya,platycarya
Platymiscium,platymiscium
Plectranthus,plectranthus
Plectranthus-type (P. otostegioides),plectranthus_type_p_otostegioides
Plectranthus congestus,plectranthus_congestus
Plectritis,plectritis
Plenckia,plenckia
Plenckia populnea,plenckia_populnea
Pleonotoma,pleonotoma
Plerandra,plerandra
Pleurisanthes,pleurisanthes
Pleurospermum,pleurospermum
Pleurospermum-type,pleurospermum_type
Pleurospermum austriacum,pleurospermum_austriacum
Pleurospermum austriacum-type,pleurospermum_austriacum_type
Plicosepalus,plicosepalus
Plicosephalus-type,plicosephalus_type
Pluchea,pluchea
Plumbaginaceae,plumbaginaceae
Plumbago,plumbago
Plumbago zeylanica,plumbago_zeylanica
Poa,poa
Poaceae,poaceae
Poaceae (<10µm dA),poaceae_smaller_than_10mu_m_d_a
Poaceae (<10µm sA),poaceae_smaller_than_10mu_m_s_a
Poaceae (<20 µm),poaceae_smaller_than_20_mu_m
Poaceae (<25 µm),poaceae_smaller_than_25_mu_m
Poaceae (<35 µm),poaceae_smaller_than_35_mu_m
Poaceae (<37 µm),poaceae_smaller_than_37_mu_m
Poaceae (<40 µm),poaceae_smaller_than_40_mu_m
Poaceae (<47 µm),poaceae_smaller_than_47_mu_m
Poaceae (<50 µm),poaceae_smaller_than_50_mu_m
Poaceae (<60 μm),poaceae_smaller_than_60_mm
Poaceae (>25 µm),poaceae_bigger_than_25_mu_m
Poaceae (>35 µm),poaceae_bigger_than_35_mu_m
Poaceae (>37 µm),poaceae_bigger_than_37_mu_m
Poaceae (>40 µm),poaceae_bigger_than_40_mu_m
Poaceae (>47 µm),poaceae_bigger_than_47_mu_m
Poaceae (>50 µm),poaceae_bigger_than_50_mu_m
Poaceae (>80 µm),poaceae_bigger_than_80_mu_m
Poaceae (>85 μm),poaceae_bigger_than_85_mm
Poaceae (10-20µm dA),poaceae_10_minus_20mu_m_d_a
Poaceae (10-20µm sA),poaceae_10_minus_20mu_m_s_a
Poaceae (20-25 µm),poaceae_20_minus_25_mu_m
Poaceae (20-30µm dA),poaceae_20_minus_30mu_m_d_a
Poaceae (20-30µm sA),poaceae_20_minus_30mu_m_s_a
Poaceae (25-30 µm),poaceae_25_minus_30_mu_m
Poaceae (30-35 µm),poaceae_30_minus_35_mu_m
Poaceae (33-36 µm),poaceae_33_minus_36_mu_m
Poaceae (60-85 μm),poaceae_60_minus_85_mm
Poaceae (80 µm),poaceae_80_mu_m
Poaceae (annulus <12 µm),poaceae_annulus_smaller_than_12_mu_m
Poaceae (annulus >10 µm),poaceae_annulus_bigger_than_10_mu_m
Poaceae (annulus 10-12 µm),poaceae_annulus_10_minus_12_mu_m
Poaceae (annulus 8-10 µm),poaceae_annulus_8_minus_10_mu_m
Poaceae (broken),poaceae_broken
Poaceae (Cerealia-type excluding Secale),poaceae_cerealia_type_excluding_secale
Poaceae (Cerealia-type),poaceae_cerealia_type
Poaceae (Cerealia-type) cf. Avena/Triticum group,poaceae_cerealia_type_cf_avena_triticum_group
Poaceae (Cerealia-type) cf. Hordeum,poaceae_cerealia_type_cf_hordeum
Poaceae (Cerealia-type) cf. Hordeum group,poaceae_cerealia_type_cf_hordeum_group
Poaceae (Cerealia-type) undiff.,poaceae_cerealia_type_undiff
"Poaceae (Cerealia-type, ≥50µm)",poaceae_cerealia_type_bigger_than_50mu_m
"Poaceae (Cerealia-type, 37-39 µm)",poaceae_cerealia_type_37_minus_39_mu_m
"Poaceae (Cerealia-type, 40-44 µm)",poaceae_cerealia_type_40_minus_44_mu_m
"Poaceae (Cerealia-type, 45-49 µm)",poaceae_cerealia_type_45_minus_49_mu_m
"Poaceae (Cerealia-type, broken)",poaceae_cerealia_type_broken
"Poaceae (Cerealia-type, corroded)",poaceae_cerealia_type_corroded
"Poaceae (Cerealia-type, crumpled)",poaceae_cerealia_type_crumpled
"Poaceae (Cerealia-type, indeterminable)",poaceae_cerealia_type_indeterminable
Poaceae (Cerealia),poaceae_cerealia
Poaceae (Cerealia) cf. Avena,poaceae_cerealia_cf_avena
Poaceae (Cerealia) cf. Secale,poaceae_cerealia_cf_secale
Poaceae (Cerealia) excluding Secale,poaceae_cerealia_excluding_secale
Poaceae (Cerealia) undiff.,poaceae_cerealia_undiff
"Poaceae (Cerealia, >45 µm)",poaceae_cerealia_bigger_than_45_mu_m
"Poaceae (Cerealia, >50 µm)",poaceae_cerealia_bigger_than_50_mu_m
"Poaceae (Cerealia, 37-40 µm)",poaceae_cerealia_37_minus_40_mu_m
"Poaceae (Cerealia, 40-50 µm)",poaceae_cerealia_40_minus_50_mu_m
Poaceae (corroded),poaceae_corroded
Poaceae (crumpled),poaceae_crumpled
Poaceae (degraded),poaceae_degraded
Poaceae (large),poaceae_large
Poaceae (small),poaceae_small
Poaceae (type 1),poaceae_type_1
Poaceae (type 10),poaceae_type_10
Poaceae (type 2),poaceae_type_2
Poaceae (type 3),poaceae_type_3
Poaceae (type 4),poaceae_type_4
Poaceae (type 5),poaceae_type_5
Poaceae (type 6),poaceae_type_6
Poaceae (type 7),poaceae_type_7
Poaceae (type 8),poaceae_type_8
Poaceae (type 9),poaceae_type_9
Poaceae (type A),poaceae_type_a
Poaceae (type B),poaceae_type_b
Poaceae (type I),poaceae_type_i
Poaceae (type II),poaceae_type_ii
Poaceae indet.,poaceae_indet
Poaceae indet. (type1),poaceae_indet_type1
Poaceae indet. (type2),poaceae_indet_type2
Poaceae pro parte,poaceae_pro_parte
Poaceae undiff.,poaceae_undiff
Poaceae undiff. (<40 µm),poaceae_undiff_smaller_than_40_mu_m
Poaceae undiff. (>40 µm),poaceae_undiff_bigger_than_40_mu_m
Podocalyx,podocalyx
Podocalyx aff. P. loranthoides,podocalyx_aff_p_loranthoides
Podocarpaceae,podocarpaceae
Podocarpaceae undiff.,podocarpaceae_undiff
Podocarpus,podocarpus
Podocarpus-type,podocarpus_type
Podocarpus-type milanjianus,podocarpus_type_milanjianus
Podocarpus (thin),podocarpus_thin
Podocarpus (type 1),podocarpus_type_1
Podocarpus (type 2),podocarpus_type_2
Podocarpus latifolius,podocarpus_latifolius
Podocarpus lawrencei,podocarpus_lawrencei
Podocarpus nubigenus,podocarpus_nubigenus
Podocarpus salignus,podocarpus_salignus
Podocarpus spp.,podocarpus_spp
Podocarpus totara,podocarpus_totara
Poecilanthe,poecilanthe
Poeppigia,poeppigia
Pogostemon,pogostemon
Poikilogyne,poikilogyne
Poiretia,poiretia
Polemoniaceae,polemoniaceae
Polemoniaceae undiff.,polemoniaceae_undiff
Polemonium,polemonium
Polemonium-type,polemonium_type
Polemonium boreale,polemonium_boreale
Polemonium caeruleum,polemonium_caeruleum
Polemonium/Gilia,polemonium_gilia
Polyachyrus-type,polyachyrus_type
Polycarpaea,polycarpaea
Polycarpaea-type,polycarpaea_type
Polycarpaea eriantha-type,polycarpaea_eriantha_type
Polycarpon,polycarpon
Polycarpon-type,polycarpon_type
Polycarpon prostratum,polycarpon_prostratum
Polycarpon tetraphyllum,polycarpon_tetraphyllum
Polycnemum,polycnemum
Polycnemum/Paronychia,polycnemum_paronychia
Polycnemum/Paronychia-type,polycnemum_paronychia_type
Polydora serratuloides,polydora_serratuloides
Polydora serratuloides-type,polydora_serratuloides_type
Polygala,polygala
Polygala-type,polygala_type
Polygala comosa-type,polygala_comosa_type
Polygala paniculata,polygala_paniculata
Polygala vulgaris,polygala_vulgaris
Polygala vulgaris-type,polygala_vulgaris_type
Polygalaceae,polygalaceae
Polygalaceae (type A),polygalaceae_type_a
Polygalaceae (type B),polygalaceae_type_b
Polygalaceae (type C),polygalaceae_type_c
Polygalaceae (type D),polygalaceae_type_d
Polygalaceae undiff.,polygalaceae_undiff
Polygalaceae/Utricularia,polygalaceae_utricularia
Polygonaceae,polygonaceae
Polygonaceae (excluding Rumex),polygonaceae_excluding_rumex
Polygonaceae (tricolporate),polygonaceae_tricolporate
Polygonaceae cf. Bistorta officinalis,polygonaceae_cf_bistorta_officinalis
Polygonaceae cf. Muehlenbeckia,polygonaceae_cf_muehlenbeckia
Polygonaceae indet.,polygonaceae_indet
Polygonaceae undiff.,polygonaceae_undiff
Polygonatum,polygonatum
Polygonatum-type,polygonatum_type
Polygonatum odoratum-type,polygonatum_odoratum_type
Polygonatum verticillatum,polygonatum_verticillatum
Polygonatum verticillatum-type,polygonatum_verticillatum_type
Polygonoideae pro parte,polygonoideae_pro_parte
Polygonum,polygonum
Polygonum-type,polygonum_type
Polygonum-type (tricolporate),polygonum_type_tricolporate
Polygonum-type sensu lato,polygonum_type_sensu_lato
Polygonum arenarium,polygonum_arenarium
Polygonum aviculare,polygonum_aviculare
Polygonum aviculare-type,polygonum_aviculare_type
Polygonum aviculare/Bistorta officinalis,polygonum_aviculare_bistorta_officinalis
Polygonum californicum,polygonum_californicum
Polygonum californicum-type,polygonum_californicum_type
Polygonum cf. P. aviculare,polygonum_cf_p_aviculare
Polygonum cf. Persicaria senegalensis,polygonum_cf_persicaria_senegalensis
Polygonum cognatum,polygonum_cognatum
Polygonum delopyrum-type,polygonum_delopyrum_type
Polygonum douglasii-type,polygonum_douglasii_type
Polygonum fimbriatum-type,polygonum_fimbriatum_type
Polygonum indeterminata,polygonum_indeterminata
Polygonum maritimum,polygonum_maritimum
Polygonum oxyspermum,polygonum_oxyspermum
Polygonum oxyspermum-type,polygonum_oxyspermum_type
Polygonum oxyspermum subsp. raii,polygonum_oxyspermum_subsp_raii
Polygonum plebeium,polygonum_plebeium
Polygonum polygamum-type,polygonum_polygamum_type
Polygonum ramosissimum-type,polygonum_ramosissimum_type
Polygonum sawatchense,polygonum_sawatchense
Polygonum sect. Duravia,polygonum_sect_duravia
Polygonum sect. Polygonum,polygonum_sect_polygonum
Polygonum sensu lato,polygonum_sensu_lato
Polygonum sensu lato undiff.,polygonum_sensu_lato_undiff
Polygonum serrulatoides-type,polygonum_serrulatoides_type
Polygonum sp.,polygonum_sp
Polygonum subsect. Polygonella,polygonum_subsect_polygonella
Polygonum tenue-type,polygonum_tenue_type
Polylepis,polylepis
Polylepis pepei,polylepis_pepei
Polylepis/Acaena,polylepis_acaena
Polyosma,polyosma
Polyscias,polyscias
Polyscias-type,polyscias_type
Polyscias fulva,polyscias_fulva
Polyscias fulva-type,polyscias_fulva_type
Polyscias sambucifolia,polyscias_sambucifolia
Pomaderris,pomaderris
Pomaderris andromedifolia,pomaderris_andromedifolia
Pomaderris apetala,pomaderris_apetala
Pomaderris apetala-type,pomaderris_apetala_type
Pomaderris aspera,pomaderris_aspera
Pomaderris aspera-type,pomaderris_aspera_type
Pomaderris elliptica,pomaderris_elliptica
Pomaderris elliptica-type,pomaderris_elliptica_type
Pomaderris lanigera,pomaderris_lanigera
Pomax umbellata,pomax_umbellata
Pometia comp.,pometia_comp
Populus,populus
Populus balsamifera,populus_balsamifera
Populus balsamifera-type,populus_balsamifera_type
Populus cf. P. tremuloides,populus_cf_p_tremuloides
Populus deltoides-type,populus_deltoides_type
Populus grandidentata-type,populus_grandidentata_type
Populus nigra,populus_nigra
Populus tremula,populus_tremula
Populus tremula-type,populus_tremula_type
Populus tremuloides,populus_tremuloides
Populus tremuloides-type,populus_tremuloides_type
Populus trichocarpa,populus_trichocarpa
Populus trichocarpa-type,populus_trichocarpa_type
Populus undiff.,populus_undiff
Poranthera,poranthera
Poraqueiba,poraqueiba
Portulaca,portulaca
Portulaca oleracea-type,portulaca_oleracea_type
Portulaca sp.,portulaca_sp
Portulacaceae,portulacaceae
Posoqueria,posoqueria
Posoqueria latifolia,posoqueria_latifolia
Potentilla,potentilla
Potentilla-type,potentilla_type
Potentilla anserina-type,potentilla_anserina_type
Potentilla erecta,potentilla_erecta
Potentilla micrantha-type,potentilla_micrantha_type
Potentilla recta,potentilla_recta
Potentilla undiff.,potentilla_undiff
Potentilla/Comarum,potentilla_comarum
Potentilla/Comarum-type,potentilla_comarum_type
Poterium,poterium
Poterium sanguisorba,poterium_sanguisorba
Poterium sanguisorba subsp. sanguisorba,poterium_sanguisorba_subsp_sanguisorba
Pourouma,pourouma
Pourouma/Sorocea/Maclura,pourouma_sorocea_maclura
Pouteria,pouteria
Pouteria-type,pouteria_type
Pouteria aff. P. elegans,pouteria_aff_p_elegans
Pouteria guianensis,pouteria_guianensis
Pouteria sp.,pouteria_sp
Pouzolzia-type,pouzolzia_type
Pozoa,pozoa
Premna,premna
Premna serratifolia-type,premna_serratifolia_type
Prestonia,prestonia
Prestonia-type,prestonia_type
Primula,primula
Primula-type,primula_type
Primula algida,primula_algida
Primula cf. P. integrifolia,primula_cf_p_integrifolia
Primula clusiana,primula_clusiana
Primula clusiana-type,primula_clusiana_type
Primula elatior-type,primula_elatior_type
Primula farinosa,primula_farinosa
Primula farinosa-type,primula_farinosa_type
Primula farinosa-type (large),primula_farinosa_type_large
Primula hirsuta-type,primula_hirsuta_type
Primula integrifolia-type,primula_integrifolia_type
Primula scandinavica-type,primula_scandinavica_type
Primula undiff.,primula_undiff
Primula veris-type,primula_veris_type
Primula vulgaris,primula_vulgaris
Primula vulgaris-type,primula_vulgaris_type
Primulaceae,primulaceae
Primulaceae cf. Maesa,primulaceae_cf_maesa
Primulaceae undiff.,primulaceae_undiff
Pritchardia,pritchardia
Priva,priva
Priva-type,priva_type
Prosopis,prosopis
Prosopis-type africana,prosopis_type_africana
Prosopis africana,prosopis_africana
Prosopis/Entada,prosopis_entada
Prostanthera,prostanthera
Protea,protea
Protea-type,protea_type
Proteaceae,proteaceae
Proteaceae (reticulate),proteaceae_reticulate
Proteaceae (type 1),proteaceae_type_1
Proteaceae (type II),proteaceae_type_ii
Proteaceae (type IV),proteaceae_type_iv
Proteaceae cf. Hakea,proteaceae_cf_hakea
Proteaceae cf. Orites,proteaceae_cf_orites
Proteaceae cf. Panopsis,proteaceae_cf_panopsis
Proteaceae undiff.,proteaceae_undiff
Protium,protium
Protium-type,protium_type
Protium (type A),protium_type_a
Protium (type B),protium_type_b
Protium (type I),protium_type_i
Protium (type II),protium_type_ii
Protium (type III),protium_type_iii
Protium amazonicum,protium_amazonicum
Protium obtusifolium,protium_obtusifolium
Protium robustum,protium_robustum
Protium undiff.,protium_undiff
Protomegabaria-type,protomegabaria_type
Proustia,proustia
Prumnopitys andina,prumnopitys_andina
Prumnopitys ferruginea,prumnopitys_ferruginea
Prumnopitys taxifolia,prumnopitys_taxifolia
Prunella,prunella
Prunella-type,prunella_type
Prunella vulgaris-type,prunella_vulgaris_type
Prunus,prunus
Prunus-type,prunus_type
Prunus-type undiff.,prunus_type_undiff
Prunus (type 2),prunus_type_2
Prunus africana,prunus_africana
Prunus africana-type,prunus_africana_type
Prunus americana,prunus_americana
Prunus americana-type,prunus_americana_type
Prunus avium-type,prunus_avium_type
Prunus avium/P. spinosa,prunus_avium_p_spinosa
Prunus cf. P. padus,prunus_cf_p_padus
Prunus cf. P. serotina,prunus_cf_p_serotina
Prunus dulcis-type,prunus_dulcis_type
Prunus padus,prunus_padus
Prunus pensylvanica,prunus_pensylvanica
Prunus serotina,prunus_serotina
Prunus sp.,prunus_sp
Prunus spinosa,prunus_spinosa
Prunus spinosa-type,prunus_spinosa_type
Prunus undiff.,prunus_undiff
Prunus virginiana,prunus_virginiana
Prunus virginiana-type,prunus_virginiana_type
Prunus/Amelanchier,prunus_amelanchier
Prunus/Pyrus,prunus_pyrus
Prunus/Sorbus,prunus_sorbus
Pseudanthus,pseudanthus
Pseudelephantopus-type,pseudelephantopus_type
Pseuderanthemum,pseuderanthemum
Pseudobombax,pseudobombax
Pseudobombax-type,pseudobombax_type
Pseudocedrela kotschyi,pseudocedrela_kotschyi
Pseudofumaria lutea,pseudofumaria_lutea
Pseudofumaria lutea-type,pseudofumaria_lutea_type
Pseudolarix,pseudolarix
Pseudolmedia,pseudolmedia
Pseudopanax,pseudopanax
Pseudopanax-type,pseudopanax_type
Pseudopanax anomalus-type,pseudopanax_anomalus_type
Pseudopanax arboreus,pseudopanax_arboreus
Pseudopanax colensoi-type,pseudopanax_colensoi_type
Pseudospondias,pseudospondias
Pseudospondias-type,pseudospondias_type
Pseudotsuga,pseudotsuga
Pseudotsuga-type,pseudotsuga_type
Pseudotsuga menziesii,pseudotsuga_menziesii
Pseudowintera,pseudowintera
Psidium,psidium
Psidium cattleianum,psidium_cattleianum
Psidium guajava,psidium_guajava
Psilotrichum-type,psilotrichum_type
Psilotrichum-type elliotii,psilotrichum_type_elliotii
Psilotrichum elliotii-type,psilotrichum_elliotii_type
Psiloxylon mauritianum,psiloxylon_mauritianum
Psittacanthus,psittacanthus
Psoralea,psoralea
Psoralea-type,psoralea_type
Psoraleeae,psoraleeae
Psorospermum,psorospermum
Psorospermum febrifugum-type,psorospermum_febrifugum_type
Psychotria,psychotria
Psychotria-type,psychotria_type
"Psychotria-type (inaperturate, baculate)",psychotria_type_inaperturate_baculate
"Psychotria-type (tricolporate, reticulate)",psychotria_type_tricolporate_reticulate
Psychotria-type amboniana,psychotria_type_amboniana
Psychotria (type I),psychotria_type_i
Psychotria (type II),psychotria_type_ii
Psychotria amboniana-type,psychotria_amboniana_type
Psychotria cf. P. carthagenensis,psychotria_cf_p_carthagenensis
Psychotria cyathicalyx-type,psychotria_cyathicalyx_type
Psychotria horizontalis,psychotria_horizontalis
Psychotria undiff.,psychotria_undiff
Psydrax,psydrax
Psydrax-type (P. schimperiana),psydrax_type_p_schimperiana
Psydrax-type (P. subcordata),psydrax_type_p_subcordata
Psydrax-type schimperiana,psydrax_type_schimperiana
Psydrax-type subcordata,psydrax_type_subcordata
Psydrax schimperiana-type,psydrax_schimperiana_type
Psydrax subcordata,psydrax_subcordata
Psylliostachys,psylliostachys
Psylliostachys spicata,psylliostachys_spicata
Psylliostachys spicata-type,psylliostachys_spicata_type
Ptelea trifoliata,ptelea_trifoliata
Pterandra,pterandra
Pteranthus,pteranthus
Pterocarpus,pterocarpus
Pterocarpus-type,pterocarpus_type
Pterocarpus-type angolensis,pterocarpus_type_angolensis
Pterocarpus-type lucens,pterocarpus_type_lucens
Pterocarpus santalinoides,pterocarpus_santalinoides
Pterocarya,pterocarya
Pterocarya fraxinifolia,pterocarya_fraxinifolia
Pterodiscus,pterodiscus
Pterodon,pterodon
Pterodon-type,pterodon_type
Pterogyne,pterogyne
Pterolobium stellatum,pterolobium_stellatum
Pteropyrum,pteropyrum
Pteropyrum-type,pteropyrum_type
Pterospermum,pterospermum
Pterygota,pterygota
Pulmonaria,pulmonaria
Pulmonaria-type,pulmonaria_type
Pulmonaria-type cf. Anchusa arvensis,pulmonaria_type_cf_anchusa_arvensis
Pulmonaria obscura,pulmonaria_obscura
Pulmonaria obscura-type,pulmonaria_obscura_type
Pulmonaria officinalis,pulmonaria_officinalis
Pultenaea,pultenaea
Pultenaea-type,pultenaea_type
Punica granatum,punica_granatum
Pupalia-type,pupalia_type
Pupalia-type lappacea,pupalia_type_lappacea
Purdiaea nutans,purdiaea_nutans
Purshia,purshia
Purshia-type,purshia_type
Purshia tridentata,purshia_tridentata
Puya,puya
Puya-type,puya_type
Pycnanthus,pycnanthus
Pycnanthus angolensis,pycnanthus_angolensis
Pycnanthus angolensis-type,pycnanthus_angolensis_type
Pycnophyllum,pycnophyllum
Pyrola,pyrola
Pyrola-type,pyrola_type
Pyrus,pyrus
Pyrus-type,pyrus_type
Pyrus/Malus,pyrus_malus
Pyrus/Sorbus,pyrus_sorbus
Qualea,qualea
Quararibea,quararibea
Quercus,quercus
Quercus-type,quercus_type
Quercus (deciduous-type),quercus_deciduous_type
Quercus (deciduous),quercus_deciduous
Quercus (evergreen-type),quercus_evergreen_type
Quercus (evergreen),quercus_evergreen
Quercus (rough),quercus_rough
Quercus (smooth),quercus_smooth
Quercus canariensis,quercus_canariensis
Quercus canariensis/Q. pyrenaica,quercus_canariensis_q_pyrenaica
Quercus cerris,quercus_cerris
Quercus cerris-type,quercus_cerris_type
Quercus cerris/Q. suber,quercus_cerris_q_suber
Quercus cf. Q. canariensis,quercus_cf_q_canariensis
Quercus cf. Q. rotundifolia,quercus_cf_q_rotundifolia
Quercus cf. Q. suber,quercus_cf_q_suber
Quercus chrysolepis,quercus_chrysolepis
Quercus coccifera,quercus_coccifera
Quercus coccifera-type,quercus_coccifera_type
Quercus coccifera-type (broken),quercus_coccifera_type_broken
Quercus coccifera-type (crumpled),quercus_coccifera_type_crumpled
Quercus coccifera-type: corroded,quercus_coccifera_type_corroded
Quercus comp.,quercus_comp
Quercus faginea,quercus_faginea
Quercus faginea-type,quercus_faginea_type
Quercus frainetto,quercus_frainetto
Quercus gambelii-type,quercus_gambelii_type
Quercus garryana,quercus_garryana
Quercus glauca,quercus_glauca
Quercus ilex,quercus_ilex
Quercus ilex-type,quercus_ilex_type
Quercus ilex/Q. coccifera,quercus_ilex_q_coccifera
Quercus ilex/Q. coccifera-type,quercus_ilex_q_coccifera_type
Quercus indet.,quercus_indet
Quercus infectoria subsp. veneris-type,quercus_infectoria_subsp_veneris_type
Quercus ithaburensis,quercus_ithaburensis
Quercus ithaburensis-type,quercus_ithaburensis_type
Quercus mongolica,quercus_mongolica
Quercus petraea,quercus_petraea
Quercus pubescens-type,quercus_pubescens_type
Quercus pubescens/Q. robur-type,quercus_pubescens_q_robur_type
Quercus pyrenaica-type,quercus_pyrenaica_type
Quercus robur,quercus_robur
Quercus robur-type,quercus_robur_type
Quercus robur group,quercus_robur_group
Quercus robur/Q. pubescens-type,quercus_robur_q_pubescens_type
Quercus rotundifolia,quercus_rotundifolia
Quercus rubra,quercus_rubra
Quercus sect. Cyclobalanopsis,quercus_sect_cyclobalanopsis
Quercus sp.,quercus_sp
Quercus suber,quercus_suber
Quercus suber-type,quercus_suber_type
Quercus subg. Quercus,quercus_subg_quercus
Quercus undiff.,quercus_undiff
Quercus undiff. (broken),quercus_undiff_broken
Quercus undiff. (corroded),quercus_undiff_corroded
Quercus undiff. (crumpled),quercus_undiff_crumpled
Quercus undiff. (degraded),quercus_undiff_degraded
Quercus undiff. (obscured),quercus_undiff_obscured
Quercus vaccinifolia,quercus_vaccinifolia
Quercus vaccinifolia-type,quercus_vaccinifolia_type
Quinchamalium,quinchamalium
Quintinia,quintinia
Quintinia comp.,quintinia_comp
Rachicallis,rachicallis
Radiola,radiola
Radiola linoides,radiola_linoides
Randia,randia
Randia-type,randia_type
Ranunculaceae,ranunculaceae
Ranunculaceae (pericolpate),ranunculaceae_pericolpate
Ranunculaceae (tricolpate),ranunculaceae_tricolpate
Ranunculaceae (tricolpate) undiff.,ranunculaceae_tricolpate_undiff
Ranunculaceae (type 1),ranunculaceae_type_1
Ranunculaceae (type 2),ranunculaceae_type_2
Ranunculaceae cf. Aconitum,ranunculaceae_cf_aconitum
Ranunculaceae cf. Anemone/Caltha,ranunculaceae_cf_anemone_caltha
Ranunculaceae cf. Thalictrum,ranunculaceae_cf_thalictrum
Ranunculaceae pro parte,ranunculaceae_pro_parte
Ranunculaceae undiff.,ranunculaceae_undiff
Ranunculus,ranunculus
Ranunculus-type,ranunculus_type
Ranunculus-type undiff.,ranunculus_type_undiff
Ranunculus aconitifolius,ranunculus_aconitifolius
Ranunculus aconitifolius-type,ranunculus_aconitifolius_type
Ranunculus acris,ranunculus_acris
Ranunculus acris-type,ranunculus_acris_type
Ranunculus acris-type cf. R. sardous,ranunculus_acris_type_cf_r_sardous
Ranunculus acris-type undiff.,ranunculus_acris_type_undiff
Ranunculus acris group,ranunculus_acris_group
Ranunculus acris/R. flammula/R. sceleratus group,ranunculus_acris_r_flammula_r_sceleratus_group
Ranunculus arvensis,ranunculus_arvensis
Ranunculus arvensis-type,ranunculus_arvensis_type
Ranunculus asiaticus-type,ranunculus_asiaticus_type
Ranunculus biternatus,ranunculus_biternatus
Ranunculus cf. R. bonariensis,ranunculus_cf_r_bonariensis
Ranunculus cf. R. fluitans,ranunculus_cf_r_fluitans
Ranunculus comp.,ranunculus_comp
Ranunculus flammula,ranunculus_flammula
Ranunculus flammula-type,ranunculus_flammula_type
Ranunculus flammula group,ranunculus_flammula_group
Ranunculus fluitans-type,ranunculus_fluitans_type
Ranunculus glacialis,ranunculus_glacialis
Ranunculus glacialis-type,ranunculus_glacialis_type
Ranunculus lanuginosus,ranunculus_lanuginosus
Ranunculus lanuginosus-type,ranunculus_lanuginosus_type
Ranunculus lingua,ranunculus_lingua
Ranunculus lingua-type,ranunculus_lingua_type
Ranunculus muricatus-type,ranunculus_muricatus_type
Ranunculus orthorhynchus,ranunculus_orthorhynchus
Ranunculus parviflorus,ranunculus_parviflorus
Ranunculus pensylvanicus-type,ranunculus_pensylvanicus_type
Ranunculus repens,ranunculus_repens
Ranunculus repens-type,ranunculus_repens_type
Ranunculus sceleratus-type,ranunculus_sceleratus_type
Ranunculus sceleratus/R. repens,ranunculus_sceleratus_r_repens
Ranunculus sect. Batrachium-type,ranunculus_sect_batrachium_type
Ranunculus sp.,ranunculus_sp
Ranunculus stagnalis-type,ranunculus_stagnalis_type
Ranunculus undiff.,ranunculus_undiff
Ranunculus villosus subsp. constantinopolitanus-type,ranunculus_villosus_subsp_constantinopolitanus_type
Raoulia,raoulia
Rapanea,rapanea
Rapanea (3-4 colpate),rapanea_3_minus_4_colpate
Rapanea cf. R. achradifolia,rapanea_cf_r_achradifolia
Rapanea melanophloeos,rapanea_melanophloeos
Rapanea melanophloeos-type,rapanea_melanophloeos_type
Raphia,raphia
Raphia-type,raphia_type
Raphiostylis,raphiostylis
Raukaua laetevirens,raukaua_laetevirens
Rauvolfia,rauvolfia
Ravenala madagascariensis,ravenala_madagascariensis
Ravenea,ravenea
Ravenea-type,ravenea_type
Reaumuria,reaumuria
Reevesia,reevesia
Renealmia,renealmia
Reseda,reseda
Reseda-type,reseda_type
Reseda lutea-type,reseda_lutea_type
Reseda luteola,reseda_luteola
Reseda luteola-type,reseda_luteola_type
Reseda/Sesamoides,reseda_sesamoides
Resedaceae,resedaceae
Resedaceae undiff.,resedaceae_undiff
Restio,restio
Restio-type,restio_type
Restionaceae,restionaceae
Restionaceae cf. Restio,restionaceae_cf_restio
Restionaceae undiff.,restionaceae_undiff
Retrophyllum,retrophyllum
Reynosia septentrionalis,reynosia_septentrionalis
Reynoutria,reynoutria
Rhabdadenia,rhabdadenia
Rhamnaceae,rhamnaceae
Rhamnaceae cf. Colubrina glandulosa,rhamnaceae_cf_colubrina_glandulosa
Rhamnaceae cf. Spyridium,rhamnaceae_cf_spyridium
Rhamnaceae undiff.,rhamnaceae_undiff
Rhamnaceae/Rosaceae,rhamnaceae_rosaceae
Rhamnaceae/Vitaceae,rhamnaceae_vitaceae
Rhamnaceae/Vitaceae undiff.,rhamnaceae_vitaceae_undiff
Rhamnidium (type 1),rhamnidium_type_1
Rhamnidium elaeocarpum,rhamnidium_elaeocarpum
Rhamnus,rhamnus
Rhamnus-type,rhamnus_type
Rhamnus (type 1),rhamnus_type_1
Rhamnus alnifolia,rhamnus_alnifolia
Rhamnus alnifolia/Frangula alnus,rhamnus_alnifolia_frangula_alnus
Rhamnus cathartica,rhamnus_cathartica
Rhamnus cathartica-type,rhamnus_cathartica_type
Rhamnus/Frangula,rhamnus_frangula
Rhamnus/Paliurus,rhamnus_paliurus
Rhamnus/Vitis,rhamnus_vitis
Rhamphicarpa,rhamphicarpa
Rhaphiostylis,rhaphiostylis
Rheedia,rheedia
Rheum,rheum
Rheum officinale,rheum_officinale
Rheum ribes,rheum_ribes
Rhexia,rhexia
Rhexia-type,rhexia_type
Rhinanthus,rhinanthus
Rhinanthus-type,rhinanthus_type
Rhinanthus group,rhinanthus_group
Rhinanthus/Veronica,rhinanthus_veronica
Rhipsalis,rhipsalis
Rhizophora,rhizophora
Rhizophora apiculata,rhizophora_apiculata
Rhizophora mangle,rhizophora_mangle
Rhizophora stylosa,rhizophora_stylosa
Rhizophoraceae,rhizophoraceae
Rhizophoraceae-type,rhizophoraceae_type
Rhodiola rosea,rhodiola_rosea
Rhododendron,rhododendron
Rhododendron-type,rhododendron_type
Rhododendron canadense,rhododendron_canadense
Rhododendron subsect. Ledum,rhododendron_subsect_ledum
Rhododendron subsect. Ledum-type,rhododendron_subsect_ledum_type
Rhododendron subsect. Ledum/Chamaedaphne,rhododendron_subsect_ledum_chamaedaphne
Rhododendron subsect. Ledum/Chamaedaphne calyculata,rhododendron_subsect_ledum_chamaedaphne_calyculata
Rhododendron tomentosum,rhododendron_tomentosum
Rhoicissus,rhoicissus
Rhopalostylis sapida,rhopalostylis_sapida
Rhus,rhus
Rhus-type,rhus_type
Rhus-type vulgaris,rhus_type_vulgaris
Rhus coriaria,rhus_coriaria
Rhus coriaria-type,rhus_coriaria_type
Rhus group,rhus_group
Rhus longipes,rhus_longipes
Rhus rehmanniana var. rehmanniana,rhus_rehmanniana_var_rehmanniana
Rhus typhina,rhus_typhina
Rhus typhina-type,rhus_typhina_type
Rhus undiff.,rhus_undiff
Rhus/Toxicodendron,rhus_toxicodendron
Rhus/Toxicodendron cf. T. radicans,rhus_toxicodendron_cf_t_radicans
Rhynchosia,rhynchosia
Rhynchosia-type,rhynchosia_type
Rhynchosia-type malacophylla,rhynchosia_type_malacophylla
Ribes,ribes
Ribes-type,ribes_type
Ribes alpinum,ribes_alpinum
Ribes alpinum-type,ribes_alpinum_type
Ribes aureum,ribes_aureum
Ribes cf. R. alpinum,ribes_cf_r_alpinum
Ribes lacustre,ribes_lacustre
Ribes montigenum,ribes_montigenum
Ribes rubrum-type,ribes_rubrum_type
Ribes undiff.,ribes_undiff
Ribes uva-crispa,ribes_uva_minus_crispa
Richardia,richardia
Richea,richea
Richea-type,richea_type
Richea continentis-type,richea_continentis_type
Richea procera-type,richea_procera_type
Richeria,richeria
Ricinocarpos,ricinocarpos
Ricinus,ricinus
Ricinus communis,ricinus_communis
Rinorea,rinorea
Rinorea-type,rinorea_type
Ritchiea,ritchiea
Robinia,robinia
Robinia-type,robinia_type
Robinia pseudoacacia,robinia_pseudoacacia
Roemeria,roemeria
Roemeria hybrida,roemeria_hybrida
Rolandra fruticosa,rolandra_fruticosa
Rorippa insularis-type,rorippa_insularis_type
Rosa,rosa
Rosa-type,rosa_type
Rosa canina,rosa_canina
Rosa cf. R. canina,rosa_cf_r_canina
Rosaceae,rosaceae
Rosaceae-type,rosaceae_type
Rosaceae (<20 µm),rosaceae_smaller_than_20_mu_m
Rosaceae (>20 µm),rosaceae_bigger_than_20_mu_m
Rosaceae (herbs) undiff.,rosaceae_herbs_undiff
"Rosaceae (small, striate)",rosaceae_small_striate
Rosaceae (trees),rosaceae_trees
Rosaceae (trees) undiff.,rosaceae_trees_undiff
Rosaceae (type A),rosaceae_type_a
Rosaceae (type B),rosaceae_type_b
Rosaceae (type I),rosaceae_type_i
Rosaceae cf. Adenostoma,rosaceae_cf_adenostoma
Rosaceae cf. Crataegus-type,rosaceae_cf_crataegus_type
Rosaceae cf. Geum,rosaceae_cf_geum
Rosaceae cf. Holodiscus,rosaceae_cf_holodiscus
Rosaceae cf. Prunus,rosaceae_cf_prunus
Rosaceae cf. Prunus serotina,rosaceae_cf_prunus_serotina
Rosaceae cf. Rosa-type,rosaceae_cf_rosa_type
Rosaceae cf. Sorbus,rosaceae_cf_sorbus
Rosaceae pro parte,rosaceae_pro_parte
Rosaceae undiff.,rosaceae_undiff
Rosaceae/Quercus undiff.,rosaceae_quercus_undiff
Rosales cf. Moraceae/Urticaceae,rosales_cf_moraceae_urticaceae
Rosales cf. Rhamnaceae,rosales_cf_rhamnaceae
Rosmarinus,rosmarinus
Rosmarinus officinalis,rosmarinus_officinalis
Roupala,roupala
Roupala-type,roupala_type
Roupala sp.,roupala_sp
Ruagea,ruagea
Rubia,rubia
Rubia-type,rubia_type
Rubia-type cordifolia,rubia_type_cordifolia
Rubiaceae,rubiaceae
Rubiaceae-type,rubiaceae_type
"Rubiaceae-type (Mauritius type 121, de Boer)",rubiaceae_type_mauritius_type_121_de_boer
"Rubiaceae-type (Mauritius type 164, de Boer)",rubiaceae_type_mauritius_type_164_de_boer
"Rubiaceae-type (Mauritius type 67, de Boer)",rubiaceae_type_mauritius_type_67_de_boer
"Rubiaceae-type (Mauritius type 70, de Boer)",rubiaceae_type_mauritius_type_70_de_boer
Rubiaceae (hexacolpate),rubiaceae_hexacolpate
Rubiaceae (pentacolpate),rubiaceae_pentacolpate
Rubiaceae (type 1),rubiaceae_type_1
Rubiaceae (type 2),rubiaceae_type_2
Rubiaceae (type 25),rubiaceae_type_25
Rubiaceae (type I),rubiaceae_type_i
Rubiaceae aff. Alibertia,rubiaceae_aff_alibertia
Rubiaceae cf. Alibertia-type,rubiaceae_cf_alibertia_type
Rubiaceae cf. Bertiera,rubiaceae_cf_bertiera
Rubiaceae cf. Cephaëlis,rubiaceae_cf_cephaelis
Rubiaceae cf. Galium,rubiaceae_cf_galium
Rubiaceae cf. Galium sect. Relbunium,rubiaceae_cf_galium_sect_relbunium
Rubiaceae cf. Guettarda,rubiaceae_cf_guettarda
Rubiaceae cf. Hoffmannia,rubiaceae_cf_hoffmannia
Rubiaceae cf. Neonauclea,rubiaceae_cf_neonauclea
Rubiaceae cf. Neonauclea-type,rubiaceae_cf_neonauclea_type
Rubiaceae cf. Psychotria,rubiaceae_cf_psychotria
Rubiaceae cf. Sabicea,rubiaceae_cf_sabicea
Rubiaceae cf. Uncaria,rubiaceae_cf_uncaria
Rubiaceae cf. Warszewiczia,rubiaceae_cf_warszewiczia
Rubiaceae pro parte,rubiaceae_pro_parte
Rubiaceae undiff.,rubiaceae_undiff
Rubiaceae: Mitracarpus-type,rubiaceae_mitracarpus_type
Rubiaceae: Tocoyena-type,rubiaceae_tocoyena_type
Rubus,rubus
Rubus-type,rubus_type
Rubus-type undiff.,rubus_type_undiff
Rubus arcticus,rubus_arcticus
Rubus arcticus-type,rubus_arcticus_type
Rubus cf. R. arcticus,rubus_cf_r_arcticus
Rubus cf. R. chamaemorus,rubus_cf_r_chamaemorus
Rubus cf. R. idaeus,rubus_cf_r_idaeus
Rubus cf. R. saxatilis,rubus_cf_r_saxatilis
Rubus chamaemorus,rubus_chamaemorus
Rubus chamaemorus-type,rubus_chamaemorus_type
Rubus comp.,rubus_comp
Rubus fruticosus,rubus_fruticosus
Rubus fruticosus-type,rubus_fruticosus_type
Rubus idaeus-type,rubus_idaeus_type
Rubus pinnatus-type,rubus_pinnatus_type
Rubus saxatilis,rubus_saxatilis
Rubus sp.,rubus_sp
Rubus squarrosus-type,rubus_squarrosus_type
Rubus ulmifolius-type,rubus_ulmifolius_type
Rubus undiff.,rubus_undiff
Ruellia,ruellia
Rugubivesiculites,rugubivesiculites
Rumex,rumex
Rumex-type,rumex_type
Rumex-type undiff.,rumex_type_undiff
Rumex acetosa,rumex_acetosa
Rumex acetosa-type,rumex_acetosa_type
Rumex acetosa group,rumex_acetosa_group
Rumex acetosa/Oxyria-type,rumex_acetosa_oxyria_type
Rumex acetosa/R. acetosella,rumex_acetosa_r_acetosella
Rumex acetosa/R. acetosella-type,rumex_acetosa_r_acetosella_type
Rumex acetosella,rumex_acetosella
Rumex acetosella-type,rumex_acetosella_type
Rumex acetosella sensu lato,rumex_acetosella_sensu_lato
Rumex acetosella/Oxyria digyna-type,rumex_acetosella_oxyria_digyna_type
Rumex alpinus,rumex_alpinus
Rumex alpinus-type,rumex_alpinus_type
Rumex aquaticus,rumex_aquaticus
Rumex aquaticus-type,rumex_aquaticus_type
Rumex brownii,rumex_brownii
Rumex cf. R. alpinus,rumex_cf_r_alpinus
Rumex cf. R. hydrolapathum,rumex_cf_r_hydrolapathum
Rumex cf. R. longifolius,rumex_cf_r_longifolius
Rumex cf. R. obtusifolius,rumex_cf_r_obtusifolius
Rumex cf. R. salicifolius,rumex_cf_r_salicifolius
Rumex conglomeratus,rumex_conglomeratus
Rumex conglomeratus-type,rumex_conglomeratus_type
Rumex crispus,rumex_crispus
Rumex crispus-type,rumex_crispus_type
Rumex cyprius-type,rumex_cyprius_type
Rumex densiflorus,rumex_densiflorus
Rumex flexuosus-type,rumex_flexuosus_type
Rumex hydrolapathum,rumex_hydrolapathum
Rumex longifolius,rumex_longifolius
Rumex longifolius-type,rumex_longifolius_type
Rumex maritimus-type,rumex_maritimus_type
Rumex mexicanus,rumex_mexicanus
Rumex obtusifolius,rumex_obtusifolius
Rumex obtusifolius-type,rumex_obtusifolius_type
Rumex patientia-type,rumex_patientia_type
Rumex patientia var. kurdicus,rumex_patientia_var_kurdicus
Rumex sanguineus,rumex_sanguineus
Rumex sanguineus-type,rumex_sanguineus_type
Rumex scutatus,rumex_scutatus
Rumex scutatus-type,rumex_scutatus_type
Rumex sp.,rumex_sp
Rumex subg. Acetosa,rumex_subg_acetosa
Rumex subg. Acetosa/Oxyria,rumex_subg_acetosa_oxyria
Rumex subg. Emex,rumex_subg_emex
Rumex subg. Rumex,rumex_subg_rumex
Rumex subg. Rumex-type,rumex_subg_rumex_type
Rumex triangulivalvis,rumex_triangulivalvis
Rumex undiff.,rumex_undiff
Rumex/Oxyria,rumex_oxyria
Rumex/Oxyria-type,rumex_oxyria_type
Rumex/Oxyria digyna,rumex_oxyria_digyna
Rumex/Oxyria digyna undiff.,rumex_oxyria_digyna_undiff
Ruschia,ruschia
Ruschia-type,ruschia_type
Ruta,ruta
Ruta graveolens,ruta_graveolens
Rutaceae,rutaceae
Rutaceae (big),rutaceae_big
Rutaceae cf. Boronia,rutaceae_cf_boronia
Rutaceae cf. Phebalium,rutaceae_cf_phebalium
Rutaceae undiff.,rutaceae_undiff
Rutaceae/Anacardiaceae,rutaceae_anacardiaceae
Ruttya-type,ruttya_type
Ryania,ryania
Rytigynia,rytigynia
Saba,saba
Sabal,sabal
Sabatia-type,sabatia_type
Sabiaceae,sabiaceae
Sabicea,sabicea
Sabicea-type,sabicea_type
Sabicea-type africana,sabicea_type_africana
Sabicea africana,sabicea_africana
Sacoglottis,sacoglottis
Sacoglottis gabonensis,sacoglottis_gabonensis
Sagina,sagina
Sagina-type,sagina_type
Sagina apetala-type,sagina_apetala_type
Sagina cf. S. nodosa,sagina_cf_s_nodosa
Sagina nodosa,sagina_nodosa
Sagina nodosa group,sagina_nodosa_group
Sagina procumbens,sagina_procumbens
Sagina procumbens-type,sagina_procumbens_type
Salacia,salacia
Salacia-type,salacia_type
Salacia senegalensis,salacia_senegalensis
Salicaceae,salicaceae
Salicaceae cf. Casearia,salicaceae_cf_casearia
Salicaceae cf. Casearia guianensis,salicaceae_cf_casearia_guianensis
Salicaceae cf. Neoptychocarpus,salicaceae_cf_neoptychocarpus
Salicaceae undiff.,salicaceae_undiff
Salicornia,salicornia
Salicornia-type,salicornia_type
Salix,salix
Salix-type,salix_type
Salix arctica,salix_arctica
Salix caprea,salix_caprea
Salix caroliniana-type,salix_caroliniana_type
Salix cf. S. humboldtiana,salix_cf_s_humboldtiana
Salix cf. S. ledermanii,salix_cf_s_ledermanii
Salix glauca-type,salix_glauca_type
Salix herbacea,salix_herbacea
Salix herbacea-type,salix_herbacea_type
Salix humboldtiana,salix_humboldtiana
Salix ledermanii-type,salix_ledermanii_type
Salix pentandra-type,salix_pentandra_type
Salix polaris-type,salix_polaris_type
Salix reticulata,salix_reticulata
Salix reticulata-type,salix_reticulata_type
Salix sp.,salix_sp
Salix spp.,salix_spp
Salix subserrata,salix_subserrata
Salix subserrata-type,salix_subserrata_type
Salix undiff.,salix_undiff
Salix vestita-type,salix_vestita_type
Salsola,salsola
Salsola-type,salsola_type
Salsola sp.,salsola_sp
Salvadora,salvadora
Salvadora-type persica,salvadora_type_persica
Salvadora persica,salvadora_persica
Salvadora persica-type,salvadora_persica_type
Salvadoraceae,salvadoraceae
Salvia,salvia
Salvia-type,salvia_type
Salvia officinalis-type,salvia_officinalis_type
Salvia pratensis-type,salvia_pratensis_type
Salvia verticillata,salvia_verticillata
Sambucus,sambucus
Sambucus-type,sambucus_type
Sambucus cf. S. ebulus,sambucus_cf_s_ebulus
Sambucus cf. S. nigra,sambucus_cf_s_nigra
Sambucus cf. S. racemosa,sambucus_cf_s_racemosa
Sambucus ebulus,sambucus_ebulus
Sambucus nigra,sambucus_nigra
Sambucus nigra-type,sambucus_nigra_type
Sambucus nigra/S. racemosa,sambucus_nigra_s_racemosa
Sambucus racemosa,sambucus_racemosa
Sambucus racemosa-type,sambucus_racemosa_type
Sambucus undiff.,sambucus_undiff
sample_id,sample_id
Sanguinaria,sanguinaria
Sanguinaria canadensis,sanguinaria_canadensis
Sanguisorba,sanguisorba
Sanguisorba-type,sanguisorba_type
Sanguisorba canadensis,sanguisorba_canadensis
Sanguisorba minor-type,sanguisorba_minor_type
Sanguisorba officinalis,sanguisorba_officinalis
Sanguisorba officinalis-type,sanguisorba_officinalis_type
Sanguisorba stipulata,sanguisorba_stipulata
Sanguisorbineae,sanguisorbineae
Sanicula,sanicula
Sanicula-type,sanicula_type
Sanicula europaea,sanicula_europaea
Sansevieria,sansevieria
Santalaceae,santalaceae
Santiria-type,santiria_type
Santiria-type trimera,santiria_type_trimera
Santiria trimera,santiria_trimera
Sapindaceae,sapindaceae
Sapindaceae-type,sapindaceae_type
Sapindaceae (type 1),sapindaceae_type_1
Sapindaceae (type A),sapindaceae_type_a
Sapindaceae cf. Cupania,sapindaceae_cf_cupania
Sapindaceae cf. Matayba,sapindaceae_cf_matayba
Sapindaceae undiff.,sapindaceae_undiff
Sapindaceae: Dodonaea-type,sapindaceae_dodonaea_type
Sapindus,sapindus
Sapium,sapium
Sapium-type,sapium_type
Sapium (type 1),sapium_type_1
Sapium (type 2),sapium_type_2
Saponaria,saponaria
Saponaria officinalis,saponaria_officinalis
Sapotaceae,sapotaceae
Sapotaceae-type,sapotaceae_type
Sapotaceae (reticulated),sapotaceae_reticulated
Sapotaceae (type 1),sapotaceae_type_1
Sapotaceae (type A),sapotaceae_type_a
Sapotaceae (type I),sapotaceae_type_i
Sapotaceae (type II),sapotaceae_type_ii
Sapotaceae cf. Chrysophyllum,sapotaceae_cf_chrysophyllum
Sapotaceae undiff.,sapotaceae_undiff
Sarcaulus sp.,sarcaulus_sp
Sarcobatus,sarcobatus
Sarcobatus vermiculatus,sarcobatus_vermiculatus
Sarcocapnos,sarcocapnos
Sarcopera,sarcopera
Sarcopoterium,sarcopoterium
Sarcopoterium-type,sarcopoterium_type
Sarcopoterium spinosum,sarcopoterium_spinosum
Sarcopoterium spinosum/Poterium sanguisorba,sarcopoterium_spinosum_poterium_sanguisorba
Sarcopoterium/Sanguisorba minor,sarcopoterium_sanguisorba_minor
Sassafras,sassafras
Satureja,satureja
Satureja-type,satureja_type
Saurauia,saurauia
Saussurea,saussurea
Saussurea-type,saussurea_type
Saussurea nuda,saussurea_nuda
Sauvagesia,sauvagesia
Sauvagesia erecta,sauvagesia_erecta
Saxegothaea,saxegothaea
Saxegothaea conspicua,saxegothaea_conspicua
Saxifraga,saxifraga
Saxifraga-type,saxifraga_type
Saxifraga aizoides,saxifraga_aizoides
Saxifraga aizoides-type,saxifraga_aizoides_type
Saxifraga caesia,saxifraga_caesia
Saxifraga cernua,saxifraga_cernua
Saxifraga cernua-type,saxifraga_cernua_type
Saxifraga cernua/S. rivularis,saxifraga_cernua_s_rivularis
Saxifraga cespitosa-type,saxifraga_cespitosa_type
Saxifraga cf. S. aizoides,saxifraga_cf_s_aizoides
Saxifraga cf. S. cespitosa,saxifraga_cf_s_cespitosa
Saxifraga cf. S. hirculus,saxifraga_cf_s_hirculus
Saxifraga cf. S. hypnoides,saxifraga_cf_s_hypnoides
Saxifraga cf. S. nivalis,saxifraga_cf_s_nivalis
Saxifraga cf. S. oppositifolia,saxifraga_cf_s_oppositifolia
Saxifraga granulata,saxifraga_granulata
Saxifraga granulata-type,saxifraga_granulata_type
Saxifraga hirculus,saxifraga_hirculus
Saxifraga hirculus-type,saxifraga_hirculus_type
Saxifraga hirsuta,saxifraga_hirsuta
Saxifraga hirsuta-type,saxifraga_hirsuta_type
Saxifraga hypnoides-type,saxifraga_hypnoides_type
Saxifraga oppositifolia,saxifraga_oppositifolia
Saxifraga oppositifolia-type,saxifraga_oppositifolia_type
Saxifraga oppositifolia/S. aizoides-type,saxifraga_oppositifolia_s_aizoides_type
Saxifraga paniculata-type,saxifraga_paniculata_type
Saxifraga rivularis,saxifraga_rivularis
Saxifraga rosacea,saxifraga_rosacea
Saxifraga rotundifolia,saxifraga_rotundifolia
Saxifraga spathularis,saxifraga_spathularis
Saxifraga tricuspidata,saxifraga_tricuspidata
Saxifraga tricuspidata-type,saxifraga_tricuspidata_type
Saxifraga tridactylites,saxifraga_tridactylites
Saxifraga tridactylitis-type,saxifraga_tridactylitis_type
Saxifraga undiff.,saxifraga_undiff
Saxifragaceae,saxifragaceae
Saxifragaceae-type,saxifragaceae_type
Saxifragaceae indet.,saxifragaceae_indet
Saxifragaceae undiff.,saxifragaceae_undiff
Scabiosa,scabiosa
Scabiosa-type,scabiosa_type
Scabiosa columbaria,scabiosa_columbaria
Scabiosa columbaria-type,scabiosa_columbaria_type
Scaevola,scaevola
Scaevola comp.,scaevola_comp
Scaevola taccada,scaevola_taccada
Scalesia cf. S. affinis,scalesia_cf_s_affinis
Scalesia undiff.,scalesia_undiff
Scandix pecten-veneris,scandix_pecten_minus_veneris
Scandix pecten-veneris-type,scandix_pecten_minus_veneris_type
Scheelea,scheelea
Scheelea-type,scheelea_type
Schefflera,schefflera
Schefflera-type,schefflera_type
Schefflera abyssinica-type,schefflera_abyssinica_type
Schefflera comp.,schefflera_comp
Schefflera myriantha-type,schefflera_myriantha_type
Schefflera volkensii,schefflera_volkensii
Schima-type,schima_type
Schinopsis,schinopsis
Schinus,schinus
Schinus-type,schinus_type
Schisandra,schisandra
Schizanthus,schizanthus
Schizeilema,schizeilema
Schizeilema fragosea,schizeilema_fragosea
Schizolobium,schizolobium
Schizolobium parahyba,schizolobium_parahyba
Schizolobium sp.,schizolobium_sp
Schkuhria-type,schkuhria_type
Schnella cf. S. reflexa,schnella_cf_s_reflexa
Schnella reflexa-type,schnella_reflexa_type
Schoepfia,schoepfia
Schotia,schotia
Schrebera,schrebera
Schultesia,schultesia
Schuurmansia,schuurmansia
Sciadopitys,sciadopitys
Scilla,scilla
Scilla-type,scilla_type
Scleranthus,scleranthus
Scleranthus-type,scleranthus_type
Scleranthus annuus,scleranthus_annuus
Scleranthus annuus-type,scleranthus_annuus_type
Scleranthus cf. S. perennis,scleranthus_cf_s_perennis
Scleranthus perennis,scleranthus_perennis
Sclerocarya,sclerocarya
Sclerocarya birrea-type,sclerocarya_birrea_type
Sclerochiton,sclerochiton
Scleronema,scleronema
Sclerosperma,sclerosperma
Scolopia,scolopia
Scoparia,scoparia
Scoparia-type,scoparia_type
Scoparia dulcis,scoparia_dulcis
Scorodophloeus zenkeri-type,scorodophloeus_zenkeri_type
Scorzonera,scorzonera
Scorzonera-type,scorzonera_type
Scorzonera humilis,scorzonera_humilis
Scorzonera humilis-type,scorzonera_humilis_type
Scorzonera laciniata-type,scorzonera_laciniata_type
Scottellia klaineana-type,scottellia_klaineana_type
Scrophularia,scrophularia
Scrophularia-type,scrophularia_type
Scrophularia canina-type,scrophularia_canina_type
Scrophularia nodosa-type,scrophularia_nodosa_type
Scrophularia umbrosa,scrophularia_umbrosa
Scrophularia/Verbascum,scrophularia_verbascum
Scrophulariaceae,scrophulariaceae
Scrophulariaceae-type,scrophulariaceae_type
Scrophulariaceae (tricolpate),scrophulariaceae_tricolpate
Scrophulariaceae pro parte,scrophulariaceae_pro_parte
Scrophulariaceae undiff.,scrophulariaceae_undiff
Scutellaria,scutellaria
Scutellaria-type,scutellaria_type
Scutellaria cf. S. galericulata,scutellaria_cf_s_galericulata
Scutellaria galericulata,scutellaria_galericulata
Scutia,scutia
Scutia-type,scutia_type
Scyphanthus,scyphanthus
Scyphiphora,scyphiphora
Scytopetalum,scytopetalum
Searsia,searsia
Searsia-type (S. natalensis),searsia_type_s_natalensis
Searsia-type (S. tripartita),searsia_type_s_tripartita
Searsia natalensis,searsia_natalensis
Sebaea,sebaea
Sebaea brachyphylla-type,sebaea_brachyphylla_type
Sebastiania,sebastiania
Sebastiania (type 1),sebastiania_type_1
Sebastiania brasiliensis,sebastiania_brasiliensis
Sebastiania cf. S. schottiana,sebastiania_cf_s_schottiana
Sebastiania commersoniana,sebastiania_commersoniana
Sebastiania undiff.,sebastiania_undiff
Secale,secale
Secale-type,secale_type
Secale (primitive),secale_primitive
Secale cereale,secale_cereale
Secondatia-type,secondatia_type
Secondatia (type 2),secondatia_type_2
Securinega,securinega
Securinega-type,securinega_type
Securinega-type (S. virosa),securinega_type_s_virosa
Securinega virosa,securinega_virosa
Securinega virosa-type,securinega_virosa_type
Sedum,sedum
Sedum-type,sedum_type
Sedum acre,sedum_acre
Sedum acre-type,sedum_acre_type
Sedum album-type,sedum_album_type
Sedum anglicum,sedum_anglicum
Sedum/Rhodiola cf. R. rosea,sedum_rhodiola_cf_r_rosea
Selago,selago
Selago-type,selago_type
Selinum carvifolia,selinum_carvifolia
Selinum carvifolia-type,selinum_carvifolia_type
Sempervivum,sempervivum
Senecio,senecio
Senecio-type,senecio_type
Senecio-type (40 µm),senecio_type_40_mu_m
Senecio hadiensis-type,senecio_hadiensis_type
Senecio johnstonianus-type,senecio_johnstonianus_type
Senecio sp.,senecio_sp
Senecio vulgaris-type,senecio_vulgaris_type
Senecio/Arctium,senecio_arctium
Senecio/Aster,senecio_aster
Senecioneae,senecioneae
Senefeldera,senefeldera
Senna,senna
Senna-type didymobotrya,senna_type_didymobotrya
Senna-type italica,senna_type_italica
Senna (type 1),senna_type_1
Senna (type 4),senna_type_4
Senna italica,senna_italica
Senna multijuga,senna_multijuga
Senna obtusifolia,senna_obtusifolia
Senna occidentalis,senna_occidentalis
Senna undiff.,senna_undiff
Sequoia,sequoia
Sequoiadendron,sequoiadendron
Serenoa,serenoa
Sericocomopsis-type,sericocomopsis_type
Sericostachys,sericostachys
Sericostachys-type (S. scandens),sericostachys_type_s_scandens
Sericostachys-type scandens,sericostachys_type_scandens
Sericostachys scandens-type,sericostachys_scandens_type
Seriphium kilimandscharicum,seriphium_kilimandscharicum
Seriphium kilimandscharicum-type,seriphium_kilimandscharicum_type
Serjania,serjania
Serjania (type D),serjania_type_d
Serratula,serratula
Serratula-type,serratula_type
Sesamoides,sesamoides
Sesamum,sesamum
Sesbania,sesbania
Sesbania-type sesban,sesbania_type_sesban
Sesbania rostrata,sesbania_rostrata
Sesbania sesban,sesbania_sesban
Seseli,seseli
Seseli-type,seseli_type
Seseli libanotis-type,seseli_libanotis_type
Sesuvium,sesuvium
Sesuvium-type,sesuvium_type
Shepherdia,shepherdia
Shepherdia argentea,shepherdia_argentea
Shepherdia canadensis,shepherdia_canadensis
Shepherdia canadensis-type,shepherdia_canadensis_type
Shepherdia undiff.,shepherdia_undiff
Sherbournia,sherbournia
Shirakiopsis-type (S. elliptica),shirakiopsis_type_s_elliptica
Shirakiopsis-type elliptica,shirakiopsis_type_elliptica
Shirakiopsis elliptica,shirakiopsis_elliptica
Shirakiopsis elliptica-type,shirakiopsis_elliptica_type
Sibbaldia,sibbaldia
Sicydium,sicydium
Sida,sida
Sida-type,sida_type
Sideritis,sideritis
Sideritis-type,sideritis_type
Sideritis (tetracolpate),sideritis_tetracolpate
Sideroxylon,sideroxylon
Sideroxylon-type,sideroxylon_type
Sideroxylon-type oxyacanthum,sideroxylon_type_oxyacanthum
Sideroxylon cf. S. grandiflorum,sideroxylon_cf_s_grandiflorum
Sideroxylon cf. S. sessiliflorum,sideroxylon_cf_s_sessiliflorum
Sideroxylon salicifolium,sideroxylon_salicifolium
Sieruela monophylla,sieruela_monophylla
Sigesbeckia orientalis,sigesbeckia_orientalis
Silaum silaus,silaum_silaus
Silaum silaus-type,silaum_silaus_type
Silene,silene
Silene-type,silene_type
Silene-type (S. burchellii),silene_type_s_burchellii
Silene-type burchellii,silene_type_burchellii
Silene-type undiff.,silene_type_undiff
Silene acaulis,silene_acaulis
Silene acaulis-type,silene_acaulis_type
Silene burchellii-type,silene_burchellii_type
Silene cf. S. acaulis,silene_cf_s_acaulis
Silene ciliata-type,silene_ciliata_type
Silene dioica,silene_dioica
Silene dioica-type,silene_dioica_type
Silene flos-cuculi,silene_flos_minus_cuculi
Silene foetida-type,silene_foetida_type
Silene latifolia,silene_latifolia
Silene nutans,silene_nutans
Silene suecica-type,silene_suecica_type
Silene undiff.,silene_undiff
Silene uniflora subsp. uniflora-type,silene_uniflora_subsp_uniflora_type
Silene viscaria,silene_viscaria
Silene viscaria-type,silene_viscaria_type
Silene vulgaris,silene_vulgaris
Silene vulgaris-type,silene_vulgaris_type
Silene vulgaris group,silene_vulgaris_group
Silene/Cerastium,silene_cerastium
Silene/Uebelinia-type,silene_uebelinia_type
Sileneae,sileneae
Silenoideae-type,silenoideae_type
Simarouba,simarouba
Simarouba amara,simarouba_amara
Simaroubaceae,simaroubaceae
Simethis planifolia,simethis_planifolia
Simira,simira
Simmondsia chinensis,simmondsia_chinensis
Sinapis,sinapis
Sinapis-type,sinapis_type
Sinapis arvensis,sinapis_arvensis
Siparuna,siparuna
Siparuna-type,siparuna_type
Siphocampylus,siphocampylus
Sison amomum,sison_amomum
Sison amomum-type,sison_amomum_type
Sison segetum-type,sison_segetum_type
Sisyrinchium,sisyrinchium
Sisyrinchium-type,sisyrinchium_type
Sium,sium
Sium-type,sium_type
Sium latifolium,sium_latifolium
Sium latifolium-type,sium_latifolium_type
Skimmia,skimmia
Sloanea,sloanea
Sloanea-type,sloanea_type
Sloanea (floribunda),sloanea_floribunda
Sloanea (type 2),sloanea_type_2
Sloanea stipitata,sloanea_stipitata
Sloanea undiff.,sloanea_undiff
Smilacaceae,smilacaceae
Smilax,smilax
Smithia elliotii-type,smithia_elliotii_type
Smyrnium,smyrnium
Smyrnium-type,smyrnium_type
Socratea,socratea
Socratea-type,socratea_type
Solanaceae,solanaceae
Solanaceae-type,solanaceae_type
Solanaceae (type 1),solanaceae_type_1
Solanaceae (type 16),solanaceae_type_16
Solanaceae (type 2),solanaceae_type_2
Solanaceae (type 3),solanaceae_type_3
Solanaceae undiff.,solanaceae_undiff
Solanecio-type (S. mannii),solanecio_type_s_mannii
Solanecio-type mannii,solanecio_type_mannii
Solanecio mannii-type,solanecio_mannii_type
Solanum,solanum
Solanum-type,solanum_type
Solanum-type nigrum,solanum_type_nigrum
Solanum (type 1),solanum_type_1
Solanum (type 2),solanum_type_2
Solanum (type 3),solanum_type_3
Solanum (type 4),solanum_type_4
Solanum (type I),solanum_type_i
Solanum dulcamara,solanum_dulcamara
Solanum dulcamara-type,solanum_dulcamara_type
Solanum dulcamara/Sedum,solanum_dulcamara_sedum
Solanum nigrum,solanum_nigrum
Solanum nigrum-type,solanum_nigrum_type
Solanum rostratum,solanum_rostratum
Solanum sp.,solanum_sp
Solanum/Ricinus,solanum_ricinus
Soldanella,soldanella
Solenanthus-type,solenanthus_type
Solidago,solidago
Solidago-type,solidago_type
Solidago-type/Saussurea-type,solidago_type_saussurea_type
Solidago canadensis,solidago_canadensis
Solidago virgaurea-type,solidago_virgaurea_type
Solidago/Saussurea,solidago_saussurea
Sonchus,sonchus
Sonchus-type,sonchus_type
Sonchus cf. S. asper,sonchus_cf_s_asper
Sonchus cf. S. kirkii,sonchus_cf_s_kirkii
Sonchus kirkii,sonchus_kirkii
Sonneratia,sonneratia
Sophora,sophora
Sophora tomentosa,sophora_tomentosa
Sopubia parviflora,sopubia_parviflora
Sorbus,sorbus
Sorbus-type,sorbus_type
Sorbus aria,sorbus_aria
Sorbus aria-type,sorbus_aria_type
Sorbus aucuparia,sorbus_aucuparia
Sorbus aucuparia-type,sorbus_aucuparia_type
Sorbus cf. S. aucuparia,sorbus_cf_s_aucuparia
Sorbus group,sorbus_group
Sorbus sp.,sorbus_sp
Sorbus torminalis,sorbus_torminalis
Sorindeia,sorindeia
Sorindeia-type,sorindeia_type
Sorindeia-type (S. juglandifolia),sorindeia_type_s_juglandifolia
Sorindeia-type juglandifolia,sorindeia_type_juglandifolia
Sorindeia-type madagascariensis,sorindeia_type_madagascariensis
Sorocea,sorocea
Soulamea,soulamea
Souroubea,souroubea
Spananthe,spananthe
Sparrmannia,sparrmannia
Spartium,spartium
Spartium junceum,spartium_junceum
Spathiphyllum,spathiphyllum
Spathiphyllum-type,spathiphyllum_type
Spathodea,spathodea
Spenocleaceae (30µm),spenocleaceae_30mu_m
Spergula,spergula
Spergula-type,spergula_type
Spergula arvensis,spergula_arvensis
Spergula arvensis-type,spergula_arvensis_type
Spergula/Spergularia,spergula_spergularia
Spergularia,spergularia
Spergularia-type,spergularia_type
Spergularia sp.,spergularia_sp
Spermacoce,spermacoce
Spermacoce-type,spermacoce_type
Spermacoce-type radiata,spermacoce_type_radiata
Spermacoce-type undiff.,spermacoce_type_undiff
Spermacoce assurgens,spermacoce_assurgens
Spermacoce cf. S. latifolia,spermacoce_cf_s_latifolia
Spermacoce chaetocephala,spermacoce_chaetocephala
Spermacoce latifolia,spermacoce_latifolia
Spermacoce radiata,spermacoce_radiata
Spermacoce radiata-type,spermacoce_radiata_type
Spermacoce ruelliae,spermacoce_ruelliae
Spermacoce undiff.,spermacoce_undiff
Spermatophyta undiff. (Andean trees),spermatophyta_undiff_andean_trees
Spermatophyta undiff. (cf. upland herbs),spermatophyta_undiff_cf_upland_herbs
Spermatophyta undiff. (deciduous trees),spermatophyta_undiff_deciduous_trees
Spermatophyta undiff. (dry forest trees/shrubs),spermatophyta_undiff_dry_forest_trees_shrubs
Spermatophyta undiff. (lowland forest trees),spermatophyta_undiff_lowland_forest_trees
Spermatophyta undiff. (montane forest trees),spermatophyta_undiff_montane_forest_trees
Spermatophyta undiff. (shrubs),spermatophyta_undiff_shrubs
Spermatophyta undiff. (trees),spermatophyta_undiff_trees
Spermatophyta undiff. (trees/shrubs),spermatophyta_undiff_trees_shrubs
Spermatophyta undiff. (upland herbs),spermatophyta_undiff_upland_herbs
Sphaeralcea,sphaeralcea
Sphaeralcea-type,sphaeralcea_type
Sphagnum-type,sphagnum_type
Sphenoclea,sphenoclea
Sphenostemon,sphenostemon
Spigelia,spigelia
Spinacia-type,spinacia_type
Spinacia oleracea,spinacia_oleracea
Spiracantha cornifolia,spiracantha_cornifolia
Spiraea,spiraea
Spiraea-type,spiraea_type
Spiraeopsis,spiraeopsis
Spirostachys,spirostachys
Spirotheca,spirotheca
Spondias,spondias
Spondias-type,spondias_type
Spondias (type 20),spondias_type_20
Spondias (type 25),spondias_type_25
Spondias (type 32),spondias_type_32
Spondias (type 40),spondias_type_40
Spondias (type II),spondias_type_ii
Spondias mombin,spondias_mombin
Spondias undiff.,spondias_undiff
Sprengelia,sprengelia
Sprengelia incarnata,sprengelia_incarnata
Spyridium,spyridium
Staavia,staavia
Stachyothyrsus,stachyothyrsus
Stachys,stachys
Stachys-type,stachys_type
Stachys palustris,stachys_palustris
Stachys sylvatica,stachys_sylvatica
Stachys sylvatica-type,stachys_sylvatica_type
Stachytarpheta,stachytarpheta
Stackhousia,stackhousia
Staphylea,staphylea
Staphylea pinnata,staphylea_pinnata
Staurogyne,staurogyne
Steganotaenia-type,steganotaenia_type
Steganotaenia-type araliacea,steganotaenia_type_araliacea
Stellaria,stellaria
Stellaria-type,stellaria_type
Stellaria cf. S. graminea,stellaria_cf_s_graminea
Stellaria cf. S. holostea,stellaria_cf_s_holostea
Stellaria cf. S. media,stellaria_cf_s_media
Stellaria cf. S. nemorum,stellaria_cf_s_nemorum
Stellaria cf. S. palustris,stellaria_cf_s_palustris
Stellaria gracilenta,stellaria_gracilenta
Stellaria graminea,stellaria_graminea
Stellaria holostea,stellaria_holostea
Stellaria holostea-type,stellaria_holostea_type
Stellaria mannii-type,stellaria_mannii_type
Stellaria palustris,stellaria_palustris
Stellaria undiff.,stellaria_undiff
Stemodia,stemodia
Stemodia maritima,stemodia_maritima
Stemodia serrata,stemodia_serrata
Stemodia serrata-type,stemodia_serrata_type
Stemonurus,stemonurus
Stenandrium,stenandrium
Stenospermation,stenospermation
Stenostomum lucidum,stenostomum_lucidum
Stephania,stephania
Stephania-type,stephania_type
Stephania-type (S. abyssinica),stephania_type_s_abyssinica
Stephania-type abyssinica,stephania_type_abyssinica
Stephania abyssinica-type,stephania_abyssinica_type
Sterculia,sterculia
Sterculia-type,sterculia_type
Sterculia edelfeltii,sterculia_edelfeltii
Sterculia setigera,sterculia_setigera
Sterculioideae,sterculioideae
Sterculioideae-type,sterculioideae_type
Sterculioideae undiff.,sterculioideae_undiff
Stereospermum,stereospermum
Stigmaphyllon,stigmaphyllon
Stoebe,stoebe
Stoebe-type,stoebe_type
Streblus,streblus
Streptocarpus,streptocarpus
Streptopus amplexifolius,streptopus_amplexifolius
Striga,striga
Striga-type,striga_type
Striga-type hermonthica,striga_type_hermonthica
Strobilanthes comp.,strobilanthes_comp
Strombosia,strombosia
Strombosia-type,strombosia_type
Strombosia scheffleri-type,strombosia_scheffleri_type
Strumpfia,strumpfia
Strumpfia maritima,strumpfia_maritima
Struthanthus,struthanthus
Struthanthus sp.,struthanthus_sp
Strychnos,strychnos
Strychnos-type,strychnos_type
Stryphnodendron,stryphnodendron
Stylidiaceae,stylidiaceae
Stylidium,stylidium
Styloceras,styloceras
Styloceras-type,styloceras_type
Stylogyne,stylogyne
Stylosanthes,stylosanthes
Stylosanthes-type,stylosanthes_type
Stylosanthes fruticosa,stylosanthes_fruticosa
Styphelia,styphelia
Styracaceae,styracaceae
Styrax,styrax
Styrax-type,styrax_type
Suaeda,suaeda
Suaeda-type,suaeda_type
Suaeda-type monoica,suaeda_type_monoica
Suaeda calceoliformis,suaeda_calceoliformis
Suaeda monoica-type,suaeda_monoica_type
Subularia,subularia
Subularia-type monticola,subularia_type_monticola
Succisa,succisa
Succisa-type,succisa_type
Succisa pratensis,succisa_pratensis
Succisa pratensis-type,succisa_pratensis_type
Sutera,sutera
Swartzia,swartzia
Swertia,swertia
Swertia-type,swertia_type
Swertia-type (S. abyssinica),swertia_type_s_abyssinica
Swertia-type (S. kilimandscharica),swertia_type_s_kilimandscharica
Swertia-type abyssinica,swertia_type_abyssinica
Swertia-type kilimandscharica,swertia_type_kilimandscharica
Swertia lastii-type,swertia_lastii_type
Swertia perennis,swertia_perennis
Swertia usambarensis-type,swertia_usambarensis_type
Swietenia,swietenia
Swietenia mahagoni,swietenia_mahagoni
Syagrus,syagrus
Syagrus-type,syagrus_type
Symmeria,symmeria
Symmeria-type,symmeria_type
Symmeria paniculata,symmeria_paniculata
Symphonia,symphonia
Symphonia (type A),symphonia_type_a
Symphonia (type B),symphonia_type_b
Symphonia globulifera,symphonia_globulifera
Symphoricarpos,symphoricarpos
Symphoricarpos-type,symphoricarpos_type
Symphoricarpos albus,symphoricarpos_albus
Symphoricarpos occidentalis,symphoricarpos_occidentalis
Symphytum,symphytum
Symphytum-type,symphytum_type
Symphytum officinale,symphytum_officinale
Symphytum officinale-type,symphytum_officinale_type
Symplocaceae cf. Symplocos,symplocaceae_cf_symplocos
Symplocos,symplocos
Symplocos-type,symplocos_type
"Symplocos (diporate, psilate)",symplocos_diporate_psilate
Symplocos (type 1),symplocos_type_1
Symplocos (type 2),symplocos_type_2
Symplocos (type 3),symplocos_type_3
Symplocos bogotensis-type,symplocos_bogotensis_type
Symplocos canescens,symplocos_canescens
Symplocos coriacea,symplocos_coriacea
Symplocos lanceolata-type,symplocos_lanceolata_type
Symplocos peruviana,symplocos_peruviana
Symplocos tenuifolia-type,symplocos_tenuifolia_type
Symplocos uniflora,symplocos_uniflora
Syncarpia hillii,syncarpia_hillii
Syncolostemon bracteosus,syncolostemon_bracteosus
Syncolostemon bracteosus-type,syncolostemon_bracteosus_type
Syngonium,syngonium
Syngonium (type 1),syngonium_type_1
Syngonium (type 2),syngonium_type_2
Syngonium (type 3),syngonium_type_3
Syringa,syringa
Syringa vulgaris,syringa_vulgaris
Syzygium,syzygium
Syzygium-type,syzygium_type
Syzygium-type guineense,syzygium_type_guineense
Syzygium-type staudtii,syzygium_type_staudtii
Syzygium guineense,syzygium_guineense
Syzygium micropodum,syzygium_micropodum
Tabebuia,tabebuia
Tabebuia (type 1),tabebuia_type_1
Tabebuia (type 2),tabebuia_type_2
Tabebuia (type 3),tabebuia_type_3
Tabebuia (type 4),tabebuia_type_4
Tabebuia bahamensis,tabebuia_bahamensis
Tabernaemontana,tabernaemontana
Tabernaemontana-type,tabernaemontana_type
Tacazzea-type,tacazzea_type
Tacazzea-type (T. apiculata),tacazzea_type_t_apiculata
Tacazzea-type apiculata,tacazzea_type_apiculata
Tacazzea apiculata,tacazzea_apiculata
Tacazzea apiculata-type,tacazzea_apiculata_type
Tacca,tacca
Tachigali,tachigali
Talinum,talinum
Talipariti tiliaceum,talipariti_tiliaceum
Talisia,talisia
Talisia-type,talisia_type
Talisia (type 2),talisia_type_2
Tamaricaceae,tamaricaceae
Tamarindus,tamarindus
Tamarindus-type (T. indica),tamarindus_type_t_indica
Tamarindus-type indica,tamarindus_type_indica
Tamarix,tamarix
Tamarix-type,tamarix_type
Tamarix senegalensis,tamarix_senegalensis
Tambourissa purpurea-type,tambourissa_purpurea_type
Tanaecium,tanaecium
Tapeinosperma,tapeinosperma
Tapinanthus,tapinanthus
Tapinanthus-type,tapinanthus_type
Tapirira,tapirira
Tapirira-type,tapirira_type
Tapirira (type 1),tapirira_type_1
Tapirira (type 2),tapirira_type_2
Tapirira aff. T. guianensis,tapirira_aff_t_guianensis
Tapura,tapura
Tapura fischeri,tapura_fischeri
Tapura fischeri-type,tapura_fischeri_type
Tapura guianensis (type 1),tapura_guianensis_type_1
Taraxacum,taraxacum
Taraxacum-type,taraxacum_type
Taraxacum officinale,taraxacum_officinale
Taraxacum officinale group,taraxacum_officinale_group
Tarchonantheae,tarchonantheae
Tarchonanthus,tarchonanthus
Tarchonanthus-type camphoratus,tarchonanthus_type_camphoratus
Tarchonanthus camphoratus,tarchonanthus_camphoratus
Tarenna,tarenna
Tarenna-type,tarenna_type
Tasmannia,tasmannia
Tasmannia lanceolata,tasmannia_lanceolata
Taxaceae,taxaceae
Taxodium,taxodium
Taxodium-type,taxodium_type
Taxus,taxus
Taxus-type,taxus_type
Taxus baccata,taxus_baccata
Taxus brevifolia,taxus_brevifolia
Taxus canadensis,taxus_canadensis
Teclea,teclea
Teclea-type,teclea_type
Tecoma,tecoma
Tecoma-type,tecoma_type
Tectona grandis,tectona_grandis
Telephium,telephium
Telopea,telopea
Telopea truncata,telopea_truncata
Tephrosia,tephrosia
Tephrosia-type uniflora,tephrosia_type_uniflora
Tephrosia uniflora-type,tephrosia_uniflora_type
Tepualia,tepualia
Teramnus,teramnus
Terminalia,terminalia
Terminalia benzoin,terminalia_benzoin
Terminalia carpentariae,terminalia_carpentariae
Ternstroemia,ternstroemia
Tessaria,tessaria
Tessaria-type,tessaria_type
Tetracarpaea,tetracarpaea
Tetracarpaea tasmannica,tetracarpaea_tasmannica
Tetracentron,tetracentron
Tetracera,tetracera
Tetracera-type,tetracera_type
Tetracera alnifolia,tetracera_alnifolia
Tetracera alnifolia-type,tetracera_alnifolia_type
Tetradenia-type,tetradenia_type
Tetradymia,tetradymia
Tetradymia-type,tetradymia_type
Tetraena simplex-type,tetraena_simplex_type
Tetragastris,tetragastris
Tetrapleura,tetrapleura
Tetrapleura tetraptera-type,tetrapleura_tetraptera_type
Tetrapterys,tetrapterys
Tetratheca,tetratheca
Tetratheca glandulosa,tetratheca_glandulosa
Tetratheca pilosa,tetratheca_pilosa
Tetrazygia,tetrazygia
Tetrorchidium,tetrorchidium
Tetrorchidium rubrivenium,tetrorchidium_rubrivenium
Teucrium,teucrium
Teucrium-type,teucrium_type
Teucrium chamaedrys,teucrium_chamaedrys
Teucrium chamaedrys-type,teucrium_chamaedrys_type
Teucrium pyrenaicum-type,teucrium_pyrenaicum_type
Thalictrum,thalictrum
Thalictrum-type,thalictrum_type
Thalictrum aquilegiifolium,thalictrum_aquilegiifolium
Thalictrum cf. T. dasycarpum,thalictrum_cf_t_dasycarpum
Thalictrum cf. T. dioicum,thalictrum_cf_t_dioicum
Thalictrum confine-type,thalictrum_confine_type
Thalictrum dasycarpum-type,thalictrum_dasycarpum_type
Thalictrum dioicum-type,thalictrum_dioicum_type
Thalictrum flavum,thalictrum_flavum
Thalictrum flavum-type,thalictrum_flavum_type
Thalictrum lucidum,thalictrum_lucidum
Thalictrum minus,thalictrum_minus
Thalictrum sp.,thalictrum_sp
Thalictrum undiff.,thalictrum_undiff
Thalictrum venulosum-type,thalictrum_venulosum_type
Thalictrum/Coptis,thalictrum_coptis
Thapsia maxima-type,thapsia_maxima_type
Theaceae,theaceae
Thecacoris,thecacoris
Thecacoris-type,thecacoris_type
Theligonum,theligonum
Theligonum cynocrambe,theligonum_cynocrambe
Theobroma,theobroma
Thesium,thesium
Thesium-type,thesium_type
Thevetia-type,thevetia_type
Thilachium,thilachium
Thouinia,thouinia
Thouinia discolor,thouinia_discolor
Thuja,thuja
Thuja-type,thuja_type
Thuja occidentalis,thuja_occidentalis
Thuja plicata-type,thuja_plicata_type
Thunbergia,thunbergia
Thymelaea,thymelaea
Thymelaeaceae,thymelaeaceae
Thymelaeaceae undiff.,thymelaeaceae_undiff
Thymus,thymus
Thymus-type,thymus_type
Thymus/Mentha,thymus_mentha
Thymus/Mentha-type,thymus_mentha_type
Tidestromia,tidestromia
Tidestromia-type,tidestromia_type
Tidestromia lanuginosa,tidestromia_lanuginosa
Tieghemopanax,tieghemopanax
Tilia,tilia
Tilia-type,tilia_type
Tilia × europaea,tilia_europaea
Tilia americana,tilia_americana
Tilia cordata,tilia_cordata
Tilia cordata-type,tilia_cordata_type
Tilia cordata/T. platyphyllos,tilia_cordata_t_platyphyllos
Tilia platyphyllos,tilia_platyphyllos
Tilia platyphyllos-type,tilia_platyphyllos_type
Tilia undiff.,tilia_undiff
Tiliacora,tiliacora
Tiliacora-type,tiliacora_type
Tiliacora funifera-type,tiliacora_funifera_type
Tilioideae,tilioideae
Tilioideae-type,tilioideae_type
Tilioideae (type 1),tilioideae_type_1
Tilioideae (type 32),tilioideae_type_32
Tilioideae cf. Apeiba,tilioideae_cf_apeiba
Tilioideae undiff.,tilioideae_undiff
Tillandsia,tillandsia
Timonius,timonius
Tinnea,tinnea
Tinospora-type,tinospora_type
Tinospora bakis,tinospora_bakis
Tococa,tococa
Tocoyena,tocoyena
Toddalia,toddalia
Toddalia-type (T. asiatica),toddalia_type_t_asiatica
Toddalia-type asiatica,toddalia_type_asiatica
Toddalia asiatica,toddalia_asiatica
Toddalia asiatica-type,toddalia_asiatica_type
Tofieldia,tofieldia
Tofieldia pusilla,tofieldia_pusilla
Tontelea,tontelea
Tordylium maximum,tordylium_maximum
Torilis,torilis
Torilis-type,torilis_type
Torilis arvensis,torilis_arvensis
Torilis arvensis-type,torilis_arvensis_type
Torilis japonica,torilis_japonica
Torilis japonica-type,torilis_japonica_type
Torilis nodosa,torilis_nodosa
Torilis nodosa-type,torilis_nodosa_type
Tournefortia,tournefortia
Tournefortia-type,tournefortia_type
Tournefortia cf. T. bicolor,tournefortia_cf_t_bicolor
Tournefortia rufo-sericea,tournefortia_rufo_minus_sericea
Tovomita,tovomita
Tovomitopsis,tovomitopsis
Toxicodendron,toxicodendron
Toxicodendron radicans,toxicodendron_radicans
Tozzia alpina,tozzia_alpina
Tracheophyta (disturbance indicators),tracheophyta_disturbance_indicators
Tracheophyta undiff. (páramo plants),tracheophyta_undiff_paramo_plants
Trachomitum,trachomitum
Trachycarpus fortunei,trachycarpus_fortunei
Trachymene,trachymene
Tradescantia,tradescantia
Tragia,tragia
Tragia-type,tragia_type
Tragia-type hildebrandtii,tragia_type_hildebrandtii
Tragopogon-type,tragopogon_type
Trattinnickia,trattinnickia
Trattinnickia sp.,trattinnickia_sp
Treculia,treculia
Treculia-type africana,treculia_type_africana
Treculia africana,treculia_africana
Trema,trema
Trema-type,trema_type
Trema-type (T. orientalis),trema_type_t_orientalis
Trema-type orientalis,trema_type_orientalis
Trema (type 2),trema_type_2
Trema aspera,trema_aspera
Trema lamarckiana,trema_lamarckiana
Trema micrantha,trema_micrantha
Trema orientalis,trema_orientalis
Trema orientalis-type,trema_orientalis_type
Triantha glutinosa,triantha_glutinosa
Trianthema,trianthema
Trianthema-type,trianthema_type
Tribulus,tribulus
Tribulus terrestris,tribulus_terrestris
Tricalysia,tricalysia
Trichanthera,trichanthera
Trichilia,trichilia
Trichilia-type,trichilia_type
Trichilia (type 2),trichilia_type_2
Trichilia sp.,trichilia_sp
Trichilia undiff.,trichilia_undiff
Trichocladus,trichocladus
Trichocladus-type,trichocladus_type
Trichocladus ellipticus,trichocladus_ellipticus
Trichocladus ellipticus-type,trichocladus_ellipticus_type
Trichocline,trichocline
Trichodesma,trichodesma
Trichodesma africanum,trichodesma_africanum
Trichoscypha,trichoscypha
Trichoscypha-type,trichoscypha_type
Trichoscypha-type arborea,trichoscypha_type_arborea
Trichospermum,trichospermum
Trichostigma,trichostigma
Trientalis,trientalis
Trientalis-type,trientalis_type
Trientalis europaea,trientalis_europaea
Trifolium,trifolium
Trifolium-type,trifolium_type
Trifolium-type acaule,trifolium_type_acaule
Trifolium alpinum-type,trifolium_alpinum_type
Trifolium angustifolium/T. hirtum,trifolium_angustifolium_t_hirtum
Trifolium arvense,trifolium_arvense
Trifolium badium-type,trifolium_badium_type
Trifolium montanum-type,trifolium_montanum_type
Trifolium pannonicum,trifolium_pannonicum
Trifolium pratense,trifolium_pratense
Trifolium pratense-type,trifolium_pratense_type
Trifolium repens,trifolium_repens
Trifolium repens-type,trifolium_repens_type
Trifolium sp.,trifolium_sp
Trifolium spadiceum,trifolium_spadiceum
Trifolium spadiceum-type,trifolium_spadiceum_type
Trifolium striatum,trifolium_striatum
Trifolium striatum-type,trifolium_striatum_type
Trifolium undiff.,trifolium_undiff
Trigonia,trigonia
Trigonotis,trigonotis
Trilepisium,trilepisium
Trilepisium-type (T. madagascariense),trilepisium_type_t_madagascariense
Trilepisium-type madagascariense,trilepisium_type_madagascariense
Trilepisium madagascariense-type,trilepisium_madagascariense_type
Trillium,trillium
Trinia glauca,trinia_glauca
Trinia glauca-type,trinia_glauca_type
Triodanis,triodanis
Triplaris,triplaris
Triplaris/Coccoloba,triplaris_coccoloba
Triplochiton-type,triplochiton_type
Triplochiton scleroxylon,triplochiton_scleroxylon
Triplochiton scleroxylon-type,triplochiton_scleroxylon_type
Tripolium pannonicum subsp. tripolium-type,tripolium_pannonicum_subsp_tripolium_type
Tristerix,tristerix
Triticum,triticum
Triticum-type,triticum_type
Triticum aestivum,triticum_aestivum
Triticum spelta-type,triticum_spelta_type
Triticum undiff.,triticum_undiff
Triumfetta,triumfetta
Triumfetta-type,triumfetta_type
Trixis,trixis
"Trochetia (Mauritius type 146, de Boer)",trochetia_mauritius_type_146_de_boer
"Trochetia (Mauritius type 174, de Boer)",trochetia_mauritius_type_174_de_boer
Trollius,trollius
Trollius-type,trollius_type
Trollius europaeus,trollius_europaeus
Trollius europaeus-type,trollius_europaeus_type
Trophis,trophis
Trymatococcus,trymatococcus
Tsuga,tsuga
Tsuga-type,tsuga_type
Tsuga canadensis,tsuga_canadensis
Tsuga canadensis-type,tsuga_canadensis_type
Tsuga diversifolia,tsuga_diversifolia
Tsuga diversifolia-type,tsuga_diversifolia_type
Tsuga dumosa,tsuga_dumosa
Tsuga heterophylla,tsuga_heterophylla
Tsuga mertensiana,tsuga_mertensiana
Tsuga undiff.,tsuga_undiff
Tuberaria,tuberaria
Tuberaria guttata,tuberaria_guttata
Tuberaria lignosa,tuberaria_lignosa
Tulbaghia-type,tulbaghia_type
Tulipa-type,tulipa_type
Tupeia antarctica,tupeia_antarctica
Turgenia,turgenia
Turgenia-type,turgenia_type
Turgenia latifolia,turgenia_latifolia
Turgenia latifolia-type,turgenia_latifolia_type
Turpinia sp.,turpinia_sp
Turrillia,turrillia
Tussilago,tussilago
Tussilago-type,tussilago_type
Tussilago farfara,tussilago_farfara
Uapaca,uapaca
Uapaca guineensis-type,uapaca_guineensis_type
Uapaca heudelotii,uapaca_heudelotii
Uapaca kirkiana,uapaca_kirkiana
Uapaca kirkiana-type,uapaca_kirkiana_type
Uapaca nitida,uapaca_nitida
Uapaca nitida-type,uapaca_nitida_type
Uapaca staudtii,uapaca_staudtii
Uapaca undiff.,uapaca_undiff
Uebelinia-type,uebelinia_type
Uebelinia-type (U. abyssinica),uebelinia_type_u_abyssinica
Uebelinia abyssinica-type,uebelinia_abyssinica_type
Ulex,ulex
Ulex-type,ulex_type
Ulex europaeus,ulex_europaeus
Ulex/Cytisus-type,ulex_cytisus_type
Ulex/Cytisus sect. Spartopsis,ulex_cytisus_sect_spartopsis
Ulex/Cytisus sect. Spartopsis-type,ulex_cytisus_sect_spartopsis_type
Ulmaceae,ulmaceae
Ulmaceae cf. Ampelocera,ulmaceae_cf_ampelocera
Ulmus,ulmus
Ulmus-type,ulmus_type
Ulmus (corroded),ulmus_corroded
Ulmus americana,ulmus_americana
Ulmus cf. U. lanceifolia,ulmus_cf_u_lanceifolia
Ulmus glabra,ulmus_glabra
Ulmus glabra-type,ulmus_glabra_type
Ulmus laevis,ulmus_laevis
Ulmus minor,ulmus_minor
Ulmus sp.,ulmus_sp
Ulmus undiff.,ulmus_undiff
Ulmus/Zelkova,ulmus_zelkova
Umbilicus rupestris,umbilicus_rupestris
Umbilicus rupestris-type,umbilicus_rupestris_type
Uncaria,uncaria
Uncaria-type (U. africana),uncaria_type_u_africana
Uncaria-type africana,uncaria_type_africana
Uncinia,uncinia
Unonopsis,unonopsis
Urena,urena
Urera,urera
Urera-type,urera_type
Urginea,urginea
Urgineeae,urgineeae
Urmenetea,urmenetea
Urtica,urtica
Urtica-type,urtica_type
Urtica atrovirens,urtica_atrovirens
Urtica cf. U. dioica,urtica_cf_u_dioica
Urtica cf. U. membranacea,urtica_cf_u_membranacea
Urtica cf. U. pilulifera,urtica_cf_u_pilulifera
Urtica dioica,urtica_dioica
Urtica dioica-type,urtica_dioica_type
Urtica membranacea,urtica_membranacea
Urtica membranacea-type,urtica_membranacea_type
Urtica pilulifera,urtica_pilulifera
Urtica pilulifera-type,urtica_pilulifera_type
Urtica undiff.,urtica_undiff
Urtica urens,urtica_urens
Urtica/Parietaria,urtica_parietaria
Urticaceae,urticaceae
Urticaceae (type 1),urticaceae_type_1
Urticaceae (type 2),urticaceae_type_2
Urticaceae undiff.,urticaceae_undiff
Urticaceae/Moraceae,urticaceae_moraceae
Urticaceae/Moraceae-type,urticaceae_moraceae_type
Urticaceae/Moraceae (diporate),urticaceae_moraceae_diporate
Urticaceae/Moraceae (hexaporate),urticaceae_moraceae_hexaporate
Urticaceae/Moraceae (pentaporate),urticaceae_moraceae_pentaporate
Urticaceae/Moraceae (tetraporate),urticaceae_moraceae_tetraporate
Urticaceae/Moraceae (triporate),urticaceae_moraceae_triporate
Urticaceae/Moraceae undiff.,urticaceae_moraceae_undiff
Urticalean Rosids,urticalean_rosids
Urticalean Rosids (triporate),urticalean_rosids_triporate
Urticalean Rosids undiff.,urticalean_rosids_undiff
Urvillea,urvillea
Vaccaria hispanica,vaccaria_hispanica
Vaccinioideae,vaccinioideae
Vaccinium,vaccinium
Vaccinium-type,vaccinium_type
Vaccinium angustifolium-type,vaccinium_angustifolium_type
Vaccinium cf V. uliginosum,vaccinium_cf_v_uliginosum
Vaccinium comp.,vaccinium_comp
Vaccinium group,vaccinium_group
Vaccinium macrocarpon-type,vaccinium_macrocarpon_type
Vaccinium myrtillus,vaccinium_myrtillus
Vaccinium myrtillus-type,vaccinium_myrtillus_type
Vaccinium oxycoccos,vaccinium_oxycoccos
Vaccinium sect. Oxycoccus,vaccinium_sect_oxycoccus
Vaccinium sect. Vitis-idaea,vaccinium_sect_vitis_minus_idaea
Vaccinium sp.,vaccinium_sp
Vaccinium uliginosum,vaccinium_uliginosum
Vaccinium uliginosum-type,vaccinium_uliginosum_type
Vaccinium undiff.,vaccinium_undiff
Vaccinium vitis-idaea,vaccinium_vitis_minus_idaea
Vachellia choriophylla,vachellia_choriophylla
Vahlia,vahlia
Valeriana,valeriana
Valeriana-type,valeriana_type
"Valeriana (echinate, large)",valeriana_echinate_large
Valeriana (microechinate),valeriana_microechinate
Valeriana (short echinae),valeriana_short_echinae
Valeriana (type 1),valeriana_type_1
Valeriana (type 2),valeriana_type_2
Valeriana (type 3),valeriana_type_3
Valeriana celtica-type,valeriana_celtica_type
Valeriana cf. V. dioica,valeriana_cf_v_dioica
Valeriana cf. V. excelsa subsp. sambucifolia,valeriana_cf_v_excelsa_subsp_sambucifolia
Valeriana dioica,valeriana_dioica
Valeriana dioica-type,valeriana_dioica_type
Valeriana dioica subsp. simplicifolia,valeriana_dioica_subsp_simplicifolia
Valeriana excelsa subsp. sambucifolia-type,valeriana_excelsa_subsp_sambucifolia_type
Valeriana montana-type,valeriana_montana_type
Valeriana officinalis,valeriana_officinalis
Valeriana officinalis-type,valeriana_officinalis_type
Valeriana sitchensis,valeriana_sitchensis
Valeriana stenophylla-type,valeriana_stenophylla_type
Valeriana tripteris,valeriana_tripteris
Valeriana tripteris-type,valeriana_tripteris_type
Valeriana tuberosa,valeriana_tuberosa
Valeriana undiff.,valeriana_undiff
Valerianaceae undiff.,valerianaceae_undiff
Valerianella,valerianella
Valerianella-type,valerianella_type
Valerianella dentata,valerianella_dentata
Valerianella locusta,valerianella_locusta
Valerianella locusta-type,valerianella_locusta_type
Valerianoideae,valerianoideae
Vallea,vallea
Vallea-type,vallea_type
Vangueria,vangueria
Vangueria-type,vangueria_type
Vangueria-type (V. madagascariensis var. madagascariensis),vangueria_type_v_madagascariensis_var_madagascariensis
Vangueria-type madagascariensis,vangueria_type_madagascariensis
Vangueria madagascariensis-type,vangueria_madagascariensis_type
Vantanea,vantanea
Vantanea (type 1),vantanea_type_1
Varronia bahamensis,varronia_bahamensis
Vatovaea,vatovaea
Vatovaea-type pseudolablab,vatovaea_type_pseudolablab
Vepris,vepris
Vepris-type,vepris_type
Vepris-type (V. nobilis),vepris_type_v_nobilis
Vepris-type dainellii,vepris_type_dainellii
Vepris-type nobilis,vepris_type_nobilis
Vepris nobilis,vepris_nobilis
Veratrum,veratrum
Veratrum-type,veratrum_type
Veratrum album,veratrum_album
Verbascum,verbascum
Verbascum-type,verbascum_type
Verbascum pulverulentum-type,verbascum_pulverulentum_type
Verbena,verbena
Verbena-type,verbena_type
Verbena officinalis,verbena_officinalis
Verbenaceae,verbenaceae
Verbenaceae undiff.,verbenaceae_undiff
Vernonia,vernonia
Vernonia-type,vernonia_type
Vernonia schimperi,vernonia_schimperi
Vernonieae,vernonieae
Vernonieae undiff.,vernonieae_undiff
Veronica,veronica
Veronica-type,veronica_type
Veronica chamaedrys,veronica_chamaedrys
Veronica officinalis,veronica_officinalis
Viburnaceae,viburnaceae
Viburnum,viburnum
Viburnum-type,viburnum_type
Viburnum (type 1),viburnum_type_1
Viburnum acerifolium-type,viburnum_acerifolium_type
Viburnum alnifolium,viburnum_alnifolium
Viburnum cf. V. opulus,viburnum_cf_v_opulus
Viburnum edule,viburnum_edule
Viburnum lantana,viburnum_lantana
Viburnum lantana-type,viburnum_lantana_type
Viburnum lentago,viburnum_lentago
Viburnum lentago-type,viburnum_lentago_type
Viburnum nudum,viburnum_nudum
Viburnum opulus,viburnum_opulus
Viburnum opulus-type,viburnum_opulus_type
Viburnum opulus/V. tinus,viburnum_opulus_v_tinus
Viburnum rafinesquianum-type,viburnum_rafinesquianum_type
Viburnum tinus,viburnum_tinus
Viburnum undiff.,viburnum_undiff
Vicia,vicia
Vicia-type,vicia_type
Vicia-type sensu stricto,vicia_type_sensu_stricto
Vicia cf. V. cracca,vicia_cf_v_cracca
Vicia cf. V. faba,vicia_cf_v_faba
Vicia cf. V. sepium,vicia_cf_v_sepium
Vicia cracca,vicia_cracca
Vicia cracca-type,vicia_cracca_type
Vicia faba,vicia_faba
Vicia faba-type,vicia_faba_type
Vicia hirsuta/V. tetrasperma,vicia_hirsuta_v_tetrasperma
Vicia sylvatica,vicia_sylvatica
Vicia sylvatica-type,vicia_sylvatica_type
Vicia/Lathyrus,vicia_lathyrus
Vicia/Lathyrus-type,vicia_lathyrus_type
Vigna,vigna
Vigna-type,vigna_type
Vigna lanceolata,vigna_lanceolata
Vigna luteola-type,vigna_luteola_type
Viminaria-type,viminaria_type
Vincetoxicum,vincetoxicum
Viola,viola
Viola-type,viola_type
Viola arvensis,viola_arvensis
Viola arvensis-type,viola_arvensis_type
Viola canina-type,viola_canina_type
Viola odorata-type,viola_odorata_type
Viola riviniana,viola_riviniana
Viola tricolor,viola_tricolor
Viola tricolor-type,viola_tricolor_type
Violaceae,violaceae
Violaceae cf. Hymenanthera,violaceae_cf_hymenanthera
Violaceae cf. Leonia,violaceae_cf_leonia
Virectaria,virectaria
Virectaria major-type,virectaria_major_type
Virola,virola
Virola-type,virola_type
Viscaceae sensu stricto,viscaceae_sensu_stricto
Viscaceae sensu stricto undiff.,viscaceae_sensu_stricto_undiff
Visceae cf. Arceuthobium,visceae_cf_arceuthobium
Viscum,viscum
Viscum album,viscum_album
Viscum album-type,viscum_album_type
Viscum album sensu lato,viscum_album_sensu_lato
Vismia,vismia
Vismia-type,vismia_type
Vismia guineensis-type,vismia_guineensis_type
Vitaceae,vitaceae
Vitaceae cf. Cissus,vitaceae_cf_cissus
Vitaceae undiff.,vitaceae_undiff
Vitellaria,vitellaria
Vitellaria-type (V. paradoxa),vitellaria_type_v_paradoxa
Vitellaria-type paradoxa,vitellaria_type_paradoxa
Vitex,vitex
Vitex-type,vitex_type
Vitex agnus-castus,vitex_agnus_minus_castus
Vitex doniana,vitex_doniana
Vitex lucens,vitex_lucens
Vitis,vitis
Vitis cf. V. aestivalis,vitis_cf_v_aestivalis
Vitis sylvestris/vinifera,vitis_sylvestris_vinifera
Vitis vinifera,vitis_vinifera
Viviania,viviania
Viviania-type,viviania_type
Voacanga,voacanga
Vochysia,vochysia
Vochysiaceae undiff.,vochysiaceae_undiff
Volkensinia prostrata,volkensinia_prostrata
Voyria,voyria
Vriesea-type,vriesea_type
Wahlenbergia,wahlenbergia
Wahlenbergia-type,wahlenbergia_type
Waltheria,waltheria
Waltheria-type,waltheria_type
Waltheria indica,waltheria_indica
Warszewiczia,warszewiczia
Watsonia,watsonia
Weigela,weigela
Weinmannia,weinmannia
Weinmannia-type,weinmannia_type
Weinmannia (type 1),weinmannia_type_1
Weinmannia (type 2),weinmannia_type_2
Weinmannia trichosperma,weinmannia_trichosperma
Weinmannia/Sloanea-type,weinmannia_sloanea_type
Welwitschia mirabilis,welwitschia_mirabilis
Wendlandia,wendlandia
Wendtia,wendtia
Wendtia-type,wendtia_type
Westringia,westringia
Wettinia,wettinia
Widdringtonia,widdringtonia
Wigandia,wigandia
Wikstroemia,wikstroemia
Wikstroemia-type,wikstroemia_type
Wilsonia,wilsonia
Winteraceae,winteraceae
Withania,withania
Withania-type (W. somnifera),withania_type_w_somnifera
Wrightia,wrightia
Wyethia-type,wyethia_type
Xanthium,xanthium
Xanthium-type,xanthium_type
Xanthium spinosum-type,xanthium_spinosum_type
Xanthomyrtus,xanthomyrtus
Xanthorrhoea,xanthorrhoea
Xeranthemum,xeranthemum
Ximenia,ximenia
Ximenia-type,ximenia_type
Ximenia americana,ximenia_americana
Xylia-type,xylia_type
Xylocarpus,xylocarpus
Xylopia,xylopia
Xylosma,xylosma
Xylosma-type,xylosma_type
Xylosma buxifolia,xylosma_buxifolia
Xylosma sp.,xylosma_sp
Xymalos,xymalos
Xyridaceae,xyridaceae
Xyris,xyris
Xyris-type,xyris_type
Yucca,yucca
Zacateza pedicellata-type,zacateza_pedicellata_type
Zaleya pentandra,zaleya_pentandra
Zanha,zanha
Zanha-type golungensis,zanha_type_golungensis
Zanha golungensis-type,zanha_golungensis_type
Zanthoxylum,zanthoxylum
Zanthoxylum-type,zanthoxylum_type
Zanthoxylum-type (Z. gilletii),zanthoxylum_type_z_gilletii
Zanthoxylum-type (Z. usambarense),zanthoxylum_type_z_usambarense
Zanthoxylum-type chalybeum,zanthoxylum_type_chalybeum
Zanthoxylum-type gilletii,zanthoxylum_type_gilletii
Zanthoxylum-type usambarense,zanthoxylum_type_usambarense
Zanthoxylum (type I),zanthoxylum_type_i
Zanthoxylum americanum,zanthoxylum_americanum
Zanthoxylum chalybeum-type,zanthoxylum_chalybeum_type
Zanthoxylum fagara,zanthoxylum_fagara
Zanthoxylum gilletii,zanthoxylum_gilletii
Zanthoxylum undiff.,zanthoxylum_undiff
Zanthoxylum usambarense,zanthoxylum_usambarense
Zanthoxylum usambarense-type,zanthoxylum_usambarense_type
Zanthoxylum zanthoxyloides,zanthoxylum_zanthoxyloides
Zea,zea
Zea-type,zea_type
Zea mays,zea_mays
Zea mays-type,zea_mays_type
Zea mays (>75 µm),zea_mays_bigger_than_75_mu_m
"Zea mays (type 536, Kuhry 1988)",zea_mays_type_536_kuhry_1988
"Zea mays (type 548, Kuhry 1988)",zea_mays_type_548_kuhry_1988
Zelkova,zelkova
Zeyheria,zeyheria
Zieria,zieria
Zigadenus,zigadenus
Ziziphus,ziziphus
Ziziphus-type,ziziphus_type
Zollernia,zollernia
Zornia,zornia
Zornia (type 1),zornia_type_1
Zornia cf. Z. latifolia,zornia_cf_z_latifolia
Zygophyllaceae,zygophyllaceae
Zygophyllum,zygophyllum
