raw_name,taxon_name,level_1
# Tablet,number_tablet,delete
(looks like pollen type) Type 11,looks_like_pollen_type_type_11,delete
(looks like pollen type) Type 143,looks_like_pollen_type_type_143,delete
(looks like pollen type) Type 144,looks_like_pollen_type_type_144,delete
(looks like pollen type) Type 149,looks_like_pollen_type_type_149,delete
(looks like pollen type) Type 150,looks_like_pollen_type_type_150,delete
(looks like pollen type) Type 151,looks_like_pollen_type_type_151,delete
(looks like pollen type) Type 152,looks_like_pollen_type_type_152,delete
(looks like pollen type) Type 154,looks_like_pollen_type_type_154,delete
(looks like pollen type) Type 155,looks_like_pollen_type_type_155,delete
(looks like pollen type) Type 156,looks_like_pollen_type_type_156,delete
(looks like pollen type) Type 157,looks_like_pollen_type_type_157,delete
(looks like pollen type) Type 198,looks_like_pollen_type_type_198,delete
(looks like pollen type) Type 202,looks_like_pollen_type_type_202,delete
(looks like pollen type) Type 218,looks_like_pollen_type_type_218,delete
(looks like pollen type) Type 232,looks_like_pollen_type_type_232,delete
(looks like pollen type) Type 35,looks_like_pollen_type_type_35,delete
(looks like pollen type) Type 41,looks_like_pollen_type_type_41,delete
(looks like pollen type) Type 43,looks_like_pollen_type_type_43,delete
(looks like pollen type) Type 46,looks_like_pollen_type_type_46,delete
~Hymenphyllum (H-242),hymenphyllum_h_minus_242,delete
1C (psil.),x1c_psil,delete
1C (ret.),x1c_ret,delete
3-Pore Urt,x3_minus_pore_urt,delete
3C (psil.),x3c_psil,delete
3Cp (others),x3cp_others,delete
3F3P,x3f3p,delete
Abatia,abatia,Abatia
Abies,abies,Abies
Abuta,abuta,Abuta
Abuta racemosa,abuta_racemosa,Abuta
Abuta/Cissampelos,abuta_cissampelos,Abuta
Abutilon,abutilon,Abutilon
Abutilon/Malvastrum-type,abutilon_malvastrum_type,Abutilon
Acacia,acacia,Acacia
Acacia-type,acacia_type,Acacia
Acacia-Type,acacia_minus_type,Acacia
Acacia sp,acacia_sp,Acacia
Acaena,acaena,Polylepis-Acaena
Acaena-type,acaena_type,Polylepis-Acaena
Acaena (blocky),acaena_blocky,Polylepis-Acaena
Acaena masafuerana,acaena_masafuerana,Polylepis-Acaena
Acaena/Polylepis,acaena_polylepis,Polylepis-Acaena
AcaenaPo,acaena_po,Polylepis-Acaena
Acalypha,acalypha,Acalypha-type
Acalypha-type (P4 large),acalypha_type_p4_large,Acalypha-type
Acalypha - Euphorbiaceae,acalypha_minus_euphorbiaceae,Acalypha-type
Acalypha (diporate),acalypha_diporate,Acalypha-type
Acalypha (Euphorbiaceae),acalypha_euphorbiaceae,Acalypha-type
Acalypha (large),acalypha_large,Acalypha-type
Acalypha (P3),acalypha_p3,Acalypha-type
Acalypha (P5),acalypha_p5,Acalypha-type
Acalypha (pentaporate),acalypha_pentaporate,Acalypha-type
Acalypha (tetraporate),acalypha_tetraporate,Acalypha-type
Acalypha (triporate),acalypha_triporate,Acalypha-type
Acalypha (type 2),acalypha_type_2,Acalypha-type
Acalypha (type I),acalypha_type_i,Acalypha-type
Acalypha 4P,acalypha_4p,Acalypha-type
Acalypha sp. form1,acalypha_sp_form1,Acalypha-type
Acalypha undiff.,acalypha_undiff,Acalypha-type
Acantaceae,acantaceae,Acanthaceae
Acanthaceae,acanthaceae,Acanthaceae
Acanthaceae (type 1) cf. Acanthus,acanthaceae_type_1_cf_acanthus,Acanthaceae
Acanthaceae diporate pseudocolpate,acanthaceae_diporate_pseudocolpate,Acanthaceae
Acanthaceae stephanocolpate,acanthaceae_stephanocolpate,Acanthaceae
Acanthaceae undiff.,acanthaceae_undiff,Acanthaceae
Acantholippia-type,acantholippia_type,Acantholippia-type
Acer,acer,Acer
Achatocarpus,achatocarpus,Achatocarpus
Achyranthes,achyranthes,Achyranthes
Achyrocline,achyrocline,Achyrocline
Acidoton-t,acidoton_t,Acidoton-type
Aciotis,aciotis,Aciotis
Acrostichum,acrostichum,delete
Actinostemon,actinostemon,Actinostemon
Actinostemon concolor,actinostemon_concolor,Actinostemon
Actinotaenium-t,actinotaenium_t,delete
Adelobotrys,adelobotrys,Adelobotrys-type
Adenanthe,adenanthe,Adenanthe
Adenaria-t,adenaria_t,Adenaria-type
Adenocaulon,adenocaulon,Asteraceae
Adenocaulon-type,adenocaulon_type,Asteraceae
Adenopeltus-type,adenopeltus_type,Adenopeltis-type
Adesmia,adesmia,Adesmia-type
Adesmia-type,adesmia_type,Adesmia-type
Adesmia retusa type,adesmia_retusa_type,Adesmia-type
Adiantac,adiantac,delete
Adiantaceae,adiantaceae,delete
Adiantum,adiantum,delete
Adiscanthus,adiscanthus,Adiscanthus
Adonis,adonis,Adonis
Aechmea,aechmea,Aechmea-type
Aechmea/Cydista-t,aechmea_cydista_t,Aechmea-type
Aegiphila,aegiphila,Aegiphila-type
Aegiphyla-t,aegiphyla_t,Aegiphila-type
Aeschynomene,aeschynomene,Aeschynomene-type
Aeschynomene-t(PAPIL),aeschynomene_t_papil,Aeschynomene-type
Aetanthus,aetanthus,Aetanthus
Aextoxicon,aextoxicon,Aextoxicon
Aextoxicon punctatum,aextoxicon_punctatum,Aextoxicon
Aextoxicon/Escallonia,aextoxicon_escallonia,Aextoxicon
Aff Flacourtiaceae,aff_flacourtiaceae,Flacourtiaceae
aff. Alchornea,aff_alchornea,Alchornea
aff. Astronium,aff_astronium,aff. Astronium
Aff. Blixa,aff_blixa,delete
aff. Casuarina,aff_casuarina,Casuarinaceae
aff. Colubrina,aff_colubrina,Colubrina-type
aff. Dalechampia,aff_dalechampia,Dalechampia
aff. Fissicalyx,aff_fissicalyx,Fissicalyx-type
aff. Galianthe,aff_galianthe,Galianthe
aff. Gaylussacia,aff_gaylussacia,Gaylussacia-type
aff. Malvaceae,aff_malvaceae,Malvaceae
aff. Melanoxylon,aff_melanoxylon,Melanoxylum
aff. Myrica - Myricaceae,aff_myrica_minus_myricaceae,Morella
aff. Posoqueria,aff_posoqueria,Posoqueria-type
aff. Trichilia,aff_trichilia,Trichilia-type
aff. Triumfetta,aff_triumfetta,Triumfetta-type
aff. Viola,aff_viola,Viola-type
Agalinis,agalinis,Agalinis
Agarista,agarista,Agarista
Agarista/Gaylussacia (ERICACEAE),agarista_gaylussacia_ericaceae,Gaylussacia-type
Agavaceae,agavaceae,Agavaceae
Agave,agave,Agavaceae
Agavoideae,agavoideae,Agavaceae
Alchemilla,alchemilla,Alchemilla
Alchorne,alchorne,Alchornea
Alchornea,alchornea,Alchornea
Alchornea-type,alchornea_type,Alchornea
Alchornea -  Euphorbiaceae,alchornea_minus_euphorbiaceae,Alchornea
Alchornea (C-163),alchornea_c_minus_163,Alchornea
Alchornea (Euphorbiaceae),alchornea_euphorbiaceae,Alchornea
Alchornea (operculate),alchornea_operculate,Alchornea
Alchornea (type 1),alchornea_type_1,Alchornea
Alchornea (type 2),alchornea_type_2,Alchornea
Alchornea (type 3),alchornea_type_3,Alchornea
Alchornea (type 4),alchornea_type_4,Alchornea
Alchornea form 2/Didimopanax,alchornea_form_2_didimopanax,Alchornea
Alchornea form1,alchornea_form1,Alchornea
Alchornea form6,alchornea_form6,Alchornea
Alchornea latifolia,alchornea_latifolia,Alchornea
Alchornea sp1,alchornea_sp1,Alchornea
Alchornea sp2,alchornea_sp2,Alchornea
Alchornea T-I,alchornea_t_minus_i,Alchornea
Alchornea T-II,alchornea_t_minus_ii,Alchornea
Alchornea undiff.,alchornea_undiff,Alchornea
Alchornea/Aparisthmium,alchornea_aparisthmium,Alchornea
Alchornea/Conceveibum,alchornea_conceveibum,Alchornea
Alchorneopsis,alchorneopsis,Alchorneopsis
Alchorneopsis floribunda,alchorneopsis_floribunda,Alchorneopsis
Aldina,aldina,Aldina
Alga-II(T-91),alga_minus_ii_t_minus_91,delete
Alga-III (Debarya),alga_minus_iii_debarya,delete
Algae,algae,delete
Algae remains,algae_remains,delete
Algas,algas,delete
Alibertia,alibertia,Alibertia-type
Alibertia-t (RUBIAC),alibertia_t_rubiac,Alibertia-type
Alibertia-type,alibertia_type,Alibertia-type
Alibertia/Amaioua,alibertia_amaioua,Alibertia-type
Alisma,alisma,delete
Alismatac,alismatac,delete
Alismataceae,alismataceae,delete
Alismataceae ALL,alismataceae_all,delete
Alismataceae Type 1 CF Sagittaria,alismataceae_type_1_cf_sagittaria,delete
Alismataceae Type 2 CF Sagittaria,alismataceae_type_2_cf_sagittaria,delete
Alismataceae Type 3 CF Sagittaria,alismataceae_type_3_cf_sagittaria,delete
Alium-tpye,alium_tpye,Allium-type
Allamanda-t,allamanda_t,Allamanda-type
Allantodia,allantodia,delete
Allium,allium,Allium-type
Allium-type,allium_type,Allium-type
Allophyl,allophyl,delete
Allophylus,allophylus,Allophyllus-type
Allophylus-type,allophylus_type,Allophyllus-type
Alnus,alnus,Alnus
Alnus- Betulaceae,alnus_minus_betulaceae,Alnus
Alnus 2,alnus_2,Alnus
Alnus acuminata,alnus_acuminata,Alnus
Alnus glutinosa,alnus_glutinosa,Alnus
Alnus sp.,alnus_sp,Alnus
Alonsoa-type,alonsoa_type,Alonsoa-type
Alophyllus,alophyllus,Allophyllus-type
Alseis,alseis,Alseis-type
Alseis floribunda-type,alseis_floribunda_type,Alseis-type
Alseis sp,alseis_sp,Alseis-type
Alsophila,alsophila,delete
Alsophila-t,alsophila_t,delete
Alsophila cf. A. elegans,alsophila_cf_a_elegans,delete
Alsophila elegans-type,alsophila_elegans_type,delete
Alstroem,alstroem,Alstroemeria
Alstroemeria,alstroemeria,Alstroemeria
Alteranthera,alteranthera,delete
Altermanthera,altermanthera,delete
Alternanthera,alternanthera,delete
Alternanthera-type,alternanthera_type,delete
Alternanthera (type 1),alternanthera_type_1,delete
Alternanthera (type II),alternanthera_type_ii,delete
Alternanthera sessilis,alternanthera_sessilis,delete
Alternanthera sp. (Amaranthaceae),alternanthera_sp_amaranthaceae,delete
Alternathera,alternathera,delete
Althernantera,althernantera,delete
Althernanthera,althernanthera,delete
Althernanthera (Amaranthaceae),althernanthera_amaranthaceae,delete
Ama/Chen,ama_chen,Amaranthaceae
Amaioua,amaioua,Amaioua
Amanoa,amanoa,Amanoa-type
Amanoa-t,amanoa_t,Amanoa-type
Amaouia,amaouia,Amaioua
Amar/Cheno,amar_cheno,Amaranthaceae
Amarantaceae (Chenopodiaceae),amarantaceae_chenopodiaceae,Amaranthaceae
Amaranteaceae,amaranteaceae,Amaranthaceae
Amaranth-Alternanthera,amaranth_minus_alternanthera,Amaranthaceae
Amaranth-Chen,amaranth_minus_chen,Amaranthaceae
Amaranth/Chenopodiaceae,amaranth_chenopodiaceae,Amaranthaceae
Amaranthac,amaranthac,Amaranthaceae
Amaranthaceae,amaranthaceae,Amaranthaceae
Amaranthaceae-Chenopodiaceae,amaranthaceae_minus_chenopodiaceae,Amaranthaceae
Amaranthaceae (Chenopodiaceae),amaranthaceae_chenopodiaceae,Amaranthaceae
Amaranthaceae (small),amaranthaceae_small,Amaranthaceae
Amaranthaceae (type I),amaranthaceae_type_i,Amaranthaceae
Amaranthaceae (type II),amaranthaceae_type_ii,Amaranthaceae
Amaranthaceae 1,amaranthaceae_1,Amaranthaceae
Amaranthaceae ALL,amaranthaceae_all,Amaranthaceae
Amaranthaceae sensu stricto,amaranthaceae_sensu_stricto,Amaranthaceae
Amaranthaceae sp.,amaranthaceae_sp,Amaranthaceae
Amaranthaceae Type 1 CF. Gomphrena,amaranthaceae_type_1_cf_gomphrena,Amaranthaceae
Amaranthaceae Type 2,amaranthaceae_type_2,Amaranthaceae
Amaranthaceae Type 3 CF. Pfaffia,amaranthaceae_type_3_cf_pfaffia,Amaranthaceae
Amaranthaceae Type 4 CF. Alternanthera,amaranthaceae_type_4_cf_alternanthera,Amaranthaceae
Amaranthaceae Type 5 - Very small,amaranthaceae_type_5_minus_very_small,Amaranthaceae
Amaranthaceae undiff.,amaranthaceae_undiff,Amaranthaceae
Amaranthaceae/Chenopodiaceae (small),amaranthaceae_chenopodiaceae_small,Amaranthaceae
Amaranthaceae/Chenopodiaceae Type 2,amaranthaceae_chenopodiaceae_type_2,Amaranthaceae
Amaranthus,amaranthus,Amaranthaceae
Amaranthus-type,amaranthus_type,Amaranthaceae
Amaranthus sp1,amaranthus_sp1,Amaranthaceae
Amaranthus undiff.,amaranthus_undiff,Amaranthaceae
AmaranthusChenopodiaceae,amaranthus_chenopodiaceae,Amaranthaceae
Amarilidaceae,amarilidaceae,Amaranthaceae
Amarillidaceae,amarillidaceae,Amaranthaceae
Amaryllidaceae,amaryllidaceae,Amaranthaceae
Amaryllis,amaryllis,Amaranthaceae
AmbroB XXIII,ambro_b_xxiii,Ambrosia-type
AmbroS  IX,ambro_s_ix,Ambrosia-type
Ambrosia,ambrosia,Ambrosia-type
Ambrosia-type,ambrosia_type,Ambrosia-type
Ambrosia-type (circular),ambrosia_type_circular,Ambrosia-type
Ambrosia (form type),ambrosia_form_type,Ambrosia-type
Ambrosia Type 1,ambrosia_type_1,Ambrosia-type
Ambrosia Type 2,ambrosia_type_2,Ambrosia-type
Amomyrtus luma,amomyrtus_luma,Amomyrtus
An-Rub,an_minus_rub,delete
Anacardiac,anacardiac,Anacardiaceae
Anacardiacae,anacardiacae,Anacardiaceae
Anacardiaceae,anacardiaceae,Anacardiaceae
Anacardiaceae (20 µm),anacardiaceae_20_mu_m,Anacardiaceae
Anacardiaceae (type 16),anacardiaceae_type_16,Anacardiaceae
Anacardiaceae (type 19),anacardiaceae_type_19,Anacardiaceae
Anacardiaceae (type 20),anacardiaceae_type_20,Anacardiaceae
Anacardiaceae (type 25),anacardiaceae_type_25,Anacardiaceae
Anacardiaceae (type 30),anacardiaceae_type_30,Anacardiaceae
Anacardiaceae (type 35),anacardiaceae_type_35,Anacardiaceae
Anacardiaceae (type I),anacardiaceae_type_i,Anacardiaceae
Anacardiaceae (type II),anacardiaceae_type_ii,Anacardiaceae
Anacardiaceae (type III),anacardiaceae_type_iii,Anacardiaceae
Anacardiaceae ALL,anacardiaceae_all,Anacardiaceae
Anacardiaceae cf. Loxopterygium,anacardiaceae_cf_loxopterygium,Loxopterygium-type
Anacardiaceae n,anacardiaceae_n,Anacardiaceae
Anacardiaceae Sch/Lit,anacardiaceae_sch_lit,Anacardiaceae
Anacardiaceae striat,anacardiaceae_striat,Anacardiaceae
Anacardiaceae Type 1 (cf Astronium),anacardiaceae_type_1_cf_astronium,Anacardiaceae
Anacardiaceae Type 2,anacardiaceae_type_2,Anacardiaceae
Anacardiaceae type R,anacardiaceae_type_r,Anacardiaceae
Anacardiaceae undiff.,anacardiaceae_undiff,Anacardiaceae
Anacardium,anacardium,Anacardium-type
Anacardium-type,anacardium_type,Anacardium-type
Anacardium occidentale-type,anacardium_occidentale_type,Anacardium-type
Anadenanthera,anadenanthera,Anadenanthera
"Anadenanthera (polyad, type 16)",anadenanthera_polyad_type_16,Anadenanthera
"Anadenanthera (polyad, type 8)",anadenanthera_polyad_type_8,Anadenanthera
Anadenanthera 1,anadenanthera_1,Anadenanthera
Anadenanthera 2,anadenanthera_2,Anadenanthera
Anagallis,anagallis,Anagallis
Anarthrophyllum-type,anarthrophyllum_type,Anarthrophyllum-type
Anaxagorea,anaxagorea,Anaxagorea
Andira,andira,Andira-type
Andira t,andira_t,Andira-type
Anemia,anemia,delete
Anemone,anemone,Anemone-type
Anemone-type,anemone_type,Anemone-type
Anemopaegma,anemopaegma,Anemopaegma
Aniseia,aniseia,Aniseia-type
Aniseia-type,aniseia_type,Aniseia-type
Annona,annona,Annonaceae
Annona-t,annona_t,Annonaceae
Annona 2,annona_2,Annonaceae
Annona sp.,annona_sp,Annonaceae
Annonaceae,annonaceae,Annonaceae
Annonaceae cf. Annona,annonaceae_cf_annona,Annonaceae
Anogramma,anogramma,delete
Anomospermum,anomospermum,Anomospermum
Anthoceous,anthoceous,delete
Anthoceros,anthoceros,delete
Anthodiscus,anthodiscus,Anthodiscus
Anthodiscus/Caryocar,anthodiscus_caryocar,Anthodiscus
Anthodon,anthodon,Anthodon
Anthroceros,anthroceros,delete
Anthurium,anthurium,Anthurium-type
Anthurium - Araceae,anthurium_minus_araceae,Anthurium-type
Anthurium - type,anthurium_minus_type,Anthurium-type
Anthurium (type 1),anthurium_type_1,Anthurium-type
Anthurium (type 2),anthurium_type_2,Anthurium-type
Anthurium cf. A. pentaphyllum,anthurium_cf_a_pentaphyllum,Anthurium-type
Anthurium gde,anthurium_gde,Anthurium-type
Anthurium peq,anthurium_peq,Anthurium-type
Anthurrium~Carludovica,anthurrium_carludovica,Anthurium-type
Anthurum,anthurum,Anthurium-type
Antidaphne,antidaphne,Antidaphne
Antidaphne-type,antidaphne_type,Antidaphne
Antidesma-type,antidesma_type,Antidesma-type
Antirhea,antirhea,Antirhea
AP,ap,delete
Apeiba,apeiba,Apeiba-type
Apeiba-t,apeiba_t,Apeiba-type
Apeiba-t (TILIAC),apeiba_t_tiliac,Apeiba-type
Apeiba-type,apeiba_type,Apeiba-type
Aphanocarpus,aphanocarpus,Aphanocarpus
Aphelandra,aphelandra,Aphelandra-type
Aphelandra-type,aphelandra_type,Aphelandra-type
Aphelandra 1,aphelandra_1,Aphelandra-type
Aphelandra 2,aphelandra_2,Aphelandra-type
Aphelandra type,aphelandra_type_2,Aphelandra-type
Apiac,apiac,Apiaceae
Apiaceae,apiaceae,Apiaceae
Apiaceae-Typ 22x15µm,apiaceae_minus_typ_22x15mu_m,Apiaceae
Apiaceae (Laretia/Azorella type),apiaceae_laretia_azorella_type,Azorella-type
Apiaceae (large),apiaceae_large,Apiaceae
Apiaceae (Mulinum type),apiaceae_mulinum_type,Mulinum-type
Apiaceae (Osmorhiza type),apiaceae_osmorhiza_type,Osmorhiza
Apiaceae (type 2),apiaceae_type_2,Apiaceae
"Apiaceae (type 555, Kuhry 1988)",apiaceae_type_555_kuhry_1988,Apiaceae
Apiaceae (type I),apiaceae_type_i,Apiaceae
Apiaceae (type II),apiaceae_type_ii,Apiaceae
Apiaceae (type III),apiaceae_type_iii,Apiaceae
Apiaceae (type P18),apiaceae_type_p18,Apiaceae
Apiaceae ALL,apiaceae_all,Apiaceae
Apiaceae cf. Anethum,apiaceae_cf_anethum,Apiaceae
Apiaceae cf. Apium,apiaceae_cf_apium,Apiaceae
Apiaceae I,apiaceae_i,Apiaceae
Apiaceae II,apiaceae_ii,Apiaceae
Apiaceae sp2,apiaceae_sp2,Apiaceae
Apiaceae Type 3 CF Eryngium or myrrhidendron,apiaceae_type_3_cf_eryngium_or_myrrhidendron,Eryngium-type
Apiaceae Type 4 CF Eryngium,apiaceae_type_4_cf_eryngium,Eryngium-type
Apiaceae Type I (cf. Hydrocotyle),apiaceae_type_i_cf_hydrocotyle,Hydrocotyle-type
Apiaceae undiff,apiaceae_undiff,Apiaceae
Apiaceeae,apiaceeae,Apiaceae
Apium,apium,Apium-type
Apium-type,apium_type,Apium-type
Apocynac,apocynac,Apocynaceae
Apocynaceae,apocynaceae,Apocynaceae
Apocynaceae (H-28),apocynaceae_h_minus_28,Apocynaceae
Apocynaceae (H-43),apocynaceae_h_minus_43,Apocynaceae
Apocynaceae (triporate),apocynaceae_triporate,Apocynaceae
Apocynaceae (type A),apocynaceae_type_a,Apocynaceae
Apocynaceae (type B),apocynaceae_type_b,Apocynaceae
Apocynaceae (type C),apocynaceae_type_c,Apocynaceae
Apocynaceae aff. Secondatia,apocynaceae_aff_secondatia,Apocynaceae
Apocynaceae ALL,apocynaceae_all,Apocynaceae
Apocynaceae Type 1,apocynaceae_type_1,Apocynaceae
Apocynaceae undiff.,apocynaceae_undiff,Apocynaceae
Apodasmia,apodasmia,Apodasmia
Apoplanesia,apoplanesia,Apoplanesia-type
Apoynaceae-type,apoynaceae_type,Apocynaceae
Apuleia,apuleia,Apuleia-type
AQ,aq,delete
Aquifoliaceae,aquifoliaceae,Aquifoliaceae
Aquifoliaceae undiff.,aquifoliaceae_undiff,Aquifoliaceae
Arac,arac,Araceae
Araceae,araceae,Araceae
Araceae (sulcate),araceae_sulcate,Araceae
Araceae 1,araceae_1,Araceae
Araceae 2,araceae_2,Araceae
Araceae 3,araceae_3,Araceae
Araceae ALL,araceae_all,Araceae
Araceae Type 1 (cf anthurium) (type 106 of PASOBCI),araceae_type_1_cf_anthurium_type_106_of_pasobci,Anthurium-type
Araceae undiff.,araceae_undiff,Araceae
Arachnites uniflora,arachnites_uniflora,Arachnites
Aragoa,aragoa,Aragoa
Aralia,aralia,Araliaceae
Araliaceae,araliaceae,Araliaceae
Araliaceae 1,araliaceae_1,Araliaceae
Araliaceae cf. Didymopanax,araliaceae_cf_didymopanax,Didymopanax-type
Araliaceae sp1,araliaceae_sp1,Araliaceae
Araliaceae undiff.,araliaceae_undiff,Araliaceae
Araucar,araucar,Araucaria
Araucaria,araucaria,Araucaria
Araucaria angustifolia,araucaria_angustifolia,Araucaria
Araucaria araucana,araucaria_araucana,Araucaria
Arcella discoides,arcella_discoides,delete
Arceouthobium,arceouthobium,Arceuthobium
Arceuthobium,arceuthobium,Arceuthobium
Architaea multiflora,architaea_multiflora,Archytaea
Archytaea,archytaea,Archytaea
Arctostaphylos,arctostaphylos,Arctostaphylos
Arcytophyllum,arcytophyllum,Arcytophyllum
Arcytophyllum-Type,arcytophyllum_minus_type,Arcytophyllum
Arcytophyllum thymifolium,arcytophyllum_thymifolium,Arcytophyllum
Ardisia,ardisia,Ardisia-type
Arec TL,arec_tl,Arecaceae
Arecac,arecac,Arecaceae
Arecac C1,arecac_c1,Arecaceae
Arecac C3,arecac_c3,Arecaceae
Arecaceae,arecaceae,Arecaceae
Arecaceae-type,arecaceae_type,Arecaceae
Arecaceae - Sabal type,arecaceae_minus_sabal_type,Arecaceae
ARECACEAE (Palmae),arecaceae_palmae,Arecaceae
Arecaceae (Tl tectate),arecaceae_tl_tectate,Arecaceae
Arecaceae (Tl),arecaceae_tl,Arecaceae
Arecaceae (type 1),arecaceae_type_1,Arecaceae
Arecaceae (type 2),arecaceae_type_2,Arecaceae
Arecaceae (type 5),arecaceae_type_5,Arecaceae
Arecaceae (type A),arecaceae_type_a,Arecaceae
Arecaceae (type B),arecaceae_type_b,Arecaceae
Arecaceae (type C),arecaceae_type_c,Arecaceae
Arecaceae (type I),arecaceae_type_i,Arecaceae
Arecaceae (type II),arecaceae_type_ii,Arecaceae
Arecaceae (type III),arecaceae_type_iii,Arecaceae
Arecaceae (type IV),arecaceae_type_iv,Arecaceae
Arecaceae (type V),arecaceae_type_v,Arecaceae
Arecaceae 1,arecaceae_1,Arecaceae
Arecaceae cf. Desmoncus,arecaceae_cf_desmoncus,Arecaceae
Arecaceae cf. Geonoma,arecaceae_cf_geonoma,Arecaceae
Arecaceae cf. Oenocarpus,arecaceae_cf_oenocarpus,Arecaceae
Arecaceae II,arecaceae_ii,Arecaceae
Arecaceae III,arecaceae_iii,Arecaceae
Arecaceae peq lisa,arecaceae_peq_lisa,Arecaceae
Arecaceae sp1,arecaceae_sp1,Arecaceae
Arecaceae sp2,arecaceae_sp2,Arecaceae
Arecaceae Type G,arecaceae_type_g,Arecaceae
Arecaceae Type H,arecaceae_type_h,Arecaceae
Arecaceae type Maximiliana/Copernicia,arecaceae_type_maximiliana_copernicia,Arecaceae
Arecaceae undiff,arecaceae_undiff,Arecaceae
Arecaceae/Bromeliaceae,arecaceae_bromeliaceae,Arecaceae
Arecaceae2,arecaceae2,Arecaceae
Arecaceae3,arecaceae3,Arecaceae
Arecaeae Type P,arecaeae_type_p,Arecaceae
Arecaeae undiff,arecaeae_undiff,Arecaceae
Arecastrum-type,arecastrum_type,Arecastrum-type
Arenaria,arenaria,Caryophyllaceae
Arenaria-t,arenaria_t,Caryophyllaceae
Arenaria-type,arenaria_type,Caryophyllaceae
Arenaria - Caryophillaceae,arenaria_minus_caryophillaceae,Caryophyllaceae
Aristolochia,aristolochia,Aristolochia-type
Aristolochia-t,aristolochia_t,Aristolochia-type
Aristolochiaceae,aristolochiaceae,Aristolochiaceae
Aristoloquia,aristoloquia,Aristolochia-type
Aristotelia,aristotelia,Aristotelia
Aristotelia chilensis,aristotelia_chilensis,Aristotelia chilensis
Arjona,arjona,Arjona
Armeria,armeria,Armeria
Armeria-type,armeria_type,Armeria
Arrabidaea,arrabidaea,Arrabidaea
Arrabidaea-type,arrabidaea_type,Arrabidaea
Arrabidaea (Bignoniaceae),arrabidaea_bignoniaceae,Arrabidaea
Arrabidaea (type 1),arrabidaea_type_1,Arrabidaea
Arrabidaea (type 2),arrabidaea_type_2,Arrabidaea
Arrabidaea form 2,arrabidaea_form_2,Arrabidaea
Arrabidea,arrabidea,Arrabidaea
Artemisia,artemisia,Artemisia
Artemisia-t,artemisia_t,Artemisia
Artemisia-type,artemisia_type,Artemisia
Artemisia tipo 1,artemisia_tipo_1,Artemisia
Asarum leptophyllum,asarum_leptophyllum,Asarum leptophyllum
Asclepiadeae,asclepiadeae,Asclepiadaceae
Aspidosperma,aspidosperma,Aspidosperma
Aspidosperma-type,aspidosperma_type,Aspidosperma
Aspidosperma aff. A. album,aspidosperma_aff_a_album,Aspidosperma
Aspilia,aspilia,Aspilia
Aspleniaceae,aspleniaceae,delete
Asplenium,asplenium,delete
Asplenium-t,asplenium_t,delete
Assulina,assulina,delete
Assulina (H-412),assulina_h_minus_412,delete
Astelia,astelia,Astelia
Astelia pumila,astelia_pumila,Astelia
Asteliaceae,asteliaceae,Liliaceae
Asteoroidae,asteoroidae,Asteraceae
Aster HS,aster_hs,Asteraceae
Aster LS,aster_ls,Asteraceae
Asterac,asterac,Asteraceae
ASTERAC cf. Loricaria-t,asterac_cf_loricaria_t,Loricaria-type
Asterac ligul,asterac_ligul,Asteraceae-Liguliflorae
Asterac Trixys,asterac_trixys,Asteraceae
Asterac tub,asterac_tub,Asteraceae
Asteracea sub. Cichoroideae,asteracea_sub_cichoroideae,Asteraceae-Liguliflorae
Asteraceae,asteraceae,Asteraceae
Asteraceae-Chir,asteraceae_minus_chir,Asteraceae
"Asteraceae-Ligul., Microseris",asteraceae_minus_ligul_microseris,Asteraceae
"Asteraceae-Ligul., Vernonia",asteraceae_minus_ligul_vernonia,Asteraceae
Asteraceae-Tub,asteraceae_minus_tub,Asteraceae
Asteraceae - Ambrosia,asteraceae_minus_ambrosia,Asteraceae
ASTERACEAE - HS,asteraceae_minus_hs,Asteraceae
ASTERACEAE - LS,asteraceae_minus_ls,Asteraceae
Asteraceae (Asteroideae),asteraceae_asteroideae,Asteraceae
Asteraceae (baculate),asteraceae_baculate,Asteraceae
Asteraceae (Chiliotrichum type),asteraceae_chiliotrichum_type,Asteraceae
Asteraceae (clavate),asteraceae_clavate,Asteraceae
Asteraceae (form type Ambrosia),asteraceae_form_type_ambrosia,Ambrosia-type
Asteraceae (high spine),asteraceae_high_spine,Asteraceae
Asteraceae (lig),asteraceae_lig,Asteraceae-Liguliflorae
Asteraceae (liguliflora),asteraceae_liguliflora,Asteraceae-Liguliflorae
Asteraceae (Liguliflorae),asteraceae_liguliflorae,Asteraceae-Liguliflorae
Asteraceae (low spine),asteraceae_low_spine,Asteraceae
Asteraceae (Mutisia type),asteraceae_mutisia_type,Mutisia-type
Asteraceae (Senecio type),asteraceae_senecio_type,Asteraceae
Asteraceae (Tub.),asteraceae_tub,Asteraceae
Asteraceae (tubiliflora),asteraceae_tubiliflora,Asteraceae
Asteraceae (Tubuliflorae) 1,asteraceae_tubuliflorae_1,Asteraceae
Asteraceae (Tubuliflorae) 2,asteraceae_tubuliflorae_2,Asteraceae
Asteraceae (Tubuliflorae) 3,asteraceae_tubuliflorae_3,Asteraceae
Asteraceae (type 1),asteraceae_type_1,Asteraceae
Asteraceae (type 1C),asteraceae_type_1c,Asteraceae
Asteraceae (type 2),asteraceae_type_2,Asteraceae
Asteraceae (type 2C),asteraceae_type_2c,Asteraceae
Asteraceae (type 3C),asteraceae_type_3c,Asteraceae
Asteraceae (type 4C),asteraceae_type_4c,Asteraceae
Asteraceae (undiff.),asteraceae_undiff,Asteraceae
Asteraceae 1,asteraceae_1,Asteraceae
Asteraceae 9365,asteraceae_9365,Asteraceae
Asteraceae aff. Ambrosia,asteraceae_aff_ambrosia,Ambrosia-type
Asteraceae All,asteraceae_all,Asteraceae
Asteraceae As,asteraceae_as,Asteraceae
Asteraceae Baccaris-type,asteraceae_baccaris_type,Asteraceae
Asteraceae cf. Ambrosia,asteraceae_cf_ambrosia,Ambrosia-type
Asteraceae cf. Ast. Heliantheae,asteraceae_cf_ast_heliantheae,Asteraceae
Asteraceae cf. Ast. Inulae,asteraceae_cf_ast_inulae,Asteraceae-Liguliflorae
Asteraceae cf. Mutisia,asteraceae_cf_mutisia,Mutisia-type
Asteraceae cf. Perezia,asteraceae_cf_perezia,Perezia-type
Asteraceae cf. Tessaria,asteraceae_cf_tessaria,Asteraceae
Asteraceae Cichorioideae,asteraceae_cichorioideae,Asteraceae-Liguliflorae
Asteraceae esp largas,asteraceae_esp_largas,Asteraceae
Asteraceae espinas cortas,asteraceae_espinas_cortas,Asteraceae
Asteraceae espinos cortos,asteraceae_espinos_cortos,Asteraceae
Asteraceae fenestarda,asteraceae_fenestarda,Asteraceae-Liguliflorae
Asteraceae high3,asteraceae_high3,Asteraceae
Asteraceae high4,asteraceae_high4,Asteraceae
Asteraceae high5,asteraceae_high5,Asteraceae
Asteraceae Ligu,asteraceae_ligu,Asteraceae-Liguliflorae
Asteraceae low3,asteraceae_low3,Asteraceae
Asteraceae low4,asteraceae_low4,Asteraceae
Asteraceae low5,asteraceae_low5,Asteraceae
Asteraceae low6,asteraceae_low6,Asteraceae
Asteraceae luguliflora,asteraceae_luguliflora,Asteraceae-Liguliflorae
Asteraceae multiple high (Aster),asteraceae_multiple_high_aster,Asteraceae
Asteraceae multiple low,asteraceae_multiple_low,Asteraceae
Asteraceae Mutisiae,asteraceae_mutisiae,Mutisia-type
Asteraceae pequeña,asteraceae_pequena,Asteraceae
Asteraceae sub. Tub.,asteraceae_sub_tub,Asteraceae
Asteraceae subf Asteroideae,asteraceae_subf_asteroideae,Asteraceae
Asteraceae subf Cichorioideae,asteraceae_subf_cichorioideae,Asteraceae-Liguliflorae
Asteraceae Subf. Cichorioidae,asteraceae_subf_cichorioidae,Asteraceae-Liguliflorae
Asteraceae Subf. Cichorioidea,asteraceae_subf_cichorioidea,Asteraceae-Liguliflorae
Asteraceae subf. Cichoroideae,asteraceae_subf_cichoroideae,Asteraceae-Liguliflorae
Asteraceae subf. Mutisiae,asteraceae_subf_mutisiae,Mutisia-type
Asteraceae subfam Asteroidea,asteraceae_subfam_asteroidea,Asteraceae
Asteraceae subfam Liguliflorae,asteraceae_subfam_liguliflorae,Asteraceae-Liguliflorae
Asteraceae Subfam. Asteroideae,asteraceae_subfam_asteroideae,Asteraceae
Asteraceae suf. Asteroideae,asteraceae_suf_asteroideae,Asteraceae
Asteraceae thick spines,asteraceae_thick_spines,Asteraceae
Asteraceae tipo 1,asteraceae_tipo_1,Asteraceae
Asteraceae tipo 8-9,asteraceae_tipo_8_minus_9,Asteraceae
Asteraceae tubuliflora,asteraceae_tubuliflora,Asteraceae
Asteraceae Type 5,asteraceae_type_5,Asteraceae
Asteraceae/Asterioidae,asteraceae_asterioidae,Asteraceae
Asteraceae/Cichorioidae,asteraceae_cichorioidae,Asteraceae-Liguliflorae
Asteraceae/Tubuliflorae (Asteroideae),asteraceae_tubuliflorae_asteroideae,Asteraceae
Asteraceaesub. Ligul.,asteraceaesub_ligul,Asteraceae-Liguliflorae
Asterales,asterales,Asteraceae
Asteroideae,asteroideae,Asteraceae
Asteroideae (long spine),asteroideae_long_spine,Asteraceae
Asteroideae (short spine),asteroideae_short_spine,Asteraceae
Asteroideae undiff.,asteroideae_undiff,Asteraceae
Astragalus,astragalus,Astragalus-type
Astragalus-type,astragalus_type,Astragalus-type
Astrocarium,astrocarium,Astrocaryum
Astrocaryum,astrocaryum,Astrocaryum
Astrocasia,astrocasia,Astrocasia
Astronium,astronium,Astronium
Astronium-t,astronium_t,Astronium-type
Astronium-t (H-190),astronium_t_h_minus_190,Astronium-type
Astronium-type,astronium_type,Astronium-type
Astronium concinnum,astronium_concinnum,Astronium concinnum
Astronium fraxinifolium (type 3),astronium_fraxinifolium_type_3,Astronium fraxinifolium
Astronium fraxinifolium (type 5),astronium_fraxinifolium_type_5,Astronium fraxinifolium
Atallea,atallea,Attalea
Atamisquea,atamisquea,Atamisquea
Athyriaceae,athyriaceae,delete
Attalea,attalea,Attalea
Attalea-t,attalea_t,Attalea
Attalea-type (palm),attalea_type_palm,Attalea
Austrocedrus chilensis-type,austrocedrus_chilensis_type,Libocedrus chilensis
Averrhoa,averrhoa,Averrhoa
Avicennia,avicennia,Avicennia
Avicennia germinans,avicennia_germinans,Avicennia
Avicennia sp.,avicennia_sp,Avicennia
Ayenia,ayenia,Ayenia
Ayennia/Byttneria,ayennia_byttneria,Ayenia
Azara,azara,Azara
Azolla,azolla,delete
Azolla filiculiodes,azolla_filiculiodes,delete
Azolla filiculoides,azolla_filiculoides,delete
Azorella,azorella,Azorella-type
Bacchari,bacchari,delete
Baccharis,baccharis,Asteraceae
Baccharis-type,baccharis_type,Asteraceae
Baccharis-Type,baccharis_minus_type,Asteraceae
Baccharis A-type,baccharis_a_type,Asteraceae
Baccharis B-type,baccharis_b_type,Asteraceae
Bacopa,bacopa,delete
Bactris,bactris,Bactris-type
Bactris-type,bactris_type,Bactris-type
Balanitaceae,balanitaceae,Zygophyllaceae
Balanophoraceae cf. Langsdorffia,balanophoraceae_cf_langsdorffia,Balanophoraceae
Balbisia,balbisia,Balbisia-type
Balbisia-type,balbisia_type,Balbisia-type
Balfourodendron,balfourodendron,Balfourodendron
Balsaminaceae,balsaminaceae,Balsaminaceae
Banara,banara,Banara
Banara-type,banara_type,Banara
Banara-type (Salicaceae),banara_type_salicaceae,Banara
Banara guianensis,banara_guianensis,Banara guianensis
Banara t.,banara_t,Banara
Banara/Xylosma,banara_xylosma,Banara
Banara/Xylosma-type,banara_xylosma_type,Banara
Banisteriopsis,banisteriopsis,Banisteriopsis
Bartsia-type,bartsia_type,Bartsia-type
Bathysa,bathysa,Bathysa
Batis,batis,Batis
Bauhinia,bauhinia,Bauhinia-type
Bauhinia bicuspidata-type,bauhinia_bicuspidata_type,Bauhinia bicuspidata
Bauhinia guianensis,bauhinia_guianensis,Bauhinia guianensis
Bauhinia microstachya-type,bauhinia_microstachya_type,Bauhinia microstachya
Bauhinia reflexa-type,bauhinia_reflexa_type,Bauhinia reflexa
Begonia,begonia,Begonia
Begonia-t,begonia_t,Begonia
Begonia-type,begonia_type,Begonia
Begonia-Type,begonia_minus_type,Begonia
Begonia guiadiensis,begonia_guiadiensis,Begonia guiadiensis
Begonia patula,begonia_patula,Begonia patula
Begoniaceae,begoniaceae,Begonia
Bellucia (Melast),bellucia_melast,Bellucia
Berberidaceae,berberidaceae,Berberis-type
Berberis,berberis,Berberis-type
Berberis spp.,berberis_spp,Berberis-type
Bernardia cf. B. pulchella,bernardia_cf_b_pulchella,Bernardia
Berteria,berteria,Bertiera
Bertiera,bertiera,Bertiera
Betula,betula,Betula
Betulaceae,betulaceae,Betulaceae
Betulaceae ALL,betulaceae_all,Betulaceae
Betulaceae Alnus Type 1,betulaceae_alnus_type_1,Alnus
Bidens,bidens,Asteraceae
Bignonaceae,bignonaceae,Bignoniaceae
Bignonia-type,bignonia_type,Bignonia-type
Bignonia cf. B. neoheterophylla,bignonia_cf_b_neoheterophylla,Bignonia-type
Bignoniaceae,bignoniaceae,Bignonia-type
Bignoniaceae  T-I,bignoniaceae_t_minus_i,Bignonia-type
Bignoniaceae (P4),bignoniaceae_p4,Bignonia-type
Bignoniaceae (ret C6-8),bignoniaceae_ret_c6_minus_8,Bignonia-type
Bignoniaceae T-II,bignoniaceae_t_minus_ii,Bignonia-type
Bignoniaceae undiff.,bignoniaceae_undiff,Bignonia-type
Bigonia,bigonia,Bignonia-type
Billia,billia,Billia
Biophytum-t,biophytum_t,Biophytum
Bistorta officinalis-type,bistorta_officinalis_type,Polygonum bistorta
Bittneria,bittneria,delete
Bixa,bixa,Bixa
Blech im,blech_im,delete
Blechnaceae type,blechnaceae_type,delete
Blechnum,blechnum,delete
Blechnum-t,blechnum_t,delete
Blechnum-type,blechnum_type,delete
Blechnum-Type,blechnum_minus_type,delete
Blechnum occidentale,blechnum_occidentale,delete
Blechnum small,blechnum_small,delete
Blechnum tipo,blechnum_tipo,delete
Blepharanda-type,blepharanda_type,Blepharandra
Blepharandra,blepharandra,Blepharandra
Blepharandra 1 (Byrsonima)),blepharandra_1_byrsonima,Blepharandra
Blepharandra fimbriata,blepharandra_fimbriata,Blepharandra
Blepharodon,blepharodon,Blepharodon
Bocconia,bocconia,Bocconia
Bocconia-type,bocconia_type,Bocconia
Bocconia integrifolia-Type,bocconia_integrifolia_minus_type,Bocconia
Bocconiat,bocconiat,Bocconia
Bocoa,bocoa,Bocoa
Bohemeria,bohemeria,Boehmeria
Bolax,bolax,Azorella-type
Bomarea,bomarea,Bomarea-type
Bomarea-t,bomarea_t,Bomarea-type
Bomarea-type,bomarea_type,Bomarea-type
Bombacaceae,bombacaceae,Bombacaceae
BOMBACACEAE-t,bombacaceae_t,Bombacaceae
Bombacaceae (Ceiba-t),bombacaceae_ceiba_t,Ceiba-type
Bombacaceae 65µm,bombacaceae_65mu_m,Bombacaceae
Bombaceae,bombaceae,Bombacaceae
Bombacoideae,bombacoideae,Bombacaceae
Bombacoideae undiff.,bombacoideae_undiff,Bombacaceae
Bombacopsis-type,bombacopsis_type,Bombacopsis
Bombax,bombax,Bombax
Bombax-type,bombax_type,Bombax
Bombax (type 2),bombax_type_2,Bombax
Bombax coriaceum-type,bombax_coriaceum_type,Coriaceum-type
Bombax undiff.,bombax_undiff,Bombax
Bonamia,bonamia,Bonamia
Bonamia-type,bonamia_type,Bonamia
Bonnetia,bonnetia,Bonnetia
Bonnetia lanceifolia,bonnetia_lanceifolia,Bonnetia lanceifolia
Bonnetia roraimae,bonnetia_roraimae,Bonnetia roraimae
Bonnetia sessilis,bonnetia_sessilis,Bonnetia sessilis
"Bonyunia,",bonyunia,Bonyunia
Boquila,boquila,Lamiaceae
Boraginaceae,boraginaceae,Boraginaceae
Boraginaceae (type 1),boraginaceae_type_1,Boraginaceae
Boraginaceae undiff.,boraginaceae_undiff,Boraginaceae
Boraginales  cf. Cordia,boraginales_cf_cordia,Cordia
Borerria,borerria,Borreria
Borerria latifolia-type,borerria_latifolia_type,Borreria latifolia
Borismene,borismene,Borismene
Borraginaceae,borraginaceae,Boraginaceae
Borre kl,borre_kl,delete
Borre mi,borre_mi,delete
Borreira,borreira,Borreria
Borreria,borreria,Borreria
Borreria-t,borreria_t,Borreria
Borreria-type,borreria_type,Borreria
Borreria (Rub),borreria_rub,Borreria
Borreria densiflora,borreria_densiflora,Borreria densiflora
Borreria gr,borreria_gr,Borreria
Borreria I (small),borreria_i_small,Borreria
Borreria II (medium),borreria_ii_medium,Borreria
Borreria latifolia-type,borreria_latifolia_type,Borreria latifolia
Borreria sp. (Rubiaceae),borreria_sp_rubiaceae,Borreria
Botriococcus,botriococcus,delete
Botrychium,botrychium,delete
Botrychium-type,botrychium_type,delete
Botryoccoccus,botryoccoccus,delete
Botryoccos,botryoccos,delete
Botryococ,botryococ,delete
Botryococcus,botryococcus,delete
Botryococcus sp.,botryococcus_sp,delete
Botryococus,botryococus,delete
Bougainvillea,bougainvillea,Bougainvillea
Bougainvillea sp.,bougainvillea_sp,Boigainvillea
Bowdichia,bowdichia,Bowdichia-type
Bowdichia-t,bowdichia_t,Bowdichia-type
Brahea-t,brahea_t,Brahea-type
Brassica,brassica,Brassicaceae
Brassica (type 1),brassica_type_1,Brassicaceae
Brassicac,brassicac,Brassicaceae
Brassicacea,brassicacea,Brassicaceae
Brassicaceae,brassicaceae,Brassicaceae
Brassicaceae-type,brassicaceae_type,Brassicaceae
Brassicaceae (27 µm),brassicaceae_27_mu_m,Brassicaceae
Brassicaceae (type A),brassicaceae_type_a,Brassicaceae
Brassicaceae aff. Lepidium,brassicaceae_aff_lepidium,Brassicaceae
Brassicaceae t Draba,brassicaceae_t_draba,Brassicaceae
Brassicaceae type,brassicaceae_type_2,Brassicaceae
Brassicaceae Type 1,brassicaceae_type_1,Brassicaceae
Brassicaceae Type 3,brassicaceae_type_3,Brassicaceae
Brassicaceae Type 4,brassicaceae_type_4,Brassicaceae
Brassicaceae undiff.,brassicaceae_undiff,Brassicaceae
Bravaisia,bravaisia,Bravaisia
Bravaisia sp. (Acanthaceae),bravaisia_sp_acanthaceae,Bravaisia
Bravaisia tubiflora,bravaisia_tubiflora,Bravaisia tubiflora
Brickellia,brickellia,Brickellia-type
Briophyta,briophyta,delete
Brocchinia,brocchinia,Brocchinia
Brocchinia/Nietneria,brocchinia_nietneria,Brocchinia nietneria
Brochinia,brochinia,Brocchinia
Broken,broken,delete
Broken grains,broken_grains,delete
Broken Not Grass,broken_not_grass,delete
Bromelia,bromelia,Bromeliaceae
Bromelia - Bromeliaceae,bromelia_minus_bromeliaceae,Bromeliaceae
Bromeliac,bromeliac,Bromeliaceae
Bromeliaceae,bromeliaceae,Bromeliaceae
Bromeliaceae (Puya),bromeliaceae_puya,Puya
Bromeliaceae (type 1),bromeliaceae_type_1,Bromeliaceae
Bromeliaceae (type 2),bromeliaceae_type_2,Bromeliaceae
Bromeliaceae cf. Tillandsia,bromeliaceae_cf_tillandsia,Tillandsia
Bromeliaceae undiff.,bromeliaceae_undiff,Bromeliaceae
Bromeliaceae/Agavoidea,bromeliaceae_agavoidea,Bromeliaceae
Brosimum,brosimum,Brosimum
Brosimum-t,brosimum_t,Brosimum
Brosimum alicastrum,brosimum_alicastrum,Brosimum alicastrum
Brosimum alicastrum boliviensis,brosimum_alicastrum_boliviensis,Brosimum alicastrum
Brosimun,brosimun,Brosimum
Brosimun alicastrum,brosimun_alicastrum,Brosimum alicastrum
Broussonetia papyrifera-type,broussonetia_papyrifera_type,Broussonetia papyrifera
Browneopsis ucayalina (smaller),browneopsis_ucayalina_smaller,Browneopsis ucayalina
Brunellia,brunellia,Brunellia
Brunellia-type,brunellia_type,Brunellia
Bryophyta,bryophyta,delete
Bryophyte,bryophyte,delete
Bryospore,bryospore,delete
Buchnera,buchnera,Buchnera
Buchnera lavandula,buchnera_lavandula,Buchnera lavandula
Bucida sp,bucida_sp,Bucida-type
Buddleja,buddleja,Buddleja-type
Buddleja-type,buddleja_type,Buddleja-type
Buddlejaceae (cf. )Buddleja,buddlejaceae_cf_buddleja,Buddleja-type
Buddleya,buddleya,Buddleja-type
Bumelia-type,bumelia_type,Bumelia-type
Bunchosia,bunchosia,Bunchosia-type
Bunchosia-type,bunchosia_type,Bunchosia-type
Bunchosia armeniaca-type,bunchosia_armeniaca_type,Bunchosia-type
Burmannia,burmannia,Burmannia
Bursera,bursera,Bursera-type
Bursera-t,bursera_t,Bursera-type
Bursera-type,bursera_type,Bursera-type
Bursera microphylla,bursera_microphylla,Bursera microphylla
Bursera simaruba,bursera_simaruba,Bursera simaruba
Bursera sp,bursera_sp,Bursera-type
Burseraceae,burseraceae,Burseraceae
Burseraceae cf. Bursera,burseraceae_cf_bursera,Bursera-type
Burseraceae cf. Protium,burseraceae_cf_protium,Protium-type
Burseraceae prolate,burseraceae_prolate,Burseraceae
Burseraceae undiff.,burseraceae_undiff,Burseraceae
Butia capitata,butia_capitata,Butia capitata
Buxaceae,buxaceae,Buxaceae
Buxaceae ALL,buxaceae_all,Buxaceae
Buxaceae Type 1CF Styloceras,buxaceae_type_1cf_styloceras,Styloceras
Buxus,buxus,Buxus
Byrsonima,byrsonima,Byrsonima
Byrsonima-t,byrsonima_t,Byrsonima
Byrsonima-type,byrsonima_type,Byrsonima
Byrsonima sp,byrsonima_sp,Byrsonima
Byrsonima sp1,byrsonima_sp1,Byrsonima
Byttneria,byttneria,Byttneria-type
C(P)3 ret semitect 30x23µm,c_p_3_ret_semitect_30x23mu_m,delete
C3 crauh,c3_crauh,delete
C3 fin ret,c3_fin_ret,delete
C3 microret 23µm,c3_microret_23mu_m,delete
C3 psil 17µm,c3_psil_17mu_m,delete
C3 psil 20x12µm,c3_psil_20x12mu_m,delete
C3 psil 32µm,c3_psil_32mu_m,delete
C3 ret homobr 18µm,c3_ret_homobr_18mu_m,delete
C3 ret lang,c3_ret_lang,delete
C3 rugulate,c3_rugulate,delete
C3 scabr 16µm,c3_scabr_16mu_m,delete
C3 scabr tect 32µm,c3_scabr_tect_32mu_m,delete
C3 syn gran 33µm,c3_syn_gran_33mu_m,delete
C3 verr small,c3_verr_small,delete
c3p3 dp,c3p3_dp,delete
C3P3 heterob,c3p3_heterob,delete
C3P3 lisse emarg,c3p3_lisse_emarg,delete
Cabomba,cabomba,delete
Cabralea,cabralea,Cabralea-type
Cabralea-t,cabralea_t,Cabralea-type
Cactaceae,cactaceae,Cactaceae
Caesalp lis,caesalp_lis,Caesalpiniaceae
Caesalpinaceae (others),caesalpinaceae_others,Caesalpiniaceae
Caesalpinia,caesalpinia,Caesalpiniaceae
Caesalpinia sp. (Fabaceae),caesalpinia_sp_fabaceae,Caesalpiniaceae
Caesalpinia/Cenostigma,caesalpinia_cenostigma,Caesalpinia cenostigma
Caesalpinioideae,caesalpinioideae,Caesalpiniaceae
Caesalpinioideae (18 µm),caesalpinioideae_18_mu_m,Ceasalpiniaceae
Caesalpinioideae (26 µm),caesalpinioideae_26_mu_m,Caesalpiniaceae
Caesalpinioideae (microreticulate),caesalpinioideae_microreticulate,Caesalpiniaceae
Caesalpinioideae (type 22),caesalpinioideae_type_22,Caesalpiniaceae
Caesalpinioideae cf. Senna,caesalpinioideae_cf_senna,Caesalpiniaceae
Caesalpinioideae undiff.,caesalpinioideae_undiff,Caesalpiniaceae
Caesalpinoideae,caesalpinoideae,Caesalpiniaceae
Caesarea,caesarea,Caesarea
Caesolpinoidea,caesolpinoidea,Caesalpiniaceae
Calandrinia,calandrinia,Calandrinia
Calandrinia affinis-type (porate),calandrinia_affinis_type_porate,Calandrinia
Calathea,calathea,Calathea
Calathea 2,calathea_2,Calathea
Calcceolaria,calcceolaria,Calceolaria-type
Calceolaria,calceolaria,Calceolaria-type
Calceolaria-t,calceolaria_t,Calceolaria-type
Calceolaria-type,calceolaria_type,Calceolaria-type
Calceolariaceae,calceolariaceae,Calceolariaceae
Caldcluvia paniculata,caldcluvia_paniculata,Caldcluvia paniculata
Caliceraceae,caliceraceae,Calyceraceae
Calliandra,calliandra,Calliandra
Callitriche,callitriche,delete
Calophyllum,calophyllum,Calophyllum
Caltha,caltha,Caltha
Caltha-type,caltha_type,Caltha
Caltha sp.,caltha_sp,Caltha
Calycera,calycera,Calyceraceae
Calyceraceae,calyceraceae,Calyceraceae
Calycolpus,calycolpus,Calycolpus
Calycophyllum,calycophyllum,Calycophyllum
Calyptranthes sp,calyptranthes_sp,Calyptranthes
Calyptrocarya,calyptrocarya,Calyptrocarya
Campanula,campanula,Campanulaceae
Campanulaceae,campanulaceae,Campanulaceae
Campanulaceae (type A),campanulaceae_type_a,Campanulaceae
Campanulaceae (type B),campanulaceae_type_b,Campanulaceae
Campanulaceae undiff.,campanulaceae_undiff,Campanulaceae
Campnosperma,campnosperma,Campnosperma-type
Campnosperma-type (Anacardiaceae),campnosperma_type_anacardiaceae,Campnosperma-type
Campylodium,campylodium,delete
Campylopus,campylopus,delete
Canavalia-type,canavalia_type,Canavalia-type
Canna,canna,Canna
Cannabis,cannabis,Cannabis
Caperonia,caperonia,Caperonia
Capparaceae,capparaceae,Capparidaceae
Capparidaceae,capparidaceae,Capparidaceae
Capparis,capparis,Capparis-type
Capparis-type,capparis_type,Capparis-type
Caprifoliaceae/Amanoa,caprifoliaceae_amanoa,Amanoa
Capsicum,capsicum,Capsicum
Caraipa,caraipa,Caraipa
Carapa,carapa,Carapa-type
Carapa-t,carapa_t,Carapa-type
Carapa (Meliac),carapa_meliac,Carapa-type
Carapa (Meliaceae),carapa_meliaceae,Carapa-type
Cardamine,cardamine,Cardamine
Carduoideae,carduoideae,Asteraceae
Carduus,carduus,Asteraceae
Carludovica,carludovica,Carludovica
Carpinus,carpinus,Carpinus
Carpinus-type,carpinus_type,Carpinus/Ostrya
Carya,carya,Carya
Caryocar,caryocar,Caryocar
Caryocar brasiliense,caryocar_brasiliense,Caryocar brasiliense
Caryocaraceae,caryocaraceae,Caryocaraceae
Caryodendron,caryodendron,Caryodendron
Caryophillaceae,caryophillaceae,Caryophyllaceae
Caryophy,caryophy,Caryophyllaceae
Caryophylaceae,caryophylaceae,Caryophyllaceae
Caryophyllac,caryophyllac,Caryophyllaceae
Caryophyllaceae,caryophyllaceae,Caryophyllaceae
Caryophyllaceae (Arenaria type),caryophyllaceae_arenaria_type,Caryophyllaceae
Caryophyllaceae (Colobanthus type),caryophyllaceae_colobanthus_type,Caryophyllaceae
Caryophyllaceae ALL,caryophyllaceae_all,Caryophyllaceae
Caryophyllaceae Type 1,caryophyllaceae_type_1,Caryophyllaceae
Caryophyllaceae Type 2,caryophyllaceae_type_2,Caryophyllaceae
Caryophyllaceae Type 3,caryophyllaceae_type_3,Caryophyllaceae
Caryophyllaceae Type 4,caryophyllaceae_type_4,Caryophyllaceae
Caryophyllaceae undiff.,caryophyllaceae_undiff,Caryophyllaceae
Casearia,casearia,Casearia
Casearia-t,casearia_t,Casearia
Casearia-type,casearia_type,Casearia
Casearia (Flacour),casearia_flacour,Casearia
Casearia cf. C. arborea,casearia_cf_c_arborea,Casearia
Casearia cf. C. sylvestris,casearia_cf_c_sylvestris,Casearia
Casearia commersoniana-type,casearia_commersoniana_type,Casearia
Casearia guianensis-type,casearia_guianensis_type,Casearia
Casearia liss,casearia_liss,Casearia
Casearia sp. (form1),casearia_sp_form1,Casearia
Casearia sp1,casearia_sp1,Casearia
Casearia sylvestris-type,casearia_sylvestris_type,Casearia
Casearia4CP,casearia4cp,Casearia
Caseria commersoniana-type,caseria_commersoniana_type,Casearia
Casiporea-type,casiporea_type,Cassipourea
Cassia,cassia,Cassia-type
Cassia-t,cassia_t,Cassia-type
Cassia-type,cassia_type,Cassia-type
Cassia (type 2),cassia_type_2,Cassia-type
Cassia form 1,cassia_form_1,Cassia-type
Cassia form 3,cassia_form_3,Cassia-type
Cassia/Senna,cassia_senna,Cassia-type
Cassiope,cassiope,Ericaceae
Cassiporea,cassiporea,Cassipourea
Cassipourea,cassipourea,Cassipourea
Castilla-type,castilla_type,Castilla
Castilla elastica,castilla_elastica,Castilla elastica
Castilleja,castilleja,Castilleja
Casuarina,casuarina,Casuarina
Catostema,catostema,Catostemma
Catostemma,catostemma,Catostemma
Cavanillesia,cavanillesia,Cavanillesia
Cayaponia,cayaponia,Cayaponia-type
Cayaponia-type,cayaponia_type,Cayaponia-type
Cayaponia (cucurb),cayaponia_cucurb,Cayaponia-type
Cecropia,cecropia,Cecropia
Cecropia-type,cecropia_type,Cecropia
Cecropia - Cecropiaceae,cecropia_minus_cecropiaceae,Cecropia
Cecropia (Coussapoa),cecropia_coussapoa,Cecropia
Cecropia (Moraceae),cecropia_moraceae,Cecropia
Cecropia (type 1),cecropia_type_1,Cecropia
Cecropia 1,cecropia_1,Cecropia
Cecropia 2,cecropia_2,Cecropia
Cecropia peltata,cecropia_peltata,Cecropia
Cecropia sp. (Urticaceae),cecropia_sp_urticaceae,Cecropia
Cedrela,cedrela,Cedrela
Cedrela-type,cedrela_type,Cedrela
Cedrela cf. C. fissilis,cedrela_cf_c_fissilis,Cedrela
Ceiba,ceiba,Ceiba
Celastium/Stellaria,celastium_stellaria,Caryophyllaceae
Celastraceae,celastraceae,Celastraceae
Celastraceae undiff.,celastraceae_undiff,Celastraceae
Celtis,celtis,Celtis
Celtis-t,celtis_t,Celtis
Celtis-type,celtis_type,Celtis
Celtis-type (Ulmaceae),celtis_type_ulmaceae,Celtis
Celtis (tetraporate),celtis_tetraporate,Celtis
Celtis (type 1),celtis_type_1,Celtis
Celtis (type 2),celtis_type_2,Celtis
Celtis (type 3),celtis_type_3,Celtis
Celtis (type 4),celtis_type_4,Celtis
Celtis 3P,celtis_3p,Celtis
Celtis 4P,celtis_4p,Celtis
Celtis 5P,celtis_5p,Celtis
Celtis iguaneae,celtis_iguaneae,Celtis iguaneae
Celtis sp,celtis_sp,Celtis
Celtis tala,celtis_tala,Celtis tala
Celtis undiff.,celtis_undiff,Celtis
Centaurea,centaurea,Cantaurea
Centrolobium-t,centrolobium_t,Centrolobium
Centrolobium sp.,centrolobium_sp,Centrolobium
Centropogon,centropogon,Centropogon
Centropogon type (Campanul),centropogon_type_campanul,Centropogon
Centrosema,centrosema,Centrosema-type
Cephaelis tomentosa,cephaelis_tomentosa,Cephaelis tomentosa
Cerastium,cerastium,Caryophyllaceae
Cerastium-type,cerastium_type,Caryophyllaceae
Cerathoxylum-type,cerathoxylum_type,delete
Ceratophyllum,ceratophyllum,delete
Ceratopsis,ceratopsis,Ceratopteris
Ceratopteris,ceratopteris,Ceratopteris
Cercidium praecox,cercidium_praecox,Cercidium
Cercophora-type,cercophora_type,delete
Cereal-type,cereal_type,Cerealia
Cereals,cereals,Cerealia
Ceroxylon,ceroxylon,Ceroxylon
Cespedesia,cespedesia,Cespedesia
Cespedesia-t,cespedesia_t,Cespedesia
Cestrum,cestrum,Cestrum
Cestrum (type 2),cestrum_type_2,Cestrum
Cestrum sp2,cestrum_sp2,Cestrum
Cestrum undiff.,cestrum_undiff,Cestrum
cf Ericaceae psi small circ fine,cf_ericaceae_psi_small_circ_fine,Ericaceae
cf Euphorbiaceae,cf_euphorbiaceae,Euphorbiaceae
cf Fabaceae,cf_fabaceae,Fabaceae
cf Fla c3p3,cf_fla_c3p3,delete
cf Luhea,cf_luhea,Luehea-type
cf Matayba (Sapind),cf_matayba_sapind,Matayba-type
cf Panopsis (Proteaceae),cf_panopsis_proteaceae,Panopsis
cf Prosopis,cf_prosopis,Prosopis-type
cf Quercus,cf_quercus,Quercus
cf Rapanea,cf_rapanea,Rapanea
cf Rhamnaceae,cf_rhamnaceae,Rhamnaceae
cf Rubiaceae,cf_rubiaceae,Rubiaceae
cf Sabicea (Rubiaceae),cf_sabicea_rubiaceae,Sabicea-type
cf Sapindaceae,cf_sapindaceae,Sapindaceae
cf Sapium,cf_sapium,Sapium-type
cf Sphagnum,cf_sphagnum,delete
cf Zornia,cf_zornia,Zornia-type
cf. Actinostemnon,cf_actinostemnon,Actinostemon-type
cf. Aegiphila,cf_aegiphila,Aegiphila-type
cf. Ambrosia,cf_ambrosia,Ambrosia-type
cf. Anthurium,cf_anthurium,Anthurium-type
cf. Apeiba tibourbou,cf_apeiba_tibourbou,Apeiba-type
cf. Apiaceae,cf_apiaceae,Apiaceae
cf. Apium,cf_apium,Apium-type
cf. Araceae,cf_araceae,Araceae
cf. Ardisia,cf_ardisia,Ardisia-type
cf. Azorella,cf_azorella,Azorella-type
cf. Balbisia,cf_balbisia,Balbisia-type
cf. Bauhinia,cf_bauhinia,Bauhinia-type
cf. Bignonia,cf_bignonia,Bignonia-type
cf. Bomarea,cf_bomarea,Bomarea-type
cf. Borreria (pore),cf_borreria_pore,Borreria
cf. Buddleja,cf_buddleja,Buddleja-type
cf. Calceolaria,cf_calceolaria,Calceolaria-type
cf. Campnosperma,cf_campnosperma,Campnosperma-type
cf. Carapa,cf_carapa,Carapa-type
cf. Casearia,cf_casearia,Casearia
cf. Cassia,cf_cassia,Cassia-type
cf. Cayaponia (p3 ech),cf_cayaponia_p3_ech,Cayaponia-type
cf. Cedrela,cf_cedrela,Cedrela-type
cf. Cf Clusia,cf_cf_clusia,Clusia-type
cf. Chamaesyce,cf_chamaesyce,Chamaesyce-type
cf. Chelyocarpus,cf_chelyocarpus,Chelyocarpus-type
cf. Clusia,cf_clusia,Clusia-type
cf. Combretaceae,cf_combretaceae,Melastomataceae
cf. Copaifera,cf_copaifera,Copaifera-type
cf. Corchorus,cf_corchorus,Corchorus-type
cf. Couratari,cf_couratari,Couratari-type
cf. Cupressaceae,cf_cupressaceae,Cupressaceae
cf. Curatella,cf_curatella,Curatella
cf. Daphne,cf_daphne,Daphne-type
cf. Ephedra,cf_ephedra,Ephedra
cf. Ercilla spicata,cf_ercilla_spicata,Ercilla
"cf. Ericaceae (psilate, small, circular, fine)",cf_ericaceae_psilate_small_circular_fine,Ericaceae
cf. Eriogonum,cf_eriogonum,Eriogonum-type
cf. Euterpe,cf_euterpe,Euterpe-type
cf. Fabaceae (type 1),cf_fabaceae_type_1,Fabaceae
cf. Fabaceae (type 2),cf_fabaceae_type_2,Fabaceae
cf. Fabaceae (type 3),cf_fabaceae_type_3,Fabaceae
cf. Guazuma,cf_guazuma,Guazuma-type
cf. Hamelia,cf_hamelia,Hamelia-type
cf. Hedyosmum-type,cf_hedyosmum_type,Hedyosmum
cf. Heisteria,cf_heisteria,Heisteria-type
cf. Hyptis,cf_hyptis,Hyptis-type
cf. Icacianaceae,cf_icacianaceae,Icacinaceae
cf. Juglans,cf_juglans,Juglans
cf. Juncaginaceae,cf_juncaginaceae,Juncaginaceae
cf. Juniperus,cf_juniperus,Cupressaceae
cf. Lachemilla,cf_lachemilla,Lachemilla-type
cf. Leicontea,cf_leicontea,delete
cf. Lonchocarpus,cf_lonchocarpus,Lonchocarpus-type
cf. Macherium (type 7),cf_macherium_type_7,Machaerium-type
cf. Meliaceae,cf_meliaceae,Meliaceae
cf. Menispermaceae,cf_menispermaceae,Menispermaceae
cf. Microtea,cf_microtea,Microtea-type
cf. mimosoid clade,cf_mimosoid_clade,Mimosaceae
cf. Myrsine (tricolpate),cf_myrsine_tricolpate,Myrsine
cf. Myrsinoideae,cf_myrsinoideae,Myrsinaceae
cf. Oxalis,cf_oxalis,Oxalis-type
cf. Paesia viscosa-Type,cf_paesia_viscosa_minus_type,delete
cf. Palicourea,cf_palicourea,Palicourea-type
cf. Pandanaceae Freycinetia,cf_pandanaceae_freycinetia,Freycinetia-type
cf. Passiflora/Cordia,cf_passiflora_cordia,Passiflora cordia
cf. Peltogyne,cf_peltogyne,Peltogyne-type
cf. Pera,cf_pera,Pera-type
cf. Phialanthus,cf_phialanthus,Phialanthus-type
cf. Piperaceae,cf_piperaceae,Piperaceae
cf. Pistacia,cf_pistacia,Schinus-type
cf. Porocystis,cf_porocystis,Porocystis-type
cf. Pouteria,cf_pouteria,Pouteria-type
cf. Psychotria,cf_psychotria,Psychotria-type
cf. Ribes,cf_ribes,Ribes-type
cf. Ricinus,cf_ricinus,Ricinus-type
cf. Ricinus communis,cf_ricinus_communis,Ricinus communis
cf. Sapotaceae,cf_sapotaceae,Sapotaceae
cf. Schefflera,cf_schefflera,Araliaceae
cf. Scrophulariaceae,cf_scrophulariaceae,Scrophulariaceae
cf. Sebastiania,cf_sebastiania,Sebastiania
cf. Sedum,cf_sedum,Crassulaceae
cf. Simarouba amara,cf_simarouba_amara,Quassia amara
cf. Spondias,cf_spondias,Spondias-type
cf. Sterculia,cf_sterculia,Sterculia-type
cf. Thalictrum,cf_thalictrum,Thalictrum
cf. Thrinax/Iriartea,cf_thrinax_iriartea,Trinax-type
cf. Trema/Lozanella,cf_trema_lozanella,Trema-type
cf. Trichilia,cf_trichilia,Trichilia-type
cf. Tristerix,cf_tristerix,Tristerix
cf. Tynanthus,cf_tynanthus,Tynanthus-type
cf. Viburnum,cf_viburnum,Viburnum-type
cf. Vitex,cf_vitex,Vitex-type
cf. Vitex-type,cf_vitex_type,Vitex-type
cf. Zollernia,cf_zollernia,Zollernia-type
cf.Sebastiana schottiana-type,cf_sebastiana_schottiana_type,Sebastiania schottiana
Chaetocarpus,chaetocarpus,Chaetocarpus
Chaetocarpus-t,chaetocarpus_t,Chaetocarpus
Chamaecrista,chamaecrista,Cassia-type
Chamaecrista-t,chamaecrista_t,Cassia-type
Chamaecrysta,chamaecrysta,Cassia-type
Chamaesyce,chamaesyce,Chamaesyce-type
Chamaesyce-type,chamaesyce_type,Chamaesyce-type
Chamaesyce 1,chamaesyce_1,Chamaesyce-type
Chamaesyce 2,chamaesyce_2,Chamaesyce-type
Chamaesyce 3,chamaesyce_3,Chamaesyce-type
Chamaesyce 4,chamaesyce_4,Chamaesyce-type
Chamissoa,chamissoa,Chamissoa-type
Chaptalia,chaptalia,Chaptalia-type
Chaptelia,chaptelia,Chaptalia-type
Charcoal,charcoal,delete
Charcoal (microparticles),charcoal_microparticles,delete
Charcoal > 10 mu,charcoal_bigger_than_10_mu,delete
Cheilantes,cheilantes,delete
Cheilanthes-type,cheilanthes_type,delete
Cheiloclinium,cheiloclinium,Cheiloclinium
Chelonanthus,chelonanthus,Chelonanthus
Chelyocarpus,chelyocarpus,Chelyocarpus
Cheno-Am,cheno_minus_am,Amaranthaceae
Cheno-Amaranthaceae,cheno_minus_amaranthaceae,Amaranthaceae
Cheno-Ams,cheno_minus_ams,Amaranthaceae
Cheno/Am,cheno_am,Amaranthaceae
Cheno/Ama,cheno_ama,Amaranthaceae
Cheno/Amarant,cheno_amarant,Amaranthaceae
Cheno/Amaranthacea,cheno_amaranthacea,Amaranthaceae
Chenop./Amarant.,chenop_amarant,Amaranthaceae
Chenop./Amaranth.,chenop_amaranth,Amaranthaceae
Chenopod,chenopod,Amaranthaceae
Chenopodiac,chenopodiac,Amaranthaceae
Chenopodiaceae,chenopodiaceae,Amaranthaceae
Chenopodiaceae (diameter <20),chenopodiaceae_diameter_smaller_than_20,Amaranthaceae
Chenopodiaceae (diameter >20),chenopodiaceae_diameter_bigger_than_20,Amaranthaceae
Chenopodiaceae (undiff.),chenopodiaceae_undiff,Amaranthaceae
Chenopodiaceae ALL,chenopodiaceae_all,Amaranthaceae
Chenopodiaceae cf.,chenopodiaceae_cf,Amaranthaceae
Chenopodiaceae sensu stricto,chenopodiaceae_sensu_stricto,Amaranthaceae
Chenopodiaceae Type 1,chenopodiaceae_type_1,Amaranthaceae
Chenopodiaceae Type 2 very small,chenopodiaceae_type_2_very_small,Amaranthaceae
Chenopodiaceae Type 3,chenopodiaceae_type_3,Amaranthaceae
Chenopodiaceae undif.,chenopodiaceae_undif,Amaranthaceae
Chenopodiaceae.Amaranthaceae,chenopodiaceae_amaranthaceae,Amaranthaceae
Chenopodium,chenopodium,Amaranthaceae
Chenopodium quinoa-type,chenopodium_quinoa_type,Amaranthaceae
Chenopodium/Amaranthus,chenopodium_amaranthus,Amaranthaceae
Chenopoideaceae,chenopoideaceae,Amaranthaceae
Chimantaea,chimantaea,Chimantaea-type
Chlamydomonas,chlamydomonas,delete
Chlamydomonas sp.,chlamydomonas_sp,delete
Chlorantaceae,chlorantaceae,Chloranthaceae
Chloranthaceae - CF.Hedyosmum,chloranthaceae_minus_cf_hedyosmum,Chloranthaceae
Chloranthaceae 1,chloranthaceae_1,Chloranthaceae
Chlorophora-t,chlorophora_t,Chlorophora
Chorisepalum,chorisepalum,Chorisepalum
Chorisia crispifolia,chorisia_crispifolia,Chorisia crispifolia
Chorizanthe-type,chorizanthe_type,Chorizanthe-type
Chrysantemun,chrysantemun,Chrysanthemum-type
Chrysobalanaceae,chrysobalanaceae,Chrysobalanaceae
Chrysobalanus,chrysobalanus,Chrysobalanus
Chrysophillum,chrysophillum,Chrysophyllum
Chrysophyllum,chrysophyllum,Chrysophyllum
Chrysophyllum marginatum,chrysophyllum_marginatum,Chrysophyllum marginatum
Chrysophyllum undiff.,chrysophyllum_undiff,Chrysophyllum
Chrysophyllum viride-type,chrysophyllum_viride_type,Chrysophyllum
Chrysopyllum viride-type,chrysopyllum_viride_type,Chrysophyllum
Chuquiraga,chuquiraga,Chuquiraga-type
Chuquiraga-type,chuquiraga_type,Chuquiraga-type
Chuquiraga sp.,chuquiraga_sp,Chuquiraga-type
Chuquiragua,chuquiragua,Chuquiraga-type
Cichorieae,cichorieae,Asteraceae
Cichorioideae,cichorioideae,Asteraceae
Cichorioideae undiff.,cichorioideae_undiff,Asteraceae
Cichorium-type,cichorium_type,Asteraceae
Cirsium,cirsium,Cirsium-type
Cissampelos,cissampelos,Cissampelos-type
Cissampelos-t,cissampelos_t,Cissampelos-type
Cissus,cissus,Cissus-type
Cissus striata,cissus_striata,Cissus striata
Cistaceae,cistaceae,Cistaceae
Citrullus,citrullus,Citrullus
Citrullus s. (Cucurbitaceae),citrullus_s_cucurbitaceae,Citrullus
Citrus,citrus,Citrus
Cladium,cladium,delete
Clarisia,clarisia,Clarisia
Clarisia-t (4P),clarisia_t_4p,Clarisia
Clarisia-t (5P),clarisia_t_5p,Clarisia
Clathrotropis nítida type.revisar,clathrotropis_nitida_type_revisar,Clathrotropis-type
Cleidion,cleidion,Cleidion-type
Cleidion-type,cleidion_type,Cleidion-type
Clematis,clematis,Clematis
Clematis-type,clematis_type,Clematis
Cleome,cleome,Cleome
Cleome-t,cleome_t,Cleome
Cleome serrata,cleome_serrata,Cleome serrata
Cleome sp.,cleome_sp,Cleome
Clethra,clethra,Clethra
Clethra-dick,clethra_minus_dick,Clethra
Clethra-t,clethra_t,Clethra
Clethra-type,clethra_type,Clethra
Clethra - Clethraceae,clethra_minus_clethraceae,Clethra
Clethra (type 2),clethra_type_2,Clethra
Clethra undiff.,clethra_undiff,Clethra
Clethraceae,clethraceae,Clethraceae
Clibadium,clibadium,Clibadium-type
Clidemia,clidemia,Clidemia
Clitoria,clitoria,Clitoria-type
Clitoria-t,clitoria_t,Clitoria-type
Clusia,clusia,Clusia-type
Clusia-type,clusia_type,Clusia-type
Clusia (other),clusia_other,Clusia-type
Clusia criuva,clusia_criuva,Clusia criuva
Clusia type/Clusiaceae,clusia_type_clusiaceae,Clusia-type
Clusia/Clethra-t,clusia_clethra_t,Clusia-type
Clusia/Vismia,clusia_vismia,Clusia-type
Clusiaceae,clusiaceae,Clusiaceae
Clusiaceae (Guttiferae),clusiaceae_guttiferae,Clusiaceae
Clusiaceae undiff.,clusiaceae_undiff,Clusia-type
Clusiella sp.,clusiella_sp,Clusiella
Clytostoma-t,clytostoma_t,Clytostoma-type
Cnestidium,cnestidium,Cnestidium
Cnidoscolus sp. (Euphorbiaceae),cnidoscolus_sp_euphorbiaceae,Cnidoscolus
Cnidosculus,cnidosculus,Cnidoscolus
Cobricosphaeridium,cobricosphaeridium,delete
Coccocipselum/Declieuxia,coccocipselum_declieuxia,Coccocypselum
Coccocypselum,coccocypselum,Coccocypselum
Coccocypselum sp.,coccocypselum_sp,Coccocypselum
Coccoloba,coccoloba,Coccoloba-type
Cochlospermum,cochlospermum,Cochlospermum
Codonorchis,codonorchis,Codonorchis
Coelastrum,coelastrum,delete
Coelostrum,coelostrum,delete
Coldenia-type,coldenia_type,Coldenia-type
Colignonia,colignonia,Colignonia-type
Colignonia-type,colignonia_type,Colignonia-type
Colletia,colletia,Colletia
Colliguaja,colliguaja,Colliguaja
Collomia,collomia,Collomia
Colobanthus,colobanthus,Caryophyllaceae
Colobanthus-type,colobanthus_type,Caryophyllaceae
Colocasia,colocasia,Colocasia
Colubrina,colubrina,Colubrina
Columnea  - Gesneriaceae,columnea_minus_gesneriaceae,Columnea
Colvolvulaceae,colvolvulaceae,Convolvulaceae
Combre/Melasto,combre_melasto,Melastomataceae
Combreat/Melastom,combreat_melastom,Melastomataceae
Combretaceae,combretaceae,Melastomataceae
Combretaceae/Melastomataceae,combretaceae_melastomataceae,Melastomataceae
Combretaceae/Melastomataceae undiff.,combretaceae_melastomataceae_undiff,Melastomataceae
Combretum,combretum,Combretum
Combretum-type,combretum_type,Combretum
Commelia type,commelia_type,Commelina
Commelina,commelina,Commelinaceae
Commelinaceae,commelinaceae,Commelinaceae
Commiphora,commiphora,Commiphora
Comolia-t,comolia_t,Comolia-type
compositae,compositae,Asteraceae
Compositae-liguliflorae,compositae_minus_liguliflorae,Asteraceae
Compositae-Tubuliflorae,compositae_minus_tubuliflorae,Asteraceae-Liguliflorae
Compositae Astereae,compositae_astereae,Asteraceae
Compositae Cichoriae,compositae_cichoriae,Asteraceae
Compositae Cichorieae,compositae_cichorieae,Asteraceae
Compositae Tubuliflorae,compositae_tubuliflorae,Asteraceae
Compositae Type 1,compositae_type_1,Asteraceae
conc. spike,conc_spike,delete
conc.spk,conc_spk,delete
Concentration marktablets,concentration_marktablets,delete
Concentration of Lycopodium,concentration_of_lycopodium,delete
Concentration of spike,concentration_of_spike,delete
Conceveibum cordatum,conceveibum_cordatum,Conceveibum cordatum
Condalia,condalia,Condalia
Condalia microphylla,condalia_microphylla,Condalia microphylla
Conifera 3,conifera_3,delete
Coniferae undiff.,coniferae_undiff,delete
Coniochaeta,coniochaeta,delete
Connaraceae,connaraceae,Connaraceae
Connarus,connarus,Connarus-type
Conocarpus,conocarpus,Conocarpus
Conocarpus erectus,conocarpus_erectus,Conocarpus erectus
Control,control,delete
Convolvulaceae,convolvulaceae,Convolvulaceae
Convolvulaceae sp1,convolvulaceae_sp1,Convolvulaceae
Convolvulaceae sp2,convolvulaceae_sp2,Convolvulaceae
Convolvulaceae undiff.,convolvulaceae_undiff,Convolvulaceae
Convolvulus,convolvulus,Convolvulaceae
Convulvulaceae,convulvulaceae,Convolvulaceae
Conyza,conyza,Conyza-type
Copaifera,copaifera,Copaifera-type
Copaifera-type,copaifera_type,Copaifera-type
Copaifera aff. C. coriacea,copaifera_aff_c_coriacea,Copaifera-type
Copernicia,copernicia,Copernicia-type
Coprosma,coprosma,Coprosma-type
Coprosma pyrifolia,coprosma_pyrifolia,Coprosma pyrifolia
Cordia,cordia,Cordia
Cordia-t,cordia_t,Cordia
Cordia-type,cordia_type,Cordia
Cordia - Boraginaceae,cordia_minus_boraginaceae,Cordia
Cordia aff panamensis,cordia_aff_panamensis,Cordia panamensis-tyype
Cordia bicolor-type,cordia_bicolor_type,Cordia bicolor-type
Cordia cf. C. bicolor,cordia_cf_c_bicolor,Cordia bicolor-type
Cordia cf. C. cylindrostachya,cordia_cf_c_cylindrostachya,Cordia cylindrostachya-type
Cordia cylindrostachya,cordia_cylindrostachya,Cordia cylindrostachya-type
Cordia sp,cordia_sp,Cordia
Cordia sp1,cordia_sp1,Cordia
Cordia sp2,cordia_sp2,Cordia
Cordyline-t (LILIACEAE),cordyline_t_liliaceae,Cordyline
Coriaceae,coriaceae,Coriariaceae
Coriandrum sp.,coriandrum_sp,Coriandrum
Coriaria,coriaria,Coriaria
Coriaria (H-221),coriaria_h_minus_221,Coriaria
Cornus,cornus,Cornus
Corroded,corroded,delete
Corroded Not Grass,corroded_not_grass,delete
corylus,corylus,Corylus
Corylus aff.,corylus_aff,Corylus
Corylus avellana,corylus_avellana,Corylus
Costus,costus,Costus
Couepia,couepia,Couepia
Couepia sp.,couepia_sp,Couepia
count spike,count_spike,delete
Counted exote,counted_exote,delete
Couratari,couratari,Couratari
Coursetia-t,coursetia_t,Coursetia-type
Coussapoa,coussapoa,Coussapoa
Coussarea (Rubiaceae),coussarea_rubiaceae,Coussarea
Coutarea hexandra-type,coutarea_hexandra_type,Coutarea hexandra-type
Coutoubea-type,coutoubea_type,Coutoubea-type
CP3-4 Pore verdickt Ri. Perra,cp3_minus_4_pore_verdickt_ri_perra,delete
CP3 lalong spher,cp3_lalong_spher,delete
CP3 microechinat-scabr 20x17µm,cp3_microechinat_minus_scabr_20x17mu_m,delete
CP3 microret 14x11µm,cp3_microret_14x11mu_m,delete
CP3 microret 15x14µm,cp3_microret_15x14mu_m,delete
CP3 microret 18µm,cp3_microret_18mu_m,delete
CP3 microret 26µm,cp3_microret_26mu_m,delete
CP3 microret rect 15x12µm,cp3_microret_rect_15x12mu_m,delete
CP3 microret semitect 17x14µm,cp3_microret_semitect_17x14mu_m,delete
CP3 psil 15x14µm,cp3_psil_15x14mu_m,delete
CP3 psil 20µm,cp3_psil_20mu_m,delete
CP3 psil 20x18µm,cp3_psil_20x18mu_m,delete
CP3 psil 34x27µm,cp3_psil_34x27mu_m,delete
CP3 psil 9µm,cp3_psil_9mu_m,delete
CP3 psil lolong 16x11µm,cp3_psil_lolong_16x11mu_m,delete
CP3 psil spher 18µm,cp3_psil_spher_18mu_m,delete
CP3 psil subobl 18x20 µm,cp3_psil_subobl_18x20_mu_m,delete
CP3 psil tect 26x20µm,cp3_psil_tect_26x20mu_m,delete
CP3 ret brevi,cp3_ret_brevi,delete
CP3 ret het semitect 23µm,cp3_ret_het_semitect_23mu_m,delete
CP3 ret heterobr 18x16µm,cp3_ret_heterobr_18x16mu_m,delete
CP3 ret prol lalong,cp3_ret_prol_lalong,delete
CP3 ret semitect 20x15µm,cp3_ret_semitect_20x15mu_m,delete
CP3 ret semitect 22x20µm,cp3_ret_semitect_22x20mu_m,delete
CP3 ret semitect 25x13µm,cp3_ret_semitect_25x13mu_m,delete
CP3 ret spher 12µm,cp3_ret_spher_12mu_m,delete
CP3 ret spher 18µm,cp3_ret_spher_18mu_m,delete
CP3 ret tect 18x13µm,cp3_ret_tect_18x13mu_m,delete
CP3 ret tect subprolat,cp3_ret_tect_subprolat,delete
CP3 scabr <28µm,cp3_scabr_smaller_than_28mu_m,delete
CP3 scabr 19x13µm,cp3_scabr_19x13mu_m,delete
CP3 scabr brevi 15µm,cp3_scabr_brevi_15mu_m,delete
CP3 scabr marginat,cp3_scabr_marginat,delete
CP3 scabr tect/col 50x25µm,cp3_scabr_tect_col_50x25mu_m,delete
CP3 striat 26x16µm,cp3_striat_26x16mu_m,delete
CP3 striat fein 24x18µm,cp3_striat_fein_24x18mu_m,delete
CP3 striat(oret) lalong 17µm,cp3_striat_oret_lalong_17mu_m,delete
CP3 striatoret tect lolong 26x18µm,cp3_striatoret_tect_lolong_26x18mu_m,delete
CP4 microechinate,cp4_microechinate,delete
CP6 microechinat tect 20µm (Convolvulaceae?),cp6_microechinat_tect_20mu_m_convolvulaceae,delete
Crassula,crassula,Crassulaceae
Crassulaceae,crassulaceae,Crassulaceae
Crematosperma,crematosperma,Crematosperma
Crepidospermum/Protium,crepidospermum_protium,Protium
Crescentia,crescentia,Crescentia
Cressa,cressa,Cressa
Cressa-type,cressa_type,Cressa-type
Crinum-t,crinum_t,Crinum-type
Crodia-ech,crodia_minus_ech,delete
Crotalaria,crotalaria,Crotalaria-type
Crotalaria-t,crotalaria_t,Crotalaria-type
Crotalaria-type,crotalaria_type,Crotalaria-type
Croton,croton,Croton
Croton-t,croton_t,Croton
Croton-type,croton_type,Croton
Croton-type I,croton_type_i,Croton
Croton-type II,croton_type_ii,Croton
Croton-type III,croton_type_iii,Croton
Croton - Euphorbiaceae,croton_minus_euphorbiaceae,Croton
Croton bogotanus,croton_bogotanus,Croton bogotensis
Croton hirtus,croton_hirtus,Croton hirtus
Croton II,croton_ii,Croton
Croton sp,croton_sp,Croton
Crotonoidae,crotonoidae,Croton
Cruciferae,cruciferae,Brassicaceae
Cruciferae undif.,cruciferae_undif,Brassicaceae
Crudia,crudia,Crudia
Crudia-t,crudia_t,Crudia
Crudia amazonica,crudia_amazonica,Crudia amazonica
Crumpled,crumpled,delete
Crumpled Not Grass,crumpled_not_grass,delete
Crusea,crusea,Crusea
Crusiferae,crusiferae,Brassicaceae
Cryosophila,cryosophila,Cryosophila-type
Cryptocaria-type,cryptocaria_type,Cryptocaria-type
Ctenitis,ctenitis,delete
Cucurbita maxima,cucurbita_maxima,Cucurbita maxima
Cucurbitaceae,cucurbitaceae,Cucurbitaceae
CUCURBITACEAE-t,cucurbitaceae_t,Cucurbitaceae
Cucurbitaceae undiff.,cucurbitaceae_undiff,Cucurbitaceae
Cuerpos opacos,cuerpos_opacos,delete
Culcita coniifolia,culcita_coniifolia,delete
Cuminia,cuminia,Cuminia
Cunoniaceae ALL,cunoniaceae_all,Cunoniaceae
Cunoniaceae Type 1 Weinmannia,cunoniaceae_type_1_weinmannia,Weinmannia
Cuoniaceae type,cuoniaceae_type,Cunoniaceae
Cupanea,cupanea,Cupania-type
Cupania,cupania,Cupania-type
Cupania-t,cupania_t,Cupania-type
Cupania (type 1),cupania_type_1,Cupania-type
Cupania (type 2),cupania_type_2,Cupania-type
Cupania (type 3),cupania_type_3,Cupania-type
Cuparia,cuparia,Cupania-type
Cuphea,cuphea,Cuphea
Cuphea carthagenensis,cuphea_carthagenensis,Cuphea carthagenensis
Cuphea cf. C. ingrata,cuphea_cf_c_ingrata,Cuphea ingrata
Cuphea cf. C. urbaniana,cuphea_cf_c_urbaniana,Cuphea urbaniana
Cuphea micrantha,cuphea_micrantha,Cuphea micrantha
Cuphea sp1,cuphea_sp1,Cuphea
Cuphea sp3,cuphea_sp3,Cuphea
Cupresaceae,cupresaceae,Cupressaceae
Cupressaceae,cupressaceae,Cupressaceae
Cupressus,cupressus,Cupressaceae
Cupressus-Juniperus,cupressus_minus_juniperus,Cupressaceae
Cupressus-type,cupressus_type,Cupressaceae
Curatella,curatella,Curatella
Curatella-type,curatella_type,Curatella
Curatella americana,curatella_americana,Curatella americana
Curatella americana (Dilleniaceae),curatella_americana_dilleniaceae,Curatella americana
Curatella americana (type 1),curatella_americana_type_1,Curatella americana
Curatella americana (type 2),curatella_americana_type_2,Curatella americana
Curatella americana (type 3),curatella_americana_type_3,Curatella americana
Cuscuta,cuscuta,Cuscuta
Cyat sch,cyat_sch,delete
Cyath ty,cyath_ty,delete
Cyathea,cyathea,delete
Cyathea-t,cyathea_t,delete
Cyathea-type,cyathea_type,delete
Cyathea (striatae),cyathea_striatae,delete
Cyathea (verrucate),cyathea_verrucate,delete
Cyathea 2,cyathea_2,delete
Cyathea aff horrida,cyathea_aff_horrida,delete
Cyathea baculata,cyathea_baculata,delete
Cyathea bosque,cyathea_bosque,delete
Cyathea cf. conjugata-Type,cyathea_cf_conjugata_minus_type,delete
Cyathea psi,cyathea_psi,delete
Cyathea psilate,cyathea_psilate,delete
Cyathea schanschin-type,cyathea_schanschin_type,delete
Cyathea sp.,cyathea_sp,delete
Cyathea type,cyathea_type_2,delete
Cyathea type 1,cyathea_type_1,delete
Cyathea Type psilate,cyathea_type_psilate,delete
Cyathea Type reticulate,cyathea_type_reticulate,delete
Cyathea ver,cyathea_ver,delete
Cyathea_fin_ver,cyathea_fin_ver,delete
Cyatheac,cyatheac,delete
Cyatheaceae,cyatheaceae,delete
Cyatheaceae (psilate),cyatheaceae_psilate,delete
CYATHEACEAE verr,cyatheaceae_verr,delete
Cyathula,cyathula,Amaranthaceae
Cybianthus,cybianthus,Cybianthus-type
Cybianthus-type,cybianthus_type,Cybianthus-type
Cybistax,cybistax,Cybistax
Cyclachaena xanthiifolia-type,cyclachaena_xanthiifolia_type,Cyclachaena-type [=Iva-type]
Cyclosorus,cyclosorus,delete
Cydista,cydista,Cydista-type
Cydista-type,cydista_type,Cydista-type
Cynodendron,cynodendron,Cynodendron
Cyperac,cyperac,Cyperaceae
Cyperace,cyperace,Cyperaceae
Cyperaceae,cyperaceae,Cyperaceae
Cyperaceae (<50 µm),cyperaceae_smaller_than_50_mu_m,Cyperaceae
Cyperaceae (>50 µm),cyperaceae_bigger_than_50_mu_m,Cyperaceae
Cyperaceae (periporate),cyperaceae_periporate,Cyperaceae
Cyperaceae >25,cyperaceae_bigger_than_25,Cyperaceae
Cyperaceae ALL,cyperaceae_all,Cyperaceae
Cyperaceae undif.,cyperaceae_undif,Cyperaceae
Cyperaceae undiff.,cyperaceae_undiff,Cyperaceae
Cyperceae,cyperceae,Cyperaceae
Cypereceae,cypereceae,Cyperaceae
Cyperus,cyperus,delete
Cyperus (type 1),cyperus_type_1,delete
Cyperus 2,cyperus_2,delete
cypr,cypr,Cyperaceae
Cyrilla,cyrilla,Cyrilla
Cyrilla-t,cyrilla_t,Cyrilla
Cyrilla sp.,cyrilla_sp,Cyrilla
Cyrtosperma-type,cyrtosperma_type,Cyrtosperma-type
Cysopteris,cysopteris,delete
Cystopteris,cystopteris,delete
Cystopteris fragilis,cystopteris_fragilis,delete
Dacrydium,dacrydium,Dacrydium
Dacrydium-type,dacrydium_type,Dacrydium
Dacrydium counts (out of 25),dacrydium_counts_out_of_25,Dacrydium
Dacrydium fonckii,dacrydium_fonckii,Dacrydium
Dacrydium fonkii,dacrydium_fonkii,Dacrydium
Dacryodes,dacryodes,Dacryodes
Dalbergia,dalbergia,Dalbergia-type
Dalbergia-t,dalbergia_t,Dalbergia-type
Dalbergia-type,dalbergia_type,Dalbergia-type
Dalea,dalea,Dalea-type
Dalea-type,dalea_type,Dalea-type
Dalechampia,dalechampia,Dalechampia
Dalechampia-type,dalechampia_type,Delechampia
Dalechampsia,dalechampsia,Delechampia
Damaged Pollen ALL,damaged_pollen_all,delete
Daphnopsis,daphnopsis,Daphnopsis
Daphnopsis-t,daphnopsis_t,Daphnopsis
Daphnopsis cf. D. beta,daphnopsis_cf_d_beta,Daphnopsis
Daphnosis,daphnosis,Daphnopsis
Dascurania,dascurania,Brassicaceae
Dasyphyllum,dasyphyllum,Dasyphyllum-type
Davalliaceae,davalliaceae,delete
Davilla,davilla,Davilla-type
Debarya,debarya,delete
"Debarya (Zygnemataceae, Chlorophyceae)",debarya_zygnemataceae_chlorophyceae,delete
Debarya sp.,debarya_sp,delete
Deeringia-Morphotype,deeringia_minus_morphotype,Amaranthaceae
Degraded,degraded,delete
Degraded Not Grass,degraded_not_grass,delete
Dendrobangia,dendrobangia,Dendrobangia
Dendropanax,dendropanax,Dendropanax
Dendropanax (Araliaceae),dendropanax_araliaceae,Dendropanax
Dennstaedtia,dennstaedtia,delete
Dennstaedtia (H-311),dennstaedtia_h_minus_311,delete
Dennstaedtiaceae,dennstaedtiaceae,Dennstaedtiaceae
Desconocidos,desconocidos,delete
Desfontaineae spinosa,desfontaineae_spinosa,Desfontainia spinosa
Desfontainia,desfontainia,Desfontainia
Desfontainia spinosa,desfontainia_spinosa,Desfontainia spinosa
Desfontania spinosa,desfontania_spinosa,Desfontainia spinosa
Desfontinea,desfontinea,Desfontainia
Desmidiaceae,desmidiaceae,delete
Desmodium,desmodium,Desmodium-type
Desmodium-type,desmodium_type,Desmodium-type
Desmodium-type  (large),desmodium_type_large,Desmodium-type
Desmodium - Fabaceae,desmodium_minus_fabaceae,Desmodium-type
Desmoncus,desmoncus,Desmoncus-type
Desmoncus-t,desmoncus_t,Desmoncus-type
Desmopsis,desmopsis,Desmopsis
Desmopsis panamensis 1,desmopsis_panamensis_1,Desmopsis
Desmopsis panamensis 2,desmopsis_panamensis_2,Desmopsis
Desmopsis panamensis 3,desmopsis_panamensis_3,Desmopsis
Diacidia-t,diacidia_t,Diacidia-type
Dialium,dialium,Dialium-type
Dichapetalum,dichapetalum,Dichapetalum
Dicks,dicks,Dipterostemon
Dicksonia,dicksonia,delete
Dicksonia externa,dicksonia_externa,delete
Dicksonia sellowiana,dicksonia_sellowiana,delete
Dicksonia/Hemitelia,dicksonia_hemitelia,delete
Diclidanthera,diclidanthera,Diclidanthera
Dicolporate picture,dicolporate_picture,delete
Dicranopteris,dicranopteris,delete
Dicranopteris type,dicranopteris_type,delete
Dicranosstyles aff. D. scandens,dicranosstyles_aff_d_scandens,Dicranostyles scandens-type
Dicranostyles,dicranostyles,Dicranostyles
Dicranostytes (Convolvul),dicranostytes_convolvul,Dicranostyles
Dictyocaryum,dictyocaryum,Dictyocaryum-type
Didymopanax,didymopanax,Didymopanax-type
Didymopanax-type,didymopanax_type,Didymopanax-type
Didymopanax (excluding Schefflera),didymopanax_excluding_schefflera,Didymopanax-type
Didymopanax distractiflorus/vinosus,didymopanax_distractiflorus_vinosus,Didymopanax-type
Dieffenbachia,dieffenbachia,Dieffenbachia
Dilleniaceae,dilleniaceae,Dilleniaceae
Dilleniaceae undiff.,dilleniaceae_undiff,Dilleniaceae
Dilodendron,dilodendron,Dilodendron
Dinizia,dinizia,Dinizia-type
Dinizia excelsa,dinizia_excelsa,Dinizia excelsa
Dioclea,dioclea,Dioclea-type
Dioclea-t,dioclea_t,Dioclea-type
Dioclea-type,dioclea_type,Dioclea-type
Dioclea (sm),dioclea_sm,Dioclea-type
Dioclea (small),dioclea_small,Dioclea-type
Diocodendron dioicum,diocodendron_dioicum,Dioicodendron
Diodia,diodia,Diodia-type
Diodia-t,diodia_t,Diodia-type
Diodia-t...38,diodia_t_38,Diodia-type
Diodia-t...40,diodia_t_40,Diodia-type
Diodia-type,diodia_type,Diodia-type
Diodia denudata,diodia_denudata,Diodia-type
Dioicodendron,dioicodendron,Dioicodendron
Dioscorea,dioscorea,Dioscorea-type
Dioscorea-t,dioscorea_t,Dioscorea-type
Dioscorea nervosa,dioscorea_nervosa,Dioscorea nervosa
Diospyros,diospyros,Diospyros
Diphasium jussiaei,diphasium_jussiaei,delete
Diploon,diploon,Diploon-type
Diploon-t,diploon_t,Diploon-type
Diplusodon sp3,diplusodon_sp3,Diplusodon
Dipsacaceae,dipsacaceae,Dipsacaceae
Dipterix,dipterix,Dipteryx-type
Dipteryx sp.,dipteryx_sp,Dipteryx-type
Discaria,discaria,Discaria
Discaria-type,discaria_type,Discaria-type
Discaria serratifolia,discaria_serratifolia,Discaria serratifolia
Disopsis,disopsis,Dysopsis
Dodonaea,dodonaea,Dodonaea
Dodonaea (reticulate),dodonaea_reticulate,Dodonaea
Dodonaea (Sapind.),dodonaea_sapind,Dodonaea
Dodonaea (small type),dodonaea_small_type,Dodonaea
Dodonaea (type A),dodonaea_type_a,Dodonaea
Dodonaea viscosa,dodonaea_viscosa,Dodonaea viscosa
Dodonea,dodonea,Dodonaea
Doliocarpus,doliocarpus,Doliocarpus
Doliocarpus-t,doliocarpus_t,Doliocarpus
Donatia,donatia,Donatia
Donatia fascicularis,donatia_fascicularis,Donatia fascicularis
Dorstenia,dorstenia,Dorstenia-type
Dorstenia-type,dorstenia_type,Dorstenia-type
Draba,draba,Brassicaceae
Drapetes,drapetes,Drapetes
Drapetes muscosa,drapetes_muscosa,Drapetes muscosa
Drimys,drimys,Drimys
Drimys brasiliensis,drimys_brasiliensis,Drimys brasiliensis
Drimys confertifolia,drimys_confertifolia,Drimys confertifolia
Drimys winteri,drimys_winteri,Drimys winteri
Drimys winteri-type,drimys_winteri_type,Drimys winteri
Drimys winterii,drimys_winterii,Drimys winteri
Drosera,drosera,delete
Drosera-t,drosera_t,delete
Drosera uniflora,drosera_uniflora,delete
Dryetes,dryetes,Drypetes
Drymaria,drymaria,Drymaria
Drymis,drymis,Drimys
Drymis winteri,drymis_winteri,Drimys winteri
Dryopteridaceae,dryopteridaceae,delete
Dryopteris,dryopteris,delete
Drypetes,drypetes,Drypetes
Drypetes-t,drypetes_t,Drypetes
Drypetes sp. (Euphorbiaceae),drypetes_sp_euphorbiaceae,Drypetes
Dubbelbol,dubbelbol,delete
Duroia,duroia,Duroia
Dydimopanax,dydimopanax,Didymopanax-type
Dydymopanax-t,dydymopanax_t,Didymopanax-type
Dysopsis,dysopsis,Dysopsis
Dysopsis glechomoides,dysopsis_glechomoides,Dysopsis glechomoides
Ebenaceae,ebenaceae,Ebenaceae
Echeveria,echeveria,Echeveria
Echinodorus,echinodorus,delete
Echinodorus-type,echinodorus_type,delete
Echinodorus sp1,echinodorus_sp1,delete
"Echitriletes ""minispinosus""",echitriletes_minispinosus,delete
Eclipta,eclipta,Eclipta-type
Eclipta type,eclipta_type,Eclipta-type
Eichhornea,eichhornea,delete
Eichormia,eichormia,delete
Eichornia,eichornia,delete
Elaeagia-type,elaeagia_type,Elaeagia-type
Elaegia-t,elaegia_t,Elaeagia-type
Elaeocarpac,elaeocarpac,Elaeocarpaceae
Elaeocarpaceae,elaeocarpaceae,Elaeocarpaceae
Elaeocarpaceae (type 1),elaeocarpaceae_type_1,Elaeocarpaceae
Elaeocarpaceae cf. Vallea,elaeocarpaceae_cf_vallea,Vallea-type
Elaeocarpaceae undiff.,elaeocarpaceae_undiff,Elaeocarpaceae
Elaeocarpus,elaeocarpus,Elaeocarpus-type
Elaeoluma,elaeoluma,Elaeoluma-type
Elaeoluma aff. E. nuda,elaeoluma_aff_e_nuda,Elaeoluma-type
Elaphoglossum (H-350),elaphoglossum_h_minus_350,delete
Elapholgosum,elapholgosum,delete
Eleocarpaceae (Ri. Sloanea),eleocarpaceae_ri_sloanea,Sloanea-type
Eleochaeris,eleochaeris,delete
Eleocharis,eleocharis,delete
Eleocharis-type,eleocharis_type,delete
Elizabetha,elizabetha,Elizabetha-type
Elodea,elodea,delete
Elodea-type,elodea_type,delete
Eloedea,eloedea,delete
Elytraria,elytraria,Elytraria
Elytropus,elytropus,Elytropis
Elytropus chilensis,elytropus_chilensis,Elytropis
Embothrium,embothrium,Embothrium-type
Embothrium coccineum,embothrium_coccineum,Embothrium-type
Emilia,emilia,Emilia-type
Emmeorhiza,emmeorhiza,Emmeorhiza
Emmotum,emmotum,Emmotum
Empetrum,empetrum,Empetrum
Empetrum-type,empetrum_type,Empetrum
Empetrum rubrum,empetrum_rubrum,Empetrum
Empetrum/Ericaceae,empetrum_ericaceae,Empetrum
Encelia,encelia,Encelia-type
Encelia-type,encelia_type,Encelia-type
Endopleura,endopleura,Endopleura
Engelhardtia,engelhardtia,Engelhardtia
Entada,entada,Entada-type
Entadopsis,entadopsis,Entada-type
Epacridaceae,epacridaceae,Epacridaceae
Eph twee,eph_twee,delete
Ephedra,ephedra,Ephedra
Ephedra (undiff.),ephedra_undiff,Ephedra
Ephedra cf. E. andina,ephedra_cf_e_andina,Ephedra andina
Ephedra cf. E. frustillata,ephedra_cf_e_frustillata,Ephedra frustillata
Ephedra cf. E. tweediana,ephedra_cf_e_tweediana,Ephedra
Ephedra fragilis-type,ephedra_fragilis_type,Ephedra fragilis
Ephedra frustillata,ephedra_frustillata,Ephedra
Ephedra kl,ephedra_kl,Ephedra
Ephedra kurz,ephedra_kurz,Ephedra
Ephedra lang,ephedra_lang,Ephedra
Ephedra sp.,ephedra_sp,Ephedra
Ephedra tweediana-type,ephedra_tweediana_type,Ephedra
Ephedraceae,ephedraceae,Ephedra
Epilobium,epilobium,Epilobium
Equicetaceae,equicetaceae,delete
Equisetum,equisetum,delete
ERA,era,delete
ERA Type,era_type,delete
Ercilla spicata,ercilla_spicata,Ercilla spicata
Eremacharis,eremacharis,delete
Ericac,ericac,Ericaceae
Ericacea,ericacea,Ericaceae
Ericaceae,ericaceae,Ericaceae
"Ericaceae (psilate, 35-40 µm)",ericaceae_psilate_35_minus_40_mu_m,Ericaceae
"Ericaceae (psilate, circular, cf. Vaccinium)",ericaceae_psilate_circular_cf_vaccinium,Ericaceae
"Ericaceae (scabrate, 40-50 µm)",ericaceae_scabrate_40_minus_50_mu_m,Ericaceae
Ericaceae (type 1),ericaceae_type_1,Ericaceae
Ericaceae (type 2),ericaceae_type_2,Ericaceae
Ericaceae (type 3),ericaceae_type_3,Ericaceae
Ericaceae (type 4),ericaceae_type_4,Ericaceae
"Ericaceae (verrucate, 35 µm)",ericaceae_verrucate_35_mu_m,Ericaceae
Ericaceae 1,ericaceae_1,Ericaceae
ERICACEAE others,ericaceae_others,Ericaceae
Ericaceae undiff.,ericaceae_undiff,Ericaceae
Ericales,ericales,Ericaceae
Ericales undif.,ericales_undif,Ericaceae
Ericales undiff.,ericales_undiff,Ericaceae
Eringyum,eringyum,Eryngium-type
Eriocaul,eriocaul,delete
Eriocaulaceae,eriocaulaceae,Eriocaulaceae
Eriocaulon,eriocaulon,delete
Eriocaulon-Type,eriocaulon_minus_type,delete
Eriocaulon/Paepalanthus,eriocaulon_paepalanthus,Paepalanthus
Eriogonum,eriogonum,Eriogonum
Eriotheca,eriotheca,Eriotheca-type
Eriotheca-type,eriotheca_type,Eriotheca-type
Erisma,erisma,Erisma
Erodium,erodium,Erodium
Eruthroxylum,eruthroxylum,Erythroxylum
Eryn lar,eryn_lar,Eryngium-type
Eryngium,eryngium,Eryngium-type
Eryngium-t (RM-1185),eryngium_t_rm_minus_1185,Eryngium-type
Eryngium-type,eryngium_type,Eryngium-type
Eryngium-Type,eryngium_minus_type,Eryngium-type
Eryngium (Apiaceae),eryngium_apiaceae,Eryngium-type
Eryngium sp1,eryngium_sp1,Eryngium-type
Eryngium sp2,eryngium_sp2,Eryngium-type
Erythrina,erythrina,Erythrina-type
Erythrina-type,erythrina_type,Erythrina-type
Erythrina - Fabaceae,erythrina_minus_fabaceae,Erytrhina-type
Erythrochyton,erythrochyton,Erythrochiton
Erythroxilum sp. (form 1),erythroxilum_sp_form_1,Erythroxylum
Erythroxyllum,erythroxyllum,Erythroxylum
Erythroxylum,erythroxylum,Erythroxylum
Erythroxylum-type,erythroxylum_type,Erythroxylum
Erythroxylum (type 1),erythroxylum_type_1,Erythroxylum
Erythroxylum (type 2),erythroxylum_type_2,Erythroxylum
Erythroxylum (type 4),erythroxylum_type_4,Erythroxylum
Erythroxylum citrifolium (type 2),erythroxylum_citrifolium_type_2,Erythroxylum
Erythroxylum citrifolium/suberosum (type 3),erythroxylum_citrifolium_suberosum_type_3,Erythroxylum
Erythroxylum sp1,erythroxylum_sp1,Erythroxylum
Escallonia,escallonia,Escallonia
Escallonia-type,escallonia_type,Escallonia
Escallonia myrtoidea,escallonia_myrtoidea,Escallonia myrtoidea
Escallonia rubra,escallonia_rubra,Escallania rubra
Escallonia undiff.,escallonia_undiff,Escallonia
Escallonia/Primulaceae subf. Myrsinoideae,escallonia_primulaceae_subf_myrsinoideae,Escallonia
Escalonea rosea,escalonea_rosea,Escallonia rosea
Escalonia-t,escalonia_t,Escallonia
Eschweilera,eschweilera,Eschweilera
Escolecodontos,escolecodontos,delete
Espora,espora,delete
Esporas,esporas,delete
Esporas de hongos,esporas_de_hongos,delete
Eucaliptus,eucaliptus,Eucalyptus
Eucaliptus/Myrtaceae,eucaliptus_myrtaceae,Eucalyptus
Eucalyptus,eucalyptus,Eucalyptus
Eucalyptus introduced,eucalyptus_introduced,Eucalyptus
Euceraea,euceraea,Euceraea
Euceraea-t,euceraea_t,Euceraea
Eucriphya/Caldcluvia,eucriphya_caldcluvia,Eucryphia caldcluvia
Eucryphia,eucryphia,Eucryphia
Eucryphia-type,eucryphia_type,Eucryphia
Eucryphia cordifolia,eucryphia_cordifolia,Eucryphia cordifolia
Eucryphia/Caldcluvia,eucryphia_caldcluvia,Eucryphia caldcluvia
Eucryphia/Caldcluvia paniculata,eucryphia_caldcluvia_paniculata,Eucryphia caldcluvia
Eugenia,eugenia,Eugenia
Eugenia-type,eugenia_type,Eugenia
Eugenia (type 1),eugenia_type_1,Eugenia
Eupatorium,eupatorium,Asteraceae
EUPHORBACEAE,euphorbaceae,Euphorbiaceae
Euphorbia,euphorbia,Euphorbia
Euphorbia-type,euphorbia_type,Euphorbia
Euphorbia cf. E. papillosa,euphorbia_cf_e_papillosa,Euphorbia
Euphorbia cf. E. pulchella,euphorbia_cf_e_pulchella,Euphorbia
Euphorbia sp,euphorbia_sp,Euphorbia
Euphorbia sp1,euphorbia_sp1,Euphorbia
Euphorbia sp2,euphorbia_sp2,Euphorbia
Euphorbia undiff.,euphorbia_undiff,Euphorbia
Euphorbiac-t,euphorbiac_t,Euphorbiaceae
Euphorbiaceae,euphorbiaceae,Euphorbiaceae
Euphorbiaceae- CF Acalypha ALL,euphorbiaceae_minus_cf_acalypha_all,Acalypha-type
EUPHORBIACEAE-t,euphorbiaceae_t,Euphorbiaceae
Euphorbiaceae-type (18 µm),euphorbiaceae_type_18_mu_m,Euphorbiaceae
Euphorbiaceae (type 1),euphorbiaceae_type_1,Euphorbiaceae
Euphorbiaceae (type 2),euphorbiaceae_type_2,Euphorbiaceae
Euphorbiaceae (type 4),euphorbiaceae_type_4,Euphorbiaceae
Euphorbiaceae Acalypha Type 1,euphorbiaceae_acalypha_type_1,Acalypha-type
Euphorbiaceae Acalypha Type 2,euphorbiaceae_acalypha_type_2,Acalypha-type
Euphorbiaceae Acalypha Type 3,euphorbiaceae_acalypha_type_3,Acalypha-type
Euphorbiaceae Alchornia ALL,euphorbiaceae_alchornia_all,Alchornea
Euphorbiaceae cf. Chamaesyce,euphorbiaceae_cf_chamaesyce,Chamaesyce-type
Euphorbiaceae cf. Hura,euphorbiaceae_cf_hura,Hura-type
Euphorbiaceae pro parte,euphorbiaceae_pro_parte,Euphorbiaceae
Euphorbiaceae Sebastiana-type,euphorbiaceae_sebastiana_type,Euphorbia sebastiana
Euphorbiaceae Type 5,euphorbiaceae_type_5,Euphorbiaceae
Euphorbiaceae Type 6,euphorbiaceae_type_6,Euphorbiaceae
Euphorbiaceae Type 7,euphorbiaceae_type_7,Euphorbiaceae
Euphorbiaceae Type 8,euphorbiaceae_type_8,Euphorbiaceae
Euphorbiaceae Un Diff ALL,euphorbiaceae_un_diff_all,Euphorbiaceae
Euphorbiaceae undiff.,euphorbiaceae_undiff,Euphorbiaceae
EUPHORBIACEAE Unid,euphorbiaceae_unid,Euphorbiaceae
Euphrasia,euphrasia,Euphrasia-type
Euphrasia-type,euphrasia_type,Euphrasia-type
Euphrob,euphrob,Euphorbiaceae
Euplassa,euplassa,Euplassa-type
Euplassa-type,euplassa_type,Euplassa-type
Euterpe,euterpe,Euterpe-type
Euterpe-type,euterpe_type,Euterpe-type
Euterpe (type 1),euterpe_type_1,Euterpe-type
Euterpe (type 2),euterpe_type_2,Euterpe-type
Euterpe breit,euterpe_breit,Euterpe-type
Euterpe/Geonoma,euterpe_geonoma,Euterpe-type
Euterpe/Geonoma-type,euterpe_geonoma_type,Euterpe-type
Euterpe/Geonoma - type,euterpe_geonoma_minus_type,Euterpe-type
Evolvulus,evolvulus,Evolvulus
Evolvus sp,evolvus_sp,Evolvulus
Exotic (Kochia),exotic_kochia,delete
Exotic (Lycopodium),exotic_lycopodium,delete
Exotic ct.,exotic_ct,delete
Exotic hit,exotic_hit,delete
Fab. © syncolpate,fab_c_syncolpate,Fabaceae
Fabac,fabac,Fabaceae
Fabacae I,fabacae_i,Fabaceae
Fabaceae,fabaceae,Fabaceae
Fabaceae-Acaciae,fabaceae_minus_acaciae,Fabaceae
Fabaceae-Mimosae,fabaceae_minus_mimosae,Fabaceae
Fabaceae-t,fabaceae_t,Fabaceae
FABACEAE (Bauhinia-t),fabaceae_bauhinia_t,Bauhinia-type
Fabaceae (C) Cassia-type,fabaceae_c_cassia_type,Cassia-type
Fabaceae (Caesalpinea type),fabaceae_caesalpinea_type,Caesalpinia-type
Fabaceae (cf. Holocalix),fabaceae_cf_holocalix,Holocalix-type
Fabaceae (cf.Astragalus),fabaceae_cf_astragalus,Astragalus-type
Fabaceae (cf.Tipuana),fabaceae_cf_tipuana,Tipuana-type
Fabaceae (Lathyrus type),fabaceae_lathyrus_type,Lathyrus/Vicia
Fabaceae (Leg c3p3 ver SF),fabaceae_leg_c3p3_ver_sf,Fabaceae
Fabaceae (leg d c3p3),fabaceae_leg_d_c3p3,Fabaceae
Fabaceae (M),fabaceae_m,Fabaceae
Fabaceae (microreticulate),fabaceae_microreticulate,Fabaceae
Fabaceae (P) CP3 microret 21x17µm,fabaceae_p_cp3_microret_21x17mu_m,Fabaceae
Fabaceae (P) CP3 psil 21x15µm,fabaceae_p_cp3_psil_21x15mu_m,Fabaceae
Fabaceae (P) CP3 ret het spher 17µm,fabaceae_p_cp3_ret_het_spher_17mu_m,Fabaceae
Fabaceae (P) Cratylia-type,fabaceae_p_cratylia_type,Cratylia-type
Fabaceae (P) Desmodium-type,fabaceae_p_desmodium_type,Desmodium-type
Fabaceae (P) Machaerium-type,fabaceae_p_machaerium_type,Machaerium-type
Fabaceae (P) rectangular/ Dalea,fabaceae_p_rectangular_dalea,Fabaceae
Fabaceae (polyad),fabaceae_polyad,Fabaceae
"Fabaceae (psilate, type 1)",fabaceae_psilate_type_1,Fabaceae
"Fabaceae (psilate, type 2)",fabaceae_psilate_type_2,Fabaceae
"Fabaceae (psilate, type I)",fabaceae_psilate_type_i,Fabaceae
"Fabaceae (psilate, type II)",fabaceae_psilate_type_ii,Fabaceae
"Fabaceae (psilate, type III)",fabaceae_psilate_type_iii,Fabaceae
"Fabaceae (reticulate, type 1)",fabaceae_reticulate_type_1,Fabaceae
"Fabaceae (reticulate, type I)",fabaceae_reticulate_type_i,Fabaceae
"Fabaceae (reticulate, type II)",fabaceae_reticulate_type_ii,Fabaceae
"Fabaceae (reticulate, type III)",fabaceae_reticulate_type_iii,Fabaceae
Fabaceae (Senna sp.),fabaceae_senna_sp,Senna-type
Fabaceae (striate),fabaceae_striate,Fabaceae
Fabaceae (type 1),fabaceae_type_1,Fabaceae
Fabaceae (type 2),fabaceae_type_2,Fabaceae
Fabaceae (type I),fabaceae_type_i,Fabaceae
Fabaceae (type II),fabaceae_type_ii,Fabaceae
Fabaceae (type III),fabaceae_type_iii,Fabaceae
Fabaceae (type IV),fabaceae_type_iv,Fabaceae
Fabaceae (type V),fabaceae_type_v,Fabaceae
Fabaceae (type VI),fabaceae_type_vi,Fabaceae
Fabaceae (Vicia type),fabaceae_vicia_type,Lathyrus/Vicia
Fabaceae © cf Cercidium,fabaceae_c_cf_cercidium,Cercidium
Fabaceae ALL,fabaceae_all,Fabaceae
Fabaceae C3P3 s sp,fabaceae_c3p3_s_sp,Fabaceae
Fabaceae c3p3mr,fabaceae_c3p3mr,Fabaceae
Fabaceae C3P3sm,fabaceae_c3p3sm,Fabaceae
Fabaceae CP3 microret 16x14µm,fabaceae_cp3_microret_16x14mu_m,Fabaceae
Fabaceae CP3 microret semitect 23x17µm,fabaceae_cp3_microret_semitect_23x17mu_m,Fabaceae
Fabaceae CP3 microret tect 24x20µm,fabaceae_cp3_microret_tect_24x20mu_m,Fabaceae
Fabaceae CP3 microret tect spher 20 µm,fabaceae_cp3_microret_tect_spher_20_mu_m,Fabaceae
Fabaceae CP3 psil 17x12µm,fabaceae_cp3_psil_17x12mu_m,Fabaceae
Fabaceae CP3 psil spher,fabaceae_cp3_psil_spher,Fabaceae
Fabaceae CP3 psil subpr >20µm,fabaceae_cp3_psil_subpr_bigger_than_20mu_m,Fabaceae
Fabaceae CP3 ret semitect 20x16µm,fabaceae_cp3_ret_semitect_20x16mu_m,Fabaceae
Fabaceae CP3 scabr,fabaceae_cp3_scabr,Fabaceae
Fabaceae CP3 scabr Dipteryx-type,fabaceae_cp3_scabr_dipteryx_type,Dipteryx-type
Fabaceae Dalbergia2-type,fabaceae_dalbergia2_type,Dalbergia-type
Fabaceae I (small),fabaceae_i_small,Fabaceae
Fabaceae II,fabaceae_ii,Fabaceae
Fabaceae II (medium),fabaceae_ii_medium,Fabaceae
Fabaceae III (large),fabaceae_iii_large,Fabaceae
Fabaceae lisa,fabaceae_lisa,Fabaceae
Fabaceae Mimosoideae Type 2,fabaceae_mimosoideae_type_2,Fabaceae
Fabaceae Mimosoideae Type 3,fabaceae_mimosoideae_type_3,Fabaceae
Fabaceae Mimosoideae Type 5,fabaceae_mimosoideae_type_5,Fabaceae
Fabaceae Mimosoideae Type 7 (CF. Mimosa acerba),fabaceae_mimosoideae_type_7_cf_mimosa_acerba,Fabaceae
Fabaceae Papilionoideae,fabaceae_papilionoideae,Fabaceae
Fabaceae Typ 1,fabaceae_typ_1,Fabaceae
Fabaceae Typ 2,fabaceae_typ_2,Fabaceae
Fabaceae Typ 5,fabaceae_typ_5,Fabaceae
Fabaceae typ1 psi,fabaceae_typ1_psi,Fabaceae
Fabaceae Type 3,fabaceae_type_3,Fabaceae
Fabaceae Type 4,fabaceae_type_4,Fabaceae
Fabaceae Type 5,fabaceae_type_5,Fabaceae
Fabaceae Type 6,fabaceae_type_6,Fabaceae
Fabaceae Undiff,fabaceae_undiff,Fabaceae
FABACEAE Unid,fabaceae_unid,Fabaceae
Fabaceae...55,fabaceae_55,Fabaceae
Fabaceae...56,fabaceae_56,Fabaceae
Fabales (large),fabales_large,Fabaceae
Fabales (Leg operc),fabales_leg_operc,Fabaceae
Fabales (medium),fabales_medium,Fabaceae
Fabales (small),fabales_small,Fabaceae
Fabales I (sm),fabales_i_sm,Fabaceae
Fabales II (m),fabales_ii_m,Fabaceae
Fabales III (l),fabales_iii_l,Fabaceae
Fabiana,fabiana,Fabiana-type
Fabiana-type,fabiana_type,Fabiana-type
Fabiana imbricata,fabiana_imbricata,Fabiana imbricata
Faboideae,faboideae,Fabaceae
Faboideae-type (spheroidal),faboideae_type_spheroidal,Fabaceae
Faboideae (17 µm),faboideae_17_mu_m,Fabaceae
Faboideae (20 µm),faboideae_20_mu_m,Fabaceae
"Faboideae (oblate, type 14)",faboideae_oblate_type_14,Fabaceae
Faboideae (type 1),faboideae_type_1,Fabaceae
Faboideae (type 2),faboideae_type_2,Fabaceae
Faboideae (type I),faboideae_type_i,Fabaceae
Faboideae (type II),faboideae_type_ii,Fabaceae
Faboideae aff. Dalbergia,faboideae_aff_dalbergia,Dalbergia-type
Faboideae undiff.,faboideae_undiff,Fabaceae
Fagara,fagara,Zanthoxylum
Fagara (Rubiaceae),fagara_rubiaceae,Zanthoxylum
Fagara externa,fagara_externa,Zanthoxylum externa
Fagara mayu,fagara_mayu,Zanthoxylum mayu
Fagus,fagus,Fagus
Faramea,faramea,Faramea-type
Faramea-type,faramea_type,Faramea-type
Faramea t,faramea_t,Faramea-type
Farn Enrique,farn_enrique,delete
Ferdinandusa,ferdinandusa,Ferdinandusa
fern  ml ech &lt; 50,fern_ml_ech_lt_50,delete
Fern (monolete psilate large),fern_monolete_psilate_large,delete
Fern (monolete psilate small),fern_monolete_psilate_small,delete
Fern (monolete verrucate large),fern_monolete_verrucate_large,delete
Fern (monolete verrucate small),fern_monolete_verrucate_small,delete
Fern (trilete psilate small),fern_trilete_psilate_small,delete
Fern (trilete verrucate fine),fern_trilete_verrucate_fine,delete
Fern A,fern_a,delete
Fern B,fern_b,delete
Fern C,fern_c,delete
fern ml psi &gt;50,fern_ml_psi_gt_50,delete
fern ml psi &lt;50,fern_ml_psi_lt_50,delete
fern ml ver &gt;50,fern_ml_ver_gt_50,delete
fern ml ver &lt;50,fern_ml_ver_lt_50,delete
Fern spores,fern_spores,delete
fern tl psi &lt;50,fern_tl_psi_lt_50,delete
fern tl ver &lt;50,fern_tl_ver_lt_50,delete
Ficus,ficus,Ficus-type
Ficus-t,ficus_t,Ficus-type
Ficus-type,ficus_type,Ficus-type
Ficus (type 1),ficus_type_1,Ficus-type
Ficus (type 2),ficus_type_2,Ficus-type
Ficus sp,ficus_sp,Ficus-type
Filicales undif.,filicales_undif,delete
Filicales undiff.,filicales_undiff,delete
Filinia,filinia,delete
Filipendula,filipendula,Filipendula
Fimbristylis,fimbristylis,Fimbristylis-type
Fimbristylis sp.,fimbristylis_sp,Fimbristylis-type
Fingerdruck,fingerdruck,delete
Fitzroya,fitzroya,Fitzroya cupressoides
Fitzroya / Pilgerodendron,fitzroya_pilgerodendron,Pilgerodendron uviferum
Fitzroya / Pilgerodendrum,fitzroya_pilgerodendrum,Pilgerodendron uviferum
Fitzroya cupressoides,fitzroya_cupressoides,Fitzroya cupressoides
Fitzroya cupressoides-type,fitzroya_cupressoides_type,Fitzroya cupressoides
Flac-small,flac_minus_small,Flacourtiaceae
Flacourtiaceae,flacourtiaceae,Flacourtiaceae
Fleischmannia,fleischmannia,Fleischmannia-type
Fleishcmania microstemon,fleishcmania_microstemon,Fleischmannia microstemon
Forstern,forstern,delete
Forsteronia,forsteronia,Forsteronia-type
Forsteronia-type,forsteronia_type,Forsteronia-type
Forsteronia (APOCYNAC),forsteronia_apocynac,Forsteronia-type
Forsteronia 2P,forsteronia_2p,Forsteronia-type
Forsteronia 3P,forsteronia_3p,Forsteronia-type
Forsteronia 4P,forsteronia_4p,Forsteronia-type
Forsteronia 5P,forsteronia_5p,Forsteronia-type
Fosteronia,fosteronia,Forsteronia-type
Fragaria,fragaria,Potentilla-type
Frankeniaceae,frankeniaceae,Frankeniaceae
Franseria-type,franseria_type,Ambrosia-type
Fraximus,fraximus,Fraxinus
Fraxinus,fraxinus,Fraxinus
Froesiodendron,froesiodendron,Froesiodendron
Fuchsia,fuchsia,Fuchsia
Fuchsia-type,fuchsia_type,Fuchsia
Fuchsia magellanica,fuchsia_magellanica,Fuchsia
Fuchsia regia,fuchsia_regia,Fuchsia
Fucsia magellanica,fucsia_magellanica,Fuchsia
Fuirena,fuirena,Fuirena
Fungal,fungal,delete
Fungal spore A,fungal_spore_a,delete
Fungal spore B,fungal_spore_b,delete
Fungal spore C,fungal_spore_c,delete
Fungal spore D,fungal_spore_d,delete
Fungal spore E,fungal_spore_e,delete
Fungal spore F,fungal_spore_f,delete
Fungal spores,fungal_spores,delete
Fungal spores_total,fungal_spores_total,delete
Fungi 1,fungi_1,delete
Fungi 2,fungi_2,delete
Fungi 3,fungi_3,delete
Fungi 4,fungi_4,delete
Fungi 5,fungi_5,delete
Fungi 6,fungi_6,delete
Fungi 7,fungi_7,delete
Fungi 8,fungi_8,delete
Fungi 9,fungi_9,delete
Fungi spores,fungi_spores,delete
Fungus spores,fungus_spores,delete
Fushia,fushia,Fuchsia
Gaiadendron,gaiadendron,Gaiadendron
Gaiadendron-Type,gaiadendron_minus_type,Gaiadendron
Gaiadendron (punctate),gaiadendron_punctate,Gaiadendron
Gaimardia,gaimardia,Gaimardia
Galactia,galactia,Galactia-type
Galactophora,galactophora,Galactophora
Galega-type,galega_type,Galega-type
Galium,galium,Galium
Galium-type,galium_type,Galium
Galium chilense,galium_chilense,Galium
Galium sect. Relbunium,galium_sect_relbunium,Galium
Galium undiff.,galium_undiff,Galium
Galium/Relbunium,galium_relbunium,Galium
Gallesia,gallesia,Gallesia
Gallesia-type,gallesia_type,Gallesia
Gallesia-type (Phytolaccaceae),gallesia_type_phytolaccaceae,Gallesia
Gamocarpha poeppigii,gamocarpha_poeppigii,Gamocarpha poeppigii
Garcinia,garcinia,Garcinia
Gardenia,gardenia,Gardenia
Gatenbol,gatenbol,delete
Gaultheria,gaultheria,Gaultheria-type
Gaultheria ulei,gaultheria_ulei,Gaultheria-type
Gaylussacia,gaylussacia,Gaylussacia
Geissomeria,geissomeria,Geissomeria-type
Gelasin. Ret.,gelasin_ret,Gelasine
Gelasinospora,gelasinospora,delete
Gelasinospora sp.,gelasinospora_sp,delete
Gemate Spore,gemate_spore,delete
Genipa,genipa,Genipa
Genipa-t,genipa_t,Genipa
Genlisea,genlisea,Genlisea
Gentiana,gentiana,Gentiana
Gentiana-type,gentiana_type,Gentiana
Gentiana magellanica,gentiana_magellanica,Gentiana magellanica
Gentiana sp.,gentiana_sp,Gentiana
Gentiana/Gentianella,gentiana_gentianella,Gentiana
Gentianac,gentianac,Gentianaceae
Gentianaceae,gentianaceae,Gentianaceae
Gentianaceae-type,gentianaceae_type,Gentianaceae
Gentianaceae (striate-reticulate),gentianaceae_striate_minus_reticulate,Gentianaceae
Gentianaceae Type 1,gentianaceae_type_1,Gentianaceae
Gentianaceae undiff,gentianaceae_undiff,Gentianaceae
Gentianella,gentianella,Gentianella-type
Gentianella-Type,gentianella_minus_type,Gentianella-type
Gentianella cf. G. gilioides,gentianella_cf_g_gilioides,Gentianella gilioides-type
Gentianella magellanica,gentianella_magellanica,Gentianella magellanica
Gentianella sp.,gentianella_sp,Gentianella-type
Geoffroeae,geoffroeae,Geoffroea-type
Geonoma,geonoma,Geonoma
Geonoma 1,geonoma_1,Geonoma
Geonoma 2,geonoma_2,Geonoma
Geonoma 3,geonoma_3,Geonoma
Geonoma/Euterpe,geonoma_euterpe,Geonoma
Geraniaceae,geraniaceae,Geraniaceae
Geraniaceae undiff.,geraniaceae_undiff,Geraniaceae
Geraniaceae...30,geraniaceae_30,Geraniaceae
Geraniaceae...31,geraniaceae_31,Geraniaceae
Geranium,geranium,Geranium
Gesneriaceae,gesneriaceae,Gesneriaceae
Geum,geum,Geum
Gevuina avellana,gevuina_avellana,Gevuina avellana
Gilia,gilia,Gilia
glatt wellen,glatt_wellen,delete
Gleichenia,gleichenia,delete
Gleichenia quadripartita,gleichenia_quadripartita,delete
Gleicheniaceae,gleicheniaceae,delete
Gloetrichia,gloetrichia,delete
Glomus,glomus,delete
Glycydendron,glycydendron,Glycydendron
Gnaphalium,gnaphalium,Asteraceae
Gnaphalium-type,gnaphalium_type,Asteraceae
Godoya,godoya,Godoya
Golfball' (small),golfball_small,delete
Gomphena,gomphena,Gomphrena-type
Gomphrena,gomphrena,Gomphrena-type
Gomphrena-Pfaffia-type,gomphrena_minus_pfaffia_type,Gomphrena-type
Gomphrena-t,gomphrena_t,Gomphrena-type
Gomphrena-type,gomphrena_type,Gomphrena-type
Gomphrena (Amaranthaceae),gomphrena_amaranthaceae,Gomphrena-type
Gomphrena 1,gomphrena_1,Gomphrena-type
Gomphrena 2,gomphrena_2,Gomphrena-type
Gomphrena 3,gomphrena_3,Gomphrena-type
Gomphrena Amaran i-14,gomphrena_amaran_i_minus_14,Gomphrena-type
Gomphrena type 3,gomphrena_type_3,Gomphrena-type
Gomphrena type1,gomphrena_type1,Gomphrena-type
Gomphrena type2,gomphrena_type2,Gomphrena-type
Gomphrena/Pfaffia,gomphrena_pfaffia,Gomphrena-type
Gomphrena/Pfaffia-type,gomphrena_pfaffia_type,Gomphrena-type
Gonocalyx (Ericaceae),gonocalyx_ericaceae,Gonocalyx-type
Gordonia,gordonia,Gordonia
Gordonia fruticosa,gordonia_fruticosa,Gordonia
Gouania,gouania,Gouania-type
Grabowskia ameghinoi,grabowskia_ameghinoi,Grabowskia ameghinoi
Gramineae,gramineae,Poaceae
Gramineae <40µm,gramineae_smaller_than_40mu_m,Poaceae
Gramineae >40µm,gramineae_bigger_than_40mu_m,Poaceae >40
graminoid charcoal,graminoid_charcoal,delete
Grammitidaceae undif.,grammitidaceae_undif,delete
Grammitis,grammitis,delete
Grammitis-t,grammitis_t,delete
Grammitis-t (H-238),grammitis_t_h_minus_238,delete
Greigia,greigia,Greigia
Griselinia,griselinia,Griselinia
Griselinia-type,griselinia_type,Griselinia
Griselinia cf. G. ruscifolia,griselinia_cf_g_ruscifolia,Griselinia
Guapira,guapira,Guapira
Guapira-t,guapira_t,Guapira
Guarea,guarea,Guarea
Guatteria,guatteria,Guatteria
Guazuma,guazuma,Guazuma-type
Guazuma-type,guazuma_type,Guazuma-type
Guettarda,guettarda,Guettarda-type
Guettarda combsi,guettarda_combsi,Guettarda
Gunmeraceae,gunmeraceae,Gunneraceae
Gunnera,gunnera,Gunnera
Gunnera-t,gunnera_t,Gunnera
Gunnera-type,gunnera_type,Gunnera
Gunnera magellanica,gunnera_magellanica,Gunnera magellanica
Gunnera manicata,gunnera_manicata,Gunnera manicata
Gunnera masafuerae,gunnera_masafuerae,Gunnera masafuerae
Gunnera tinctorea,gunnera_tinctorea,Gunnera tinctorea
Gunneraceae,gunneraceae,Gunneraceae
Gunneraceae Type 1 (cf Gunnera),gunneraceae_type_1_cf_gunnera,Gunneraceae
Gustavia,gustavia,Gustavia
Gustavia (type 1),gustavia_type_1,Gustavia
Gustavia (type 2),gustavia_type_2,Gustavia
GUTIFERA-t,gutifera_t,Guttiferae
GUTIFERAE-t,gutiferae_t,Guttiferae
Guttifera,guttifera,Guttiferae
Guttiferae,guttiferae,Guttiferae
Guttiferae (Clusiaceae),guttiferae_clusiaceae,Guttiferae
Gymnanthes,gymnanthes,Gymnanthes-type
Gymnanthes sp. (Euphorbiaceae),gymnanthes_sp_euphorbiaceae,Gymnanthes-type
Gymnophyton,gymnophyton,Gymnophyton
Gymnopodium,gymnopodium,Gymnopodium
Gynoxys-type,gynoxys_type,Gynoxys-type
Gyranthera,gyranthera,Gyranthera
Habenaria-type,habenaria_type,Habenaria
Haematoxylon,haematoxylon,Haematoxylum-type
Haematoxylum,haematoxylum,Haematoxylum-type
Haematoxylum campechianum (Fabaceae),haematoxylum_campechianum_fabaceae,Haematoxylum-type
Haemotoxylum type,haemotoxylum_type,Haematoxylum-type
Haloragis,haloragis,delete
Hamadryas delfini,hamadryas_delfini,Hamadryas
Hampea trilobata,hampea_trilobata,Hampea trilobata
Havardia,havardia,Havardia-type
Hedyosmu,hedyosmu,Hedyosmum
Hedyosmum,hedyosmum,Hedyosmum
Hedyosmum-t,hedyosmum_t,Hedyosmum
Hedyosmum-type,hedyosmum_type,Hedyosmum
Hedyosmum - Chlorantaceae,hedyosmum_minus_chlorantaceae,Hedyosmum
Hedyosmum brasiliense,hedyosmum_brasiliense,Hedyosmum
Hedyotis-type,hedyotis_type,Hedyotis
Heisteria,heisteria,Heisteria
Heliamphora,heliamphora,Heliamphora
Helicarpus,helicarpus,Heliocarpus
Heliconia,heliconia,Helioconia
Helicostylis,helicostylis,Helicostylis
Helicteres,helicteres,Helicteres
Helicteres sp1,helicteres_sp1,Helicteres
Heliocarpus,heliocarpus,Heliocarpus
Heliocarpus-t,heliocarpus_t,Heliocarpus
Heliocarpus - Tiliaceae,heliocarpus_minus_tiliaceae,Heliocarpus
Heliotropium,heliotropium,Heliotropium
Heliotropium sp,heliotropium_sp,Heliotropium
Heliotropium stenophylum,heliotropium_stenophylum,Heliotropium
Hemitelia,hemitelia,delete
Herrania,herrania,Herrania-type
Herrania-t,herrania_t,Herrania-type
Hesperomeles,hesperomeles,Hesperomeles
Heteropteris,heteropteris,Heteropteris
Heteropterys,heteropterys,Heteropteris
Heuleophyton (MALPIG),heuleophyton_malpig,Henleophytum
Hevea,hevea,Hevea-type
Hibiscus,hibiscus,Hibiscus
Hieracium,hieracium,Asteraceae-Liguliflorae
Hieraea/Malpighia,hieraea_malpighia,delete
Hieronyma,hieronyma,Hyeronima
Hieronyma (type 1),hieronyma_type_1,Hyeronima
Hieronyma (type 2),hieronyma_type_2,Hyeronima
Hieronyma (type 3),hieronyma_type_3,Hyeronima
Hieronyma (type II),hieronyma_type_ii,Hyeronima
Hieronyma undiff.,hieronyma_undiff,Hyeronima
Himatanthus,himatanthus,Himatanthus
Hippeastrum,hippeastrum,Hippeastrum
Hippiastrum,hippiastrum,Hippeastrum
Hippocratea,hippocratea,Hippocratae
Hippocratea sp. (Celastraceae),hippocratea_sp_celastraceae,Hippocratae
Hippocratea volubilis,hippocratea_volubilis,Hippocratea volubilis
Hippocratea volubilis (Hippocrataceae),hippocratea_volubilis_hippocrataceae,Hippocratea volubilis
Hippocrateae,hippocrateae,Hippocrataceae
Hippocrateae type,hippocrateae_type,Hippocrataceae
Hippuris vulgaris,hippuris_vulgaris,delete
Hipsela reniformis,hipsela_reniformis,Hipsela
Hiraea,hiraea,Hiraea
Hirea,hirea,Hiraea
Hirtella,hirtella,Hirtellas
Histiopteris,histiopteris,delete
Histiopteris incisa,histiopteris_incisa,delete
Histrichosphaeridae,histrichosphaeridae,delete
Hoffmannseggia-type,hoffmannseggia_type,Hoffmannseggia-type
Holodiscus,holodiscus,Holodiscus
Hongos,hongos,delete
Humiria,humiria,Humiria-type
Humiria-t,humiria_t,Humiria-type
Humiria-type,humiria_type,Humiria-type
Humiriaceae,humiriaceae,Humiriaceae
HUMIRIACEAE-t,humiriaceae_t,Humeriaceae
Humulus-type,humulus_type,Humulus-type
Huperzia,huperzia,delete
Huperzia selago,huperzia_selago,delete
Huperzia Type 1,huperzia_type_1,delete
Hura,hura,Hura-type
Hura-type,hura_type,Hura-type
Hyalis argentea,hyalis_argentea,Hyalis-type
Hydrangea,hydrangea,Hydrangea
Hydrangea serratifolia,hydrangea_serratifolia,Hydrangia serratifolia
Hydrangeaceae,hydrangeaceae,Hydrangeaceae
Hydrangeae,hydrangeae,Hydrangea
Hydrocharis,hydrocharis,delete
Hydrocleis,hydrocleis,delete
Hydrocot,hydrocot,delete
Hydrocotyle,hydrocotyle,delete
Hydrocotyle-type,hydrocotyle_type,delete
Hydrocotyle-Type,hydrocotyle_minus_type,delete
Hydrocotyle (H-226),hydrocotyle_h_minus_226,delete
Hydrocotyle poeppigii,hydrocotyle_poeppigii,delete
Hydrocotyle sp1,hydrocotyle_sp1,delete
Hydrogaster,hydrogaster,Hydrogaster
Hydrophyllaceae,hydrophyllaceae,Hydrophyllaceae
Hydrostrych?,hydrostrych,Hydrotriche
Hyeraea/Schwannia,hyeraea_schwannia,delete
Hyeronim,hyeronim,Hyeronima
Hyeronima,hyeronima,Hyeronima
Hyeronima-t,hyeronima_t,Hyeronima
Hyeronima-type (Euphorbiaceae),hyeronima_type_euphorbiaceae,Hyeronima
Hyeronima type 1,hyeronima_type_1,Hyeronima
Hyeronimia,hyeronimia,Hyeronima
Hygrophila,hygrophila,Hygrophila
Hylopteris-t (H-324),hylopteris_t_h_minus_324,delete
Hymenaea,hymenaea,Hymenaea-type
Hymenaea-type,hymenaea_type,Hymenaea-type
Hymenea,hymenea,Hymenaea-type
Hymenoglossum,hymenoglossum,delete
Hymenoglossum cruentum,hymenoglossum_cruentum,delete
Hymenolobium,hymenolobium,Hymernolobium-type
Hymenop,hymenop,delete
Hymenophyllaceae,hymenophyllaceae,delete
Hymenophyllaceae undiff.,hymenophyllaceae_undiff,delete
Hymenophyllum,hymenophyllum,delete
Hymenophyllum-type,hymenophyllum_type,delete
Hymenophyllum-Type,hymenophyllum_minus_type,delete
Hypericaceae,hypericaceae,delete
Hypericum,hypericum,Hypericum
Hypericum-t,hypericum_t,Hypericum
Hypericum-type,hypericum_type,Hypericum
Hyphomycetes,hyphomycetes,delete
Hypochoeris,hypochoeris,Asteraceae-Liguliflorae
Hypolepis,hypolepis,delete
Hypolepis poeppigii,hypolepis_poeppigii,delete
Hypolepis type,hypolepis_type,delete
Hyptis,hyptis,Hyptis-type
Hyptis-type,hyptis_type,Hyptis-type
Hyptis bervipes,hyptis_bervipes,Hyptis-type
i c3 ech,i_c3_ech,delete
i c3 fine r k,i_c3_fine_r_k,delete
I c3 lang,i_c3_lang,delete
i C3 ps,i_c3_ps,delete
i C3 ret lang,i_c3_ret_lang,delete
i c3p3 f psilate,i_c3p3_f_psilate,delete
i c3p3 m-g fine ret,i_c3p3_m_minus_g_fine_ret,delete
i c3p3 ps cl,i_c3p3_ps_cl,delete
i c3p3 ps d,i_c3p3_ps_d,delete
i c3p3 ps fine s,i_c3p3_ps_fine_s,delete
i C4P4 re kr,i_c4p4_re_kr,delete
i C6 rund kl,i_c6_rund_kl,delete
i Farn neu,i_farn_neu,delete
i Fla gr CPviele,i_fla_gr_c_pviele,delete
i Fla klein,i_fla_klein,delete
i Quer,i_quer,delete
i ret rund,i_ret_rund,delete
i Rub cf Alseis,i_rub_cf_alseis,delete
i Rub ret gr,i_rub_ret_gr,delete
i tetrade tect,i_tetrade_tect,delete
IBB-15,ibb_minus_15,delete
IBB-16,ibb_minus_16,delete
IBB-17,ibb_minus_17,delete
IBB-29,ibb_minus_29,delete
IBB-31,ibb_minus_31,delete
IBB-37,ibb_minus_37,delete
IBB-39,ibb_minus_39,delete
IBB-41,ibb_minus_41,delete
IBB-42,ibb_minus_42,delete
IBB-43,ibb_minus_43,delete
IBB-9,ibb_minus_9,delete
Ichthyothere,ichthyothere,Ichthyothere-type
Ilex,ilex,Ilex
Ilex -  Aquifoliaceae,ilex_minus_aquifoliaceae,Ilex
Impatiens,impatiens,Impatiens
Impatiens type,impatiens_type,Impatiens
Impatiens type 3,impatiens_type_3,Impatiens
Impatiens type 4,impatiens_type_4,Impatiens
Impatiens type2,impatiens_type2,Impatiens
Inaperturate cf Bromel/Aracec,inaperturate_cf_bromel_aracec,Bromeliaceae
ind c3,ind_c3,delete
ind c3 dick exine,ind_c3_dick_exine,delete
ind c3 lang ret,ind_c3_lang_ret,delete
ind c3 rund fret,ind_c3_rund_fret,delete
ind c3p3 fr flac,ind_c3p3_fr_flac,delete
ind c3p3 ps f,ind_c3p3_ps_f,delete
ind c3p3 ps fine,ind_c3p3_ps_fine,delete
ind leg kl ret,ind_leg_kl_ret,delete
ind p2,ind_p2,delete
ind Rub-Leg,ind_rub_minus_leg,delete
indet,indet,delete
Indet. broken,indet_broken,delete
Indet. concealed,indet_concealed,delete
Indet. corroded,indet_corroded,delete
Indet. crumpled,indet_crumpled,delete
Indet. degraded,indet_degraded,delete
Indeter,indeter,delete
Indeterm,indeterm,delete
Indeterminable,indeterminable,delete
Indeterminable...301,indeterminable_301,delete
Indeterminable...302,indeterminable_302,delete
Indeterminable...303,indeterminable_303,delete
Indeterminable...304,indeterminable_304,delete
Indeterminados,indeterminados,delete
indeterminata,indeterminata,delete
Indeterminate,indeterminate,delete
Indeterminate/destroyed pollen,indeterminate_destroyed_pollen,delete
Indeterminates,indeterminates,delete
Indeterninate,indeterninate,delete
Indigofera-type,indigofera_type,Indigofera-type
Indigofera t,indigofera_t,Indigofera-type
Inga,inga,Inga-type
Inga-type,inga_type,Inga-type
Inga sp.,inga_sp,Inga-type
Ipomoea,ipomoea,Ipomoea
Ipomoea cf. I. batatas,ipomoea_cf_i_batatas,Ipomoea batatas
Ipomoeba,ipomoeba,Ipomoea
Iresine,iresine,Iresine-type
Iresine-type,iresine_type,Iresine-type
Iresine/Alternathera,iresine_alternathera,Iresine-type
Irianthera,irianthera,Iryanthera
Iriartea,iriartea,Iriartea
Iriartea-t,iriartea_t,Iriartea
Iriartea-type,iriartea_type,Iriartea
Iriartea deltoidea,iriartea_deltoidea,Iriartea deltoidea
Iriartella,iriartella,Iriartella
Irid lar,irid_lar,delete
Irida kl,irida_kl,Iridaceae
Iridaceae,iridaceae,Iridaceae
Iridaceae (psilate),iridaceae_psilate,Iridaceae
Iridaceae (reticulate),iridaceae_reticulate,Iridaceae
Iridaceae (type I),iridaceae_type_i,Iridaceae
Iridaceae (type II),iridaceae_type_ii,Iridaceae
Iridaceae I (small),iridaceae_i_small,Iridaceae
Iridaceae II (large),iridaceae_ii_large,Iridaceae
Iridaceae ret,iridaceae_ret,Iridaceae
Iridaceae Type 1,iridaceae_type_1,Iridaceae
Iridaceae undiff.,iridaceae_undiff,Iridaceae
Iridaceae...34,iridaceae_34,Iridaceae
Iridaceae...35,iridaceae_35,Iridaceae
Irlbachia,irlbachia,Irlbachia
Iryanthera,iryanthera,Iryanthera
Isertia,isertia,Insertia
Isoete,isoete,delete
Isoetes,isoetes,delete
Isoetes ALL,isoetes_all,delete
Isoetes megaspores,isoetes_megaspores,delete
Isoetes micrspores,isoetes_micrspores,delete
Isoetes savatieri,isoetes_savatieri,delete
Isoetes Type 1,isoetes_type_1,delete
Isoetes Type 2,isoetes_type_2,delete
Jacaranda,jacaranda,Jacaranda
Jacaranda-t,jacaranda_t,Jacaranda
Jacaranda (type 2),jacaranda_type_2,Jacaranda
Jacobina/Justica-type,jacobina_justica_type,Justicia
Jacquemontia,jacquemontia,Jaquemontia
Jamesonia,jamesonia,delete
Jamesonia-t,jamesonia_t,delete
Jamesonia-type,jamesonia_type,delete
Jatropa,jatropa,Jatropha
Joined Spore,joined_spore,delete
Joosia,joosia,Joosia
Juania australis,juania_australis,Juania australis
Juglandaceae,juglandaceae,Juglandaceae
Juglandaceae ALL,juglandaceae_all,Juglandaceae
Juglandaceae Type 1 (cf Juglans),juglandaceae_type_1_cf_juglans,Juglans
Juglans,juglans,Juglans
Juglans - Juglandaceae,juglans_minus_juglandaceae,Juglans
Julocroton,julocroton,Julocroton
Jun/Holo,jun_holo,delete
Juncac,juncac,Juncaceae
Juncaceae,juncaceae,Juncaceae
juncaginaceae,juncaginaceae,Juncaginaceae
Juncus,juncus,Juncaceae
Jungia-type,jungia_type,Jungia-type
Junip,junip,Juniperus
Juniperus,juniperus,Juniperus
Juniperus-type,juniperus_type,Juniperus
Justicia,justicia,Justicia
Justicia-t,justicia_t,Justicia
Kochia (mg),kochia_mg,delete
Kochia introduced,kochia_introduced,Amaranthaceae
Kochia scoparia (marker),kochia_scoparia_marker,delete
Kochia scoparia added,kochia_scoparia_added,delete
Kochia/mg,kochia_mg_2,delete
Koenigia,koenigia,Koenigia
Koenigia-type,koenigia_type,Koenigia
Koenigia islandica,koenigia_islandica,Koenigia
komische Alge,komische_alge,delete
Krameria-type,krameria_type,Krameria
Lab larg,lab_larg,Lamiaceae
Lab smal,lab_smal,Lamiaceae
Labatia,labatia,Lamiaceae
Labiatae,labiatae,Lamiaceae
Labiatae (Lamiaceae),labiatae_lamiaceae,Lamiaceae
Lachem/Lysiponia,lachem_lysiponia,Lachemilla
Lachemilla,lachemilla,Lachemilla
Lacistema agregatum,lacistema_agregatum,Lacistema agregatum
Lacmellea,lacmellea,Lacmellea
Lacmellea-type,lacmellea_type,Lacmellea-type
Lacmellea sp.,lacmellea_sp,Lacmellea
Lactuca-type,lactuca_type,Asteraceae-Liguliflorae
Laetia-t,laetia_t,Laetia
Laetia aff. L. coriacea,laetia_aff_l_coriacea,Laetia coriacea
Lafoensia,lafoensia,Lafoensia-type
Lafoensia-type,lafoensia_type,Lafoensia-type
Lagenocarpus,lagenocarpus,Lagenocarpus
Laguncularia,laguncularia,Laguncularia
Laguncularia-type,laguncularia_type,Laguncularia
Laguncularia racemosa,laguncularia_racemosa,Lagunculartia racemosa
Lam spec,lam_spec,delete
Lamanonia,lamanonia,Lamanonia
Lamanonia cf. L. speciosa,lamanonia_cf_l_speciosa,Lamanonia
Lamanonia speciosa-type,lamanonia_speciosa_type,Lamanonia
Lamiac,lamiac,Lamiaceae
Lamiaceae,lamiaceae,Lamiaceae
"Lamiaceae (hexacolpate, scabrate, 40 µm)",lamiaceae_hexacolpate_scabrate_40_mu_m,Lamiaceae
Lamiaceae neu,lamiaceae_neu,Lamiaceae
Lamiaceae undiff.,lamiaceae_undiff,Lamiaceae
Lamicaeae Type 1,lamicaeae_type_1,Lamiaceae
Laminaceae,laminaceae,Lamiaceae
Lamonia speciosa,lamonia_speciosa,delete
Lamourouxia-t,lamourouxia_t,Lamourouxia
Lamourouxia/Rumex,lamourouxia_rumex,Lamourouxia
Lampaya-type,lampaya_type,Lampaya-type
Lantana,lantana,Lantana
Lantana-t,lantana_t,Lantana
Lapageria,lapageria,Lapageria
Lapageria rosea,lapageria_rosea,Lapageria
Laplacea,laplacea,Gordonia
Laplacea sp2,laplacea_sp2,Gordonia
Laportea,laportea,Laportea-type
Laportea-type,laportea_type,Laportea-type
Laportia,laportia,Laportea-type
large charcoal,large_charcoal,delete
Larrea,larrea,Larrea
Larrea divaricata,larrea_divaricata,Larrea divaricata
Lastarriacea,lastarriacea,Polygonaceae
Lastarriaea chilensis-type,lastarriaea_chilensis_type,Polygonaceae
Lastarriaeae type (Polyg),lastarriaeae_type_polyg,Polygonaceae
Lat-Schinus-type,lat_minus_schinus_type,Schinus-type
Lathyrus,lathyrus,Lathyrus/Vicia
Lathyrus-type,lathyrus_type,Lathyrus/Vicia
Lauraceae,lauraceae,Lauraceae
Lauraceae-type (Ocotea),lauraceae_type_ocotea,Ocotea
Lauraceae 1,lauraceae_1,Lauraceae
Lauraceae 2/Hedyosmum,lauraceae_2_hedyosmum,delete
Lauraceae 3,lauraceae_3,Lauraceae
Lauraceae cf. Aniba,lauraceae_cf_aniba,Aniba
Laurelia,laurelia,Laurelia
Laurelia/Laurelipsis,laurelia_laurelipsis,Laurelia laurelipsis
Laureliopsis philippiana,laureliopsis_philippiana,Laureliopsis philippiana
Laurembergia,laurembergia,Laurembergia
LC-I,lc_minus_i,delete
Lecythidac,lecythidac,Lecythidaceae
Lecythidaceae,lecythidaceae,Lecythidaceae
Lecythidaceae-type,lecythidaceae_type,Lecythidaceae
Lecythidaceae undiff.,lecythidaceae_undiff,Lecythidaceae
Leg-sol,leg_minus_sol,Fabaceae
Leg 15,leg_15,Fabaceae
Leg Caes,leg_caes,Fabaceae
Leg gr r,leg_gr_r,Fabaceae
Leg II p,leg_ii_p,Fabaceae
Leg Mim,leg_mim,Fabaceae
Leg mit,leg_mit,Fabaceae
Leg Pap,leg_pap,Fabaceae
Legousia,legousia,Legousia
Leguminosae,leguminosae,Fabaceae
Leguminosae/Cae.,leguminosae_cae,Fabaceae
Leguminosae/Mim.,leguminosae_mim,Fabaceae
Leguminosae/Pap.,leguminosae_pap,Fabaceae
Leguminosae/Sapotaceae,leguminosae_sapotaceae,Fabaceae
Lellingeria-Type,lellingeria_minus_type,delete
Lemna,lemna,delete
Lemnaceae,lemnaceae,delete
Lentibulariaceae,lentibulariaceae,Lentibulariaceae
Lenzia-type,lenzia_type,Lenzia-type
Leonia,leonia,Ieonia
Lepidaploa,lepidaploa,Lepidaploa-type
Lepidium,lepidium,Brassicaceae
Lepidoceras,lepidoceras,Lepidoceras
Lepidoceras kingii,lepidoceras_kingii,Lepidoceras kingii
Lepidothamnus,lepidothamnus,Dacrydium
Lepidothamnus counts (out of 25),lepidothamnus_counts_out_of_25,delete
Lepidothamnus fonckii,lepidothamnus_fonckii,Dacrydium
Lepidothamnus fonkii,lepidothamnus_fonkii,Dacrydium
Leptocarpus simplex,leptocarpus_simplex,Leptocarpus simplex
Leucheria,leucheria,Asteraceae
Leucheria type,leucheria_type,Asteraceae
Libertia ixiodes,libertia_ixiodes,Libertia ixiodes
Licania,licania,Licania
"Licania-t,",licania_t,Licania
Licania/Siphocampylus-t,licania_siphocampylus_t,Licania
Licaria,licaria,Licaria
Licopodium Fueguinum,licopodium_fueguinum,delete
Liguli k,liguli_k,Asteraceae-Liguliflorae
Liguliflorae,liguliflorae,Asteraceae-Liguliflorae
Lilaea,lilaea,Lilaea
Liliaceae,liliaceae,Liliaceae
Liliaceae-type,liliaceae_type,Liliaceae
Liliaceae-Type,liliaceae_minus_type,Liliaceae
Liliaceae (Astelia),liliaceae_astelia,Liliaceae
Liliaceae undiff,liliaceae_undiff,Liliaceae
Liliflorae,liliflorae,delete
Lilifloras,lilifloras,delete
Linaceae,linaceae,Linaceae
Lindernia,lindernia,Lindernia
Lindernia type (Scrophul),lindernia_type_scrophul,Lindernia
Lindsaea,lindsaea,delete
Lindsaea-t,lindsaea_t,delete
Linum,linum,Linum
Liquidambar,liquidambar,Liquidambar
Liso~SM-IV,liso_sm_minus_iv,delete
Lith/sch,lith_sch,delete
Litharea/Schinus-type,litharea_schinus_type,Schinus-type
Lithraea,lithraea,Lithraea
Lithraea-Schinus type,lithraea_minus_schinus_type,Lithraea
Lithraea/Schinus,lithraea_schinus,Lithraea
Lithraea/Schinus-type,lithraea_schinus_type,Lithraea
Lithrea/Schinus,lithrea_schinus,Lithraea
Littorella,littorella,delete
Littorella australis,littorella_australis,delete
Lobelia,lobelia,Lobelia
Lobelia tenera,lobelia_tenera,Lobelia
Loganiaceae,loganiaceae,Loganiaceae
Lomatia,lomatia,Lomatia
Lomatia-type,lomatia_type,Lomatia
Lomatia ferruginea,lomatia_ferruginea,Lomatia ferruginea
Lomatia ferruginosa,lomatia_ferruginosa,Lomatia ferruginosa
Lomatia hirsuta-Type,lomatia_hirsuta_minus_type,Lomatia hirsuta
Lomatia/Gevuina,lomatia_gevuina,Lomatia gevuina
Lonchocarpus,lonchocarpus,Lonchocarpus-type
Lonicera,lonicera,Loniceras
Loph qua,loph_qua,delete
Lophopappus-type,lophopappus_type,delete
Lophosoria,lophosoria,delete
Lophosoria (H-284),lophosoria_h_minus_284,delete
Lophosoria quadripinnata,lophosoria_quadripinnata,delete
Lorantaceae,lorantaceae,Loranthaceae
Loranthac,loranthac,Loranthaceae
Loranthaceae,loranthaceae,Loranthaceae
LORANTHACEAE-t,loranthaceae_t,Loranthaceae
Loranthaceae (Gaiadendron),loranthaceae_gaiadendron,Gaiadendron
Loranthaceae (other),loranthaceae_other,Loranthaceae
Loranthaceae sp1,loranthaceae_sp1,Loranthaceae
Loranthaceae sp2,loranthaceae_sp2,Loranthaceae
Loranthaceae undiff,loranthaceae_undiff,Loranthaceae
Loricaria,loricaria,Loricaria-type
Loricaria-type,loricaria_type,Loricaria-type
Losopha quadripinnata,losopha_quadripinnata,delete
Lotus,lotus,Lotus-type
Lotus-type,lotus_type,Lotus-type
Loxopterygium,loxopterygium,Loxopterygium
Ludwigia,ludwigia,delete
Ludwigia (Onagraceae),ludwigia_onagraceae,delete
Luehea,luehea,Luehea
Lueheopsis,lueheopsis,Lueheopsis
Luetzelburgia,luetzelburgia,Luetzelburgia-type
Luhea,luhea,Luehea
Luhea klein,luhea_klein,Luehea
Luma apiculata,luma_apiculata,Luma apiculata
Luma chequen,luma_chequen,Luma
Lundia sp.,lundia_sp,Lundia
Lupinus,lupinus,Lupinus-type
Lupinus-type,lupinus_type,Lupinus-type
Lupinus(psilate)/Trifolium,lupinus_psilate_trifolium,Lupinus-type
Luzuriaga,luzuriaga,Luzuragia
Lyc alop,lyc_alop,delete
Lyc. Cernuum,lyc_cernuum,delete
Lyc. Contextum,lyc_contextum,delete
Lyc. fov,lyc_fov,delete
Lyccopodium cernuum,lyccopodium_cernuum,delete
Lycium,lycium,Lycium
Lycium sp.,lycium_sp,Lycium
Lyco cla,lyco_cla,delete
Lycop/Tablet,lycop_tablet,delete
Lycopod,lycopod,delete
Lycopod fov,lycopod_fov,delete
Lycopod ret,lycopod_ret,delete
Lycopodiaceae,lycopodiaceae,delete
Lycopodiaceae (foveolate),lycopodiaceae_foveolate,delete
Lycopodiella,lycopodiella,delete
Lycopodiella cernua,lycopodiella_cernua,delete
Lycopodium,lycopodium,delete
Lycopodium (form type foveolate),lycopodium_form_type_foveolate,delete
Lycopodium (foveolate),lycopodium_foveolate,delete
Lycopodium (grains/tablet),lycopodium_grains_tablet,delete
Lycopodium (large),lycopodium_large,delete
Lycopodium (reticulate),lycopodium_reticulate,delete
Lycopodium (small),lycopodium_small,delete
Lycopodium 2,lycopodium_2,delete
Lycopodium alopecuroides,lycopodium_alopecuroides,delete
Lycopodium alupecuroides-Type,lycopodium_alupecuroides_minus_type,delete
Lycopodium cernum,lycopodium_cernum,delete
Lycopodium cernumm,lycopodium_cernumm,delete
Lycopodium cernuum,lycopodium_cernuum,delete
Lycopodium cernuum-type,lycopodium_cernuum_type,delete
Lycopodium clavatum,lycopodium_clavatum,delete
Lycopodium clavatum-type,lycopodium_clavatum_type,delete
Lycopodium concentration,lycopodium_concentration,delete
Lycopodium concentration per tablet,lycopodium_concentration_per_tablet,delete
Lycopodium contextum,lycopodium_contextum,delete
Lycopodium counted (…),lycopodium_counted,delete
Lycopodium counts,lycopodium_counts,delete
Lycopodium counts [n] of 37168 spores added,lycopodium_counts_n_of_37168_spores_added,delete
Lycopodium cuatrecassasii-type,lycopodium_cuatrecassasii_type,delete
Lycopodium curvatum-Type,lycopodium_curvatum_minus_type,delete
Lycopodium exotic,lycopodium_exotic,delete
Lycopodium fuegianum,lycopodium_fuegianum,delete
Lycopodium gayanum,lycopodium_gayanum,delete
Lycopodium magellanicum,lycopodium_magellanicum,delete
Lycopodium paniculatum,lycopodium_paniculatum,delete
Lycopodium spike,lycopodium_spike,delete
Lycopodium spike counted,lycopodium_spike_counted,delete
Lycopodium spikes,lycopodium_spikes,delete
Lycopodium spikes per tablet,lycopodium_spikes_per_tablet,delete
Lycopodium spores/tablet,lycopodium_spores_tablet,delete
Lycopodium tablet conc,lycopodium_tablet_conc,delete
Lycopodium tablet concentration,lycopodium_tablet_concentration,delete
Lycopodium tablet concetration,lycopodium_tablet_concetration,delete
Lycopodium tablets,lycopodium_tablets,delete
Lycopodium tablets (c.spk.),lycopodium_tablets_c_spk,delete
Lycopodium tablets (number),lycopodium_tablets_number,delete
Lycopodium tablets (q.spk.),lycopodium_tablets_q_spk,delete
Lycopodium tablets added,lycopodium_tablets_added,delete
Lycopodium tablets conc,lycopodium_tablets_conc,delete
Lycopodium tablets concentration,lycopodium_tablets_concentration,delete
Lycopodium tablets...2,lycopodium_tablets_2,delete
Lycopodium tablets...3,lycopodium_tablets_3,delete
Lycopodium tablets...4,lycopodium_tablets_4,delete
Lycopodium tablets...71,lycopodium_tablets_71,delete
Lycopodium tablets...72,lycopodium_tablets_72,delete
Lycopodium triane,lycopodium_triane,delete
Lycopodium Type 1,lycopodium_type_1,delete
Lycopodium undiff.,lycopodium_undiff,delete
Lycopodium...3,lycopodium_3,delete
Lygodium,lygodium,delete
Lygodium vobile,lygodium_vobile,delete
Lysipomia,lysipomia,Lysipomia
Lysipomia (Rhizocephalum sensu stricto),lysipomia_rhizocephalum_sensu_stricto,Lysipomia
Lysipomia laciniata-type,lysipomia_laciniata_type,Lysipomia
Lysipomia undiff.,lysipomia_undiff,Lysipomia
Lysiponia-t,lysiponia_t,Lysipomia
Lythraceae,lythraceae,Lythraceae
Lythraceae sp1,lythraceae_sp1,Lythraceae
Lythraceae Type 1,lythraceae_type_1,Lythraceae
Lytraceae,lytraceae,Lythraceae
M. scabrella,m_scabrella,delete
Mabea,mabea,Mabea-type
Mabea-type,mabea_type,Mabea-type
Mabea (type 1),mabea_type_1,Mabea-type
Mabea (type 2),mabea_type_2,Mabea-type
Mabea/Gunnera,mabea_gunnera,delete
Macaranga,macaranga,Macaranga-type
Machaer/Dalb,machaer_dalb,Machaerium-type
Machaerium,machaerium,Machaerium-type
Machaerium-t,machaerium_t,Machaerium-type
Machaerium-type,machaerium_type,Machaerium-type
Machaerium - type,machaerium_minus_type,Machaerium-type
Machaerium (type 2),machaerium_type_2,Machaerium-type
Machaerium/Byrsonima (type 1),machaerium_byrsonima_type_1,Machaerium-type
Machaerium/Byrsonima (type 2),machaerium_byrsonima_type_2,Machaerium-type
Machaerium/Byrsonima (type 3),machaerium_byrsonima_type_3,Machaerium-type
Machaerium/Dalbergia,machaerium_dalbergia,Machaerium-type
Macherium,macherium,Machaerium-type
Maclura,maclura,Maclura
Macoubea,macoubea,Macoubea
Macrocarpaea,macrocarpaea,Macrocarpaea
Macrocarpaea-Type,macrocarpaea_minus_type,Macrocarpaea
Macrolobium,macrolobium,Macrolobium-type
Macrolobium-type (fine striate),macrolobium_type_fine_striate,Macrolobium-type
Macrolobium-type (medium striate),macrolobium_type_medium_striate,Macrolobium-type
Macrolobium (PAPILIO),macrolobium_papilio,Macrolobium-type
"Magnoliopsida (tricolporate, psilate)",magnoliopsida_tricolporate_psilate,Magnoliaceae
"Magnoliopsida (tricolporate, reticulate)",magnoliopsida_tricolporate_reticulate,Magnoliaceae
Magnoliopsida 1,magnoliopsida_1,Magnoliaceae
Magnoliopsida 9,magnoliopsida_9,Magnoliaceae
Magnoliopsidae1-type,magnoliopsidae1_type,Magnoliaceae
Magonia,magonia,Magonia
Maguireothamnus,maguireothamnus,Maguireothamnus
Mahurea-t,mahurea_t,Mahurea
Malanea,malanea,Malanea
Malanea (Rub),malanea_rub,Malanea
Malesherbia,malesherbia,Malesherbia
Malouetia,malouetia,Malouetia-type
Malouetia-t,malouetia_t,Malouetia-type
Malouetia-type,malouetia_type,Malouetia-type
Malouetia aff. M. guatemalensis,malouetia_aff_m_guatemalensis,Malouetia-type
Malphighiaceae,malphighiaceae,Malpighiaceae
Malphigiaceae,malphigiaceae,Malpighiaceae
Malpigh,malpigh,Malpighiaceae
Malpighiaceae,malpighiaceae,Malpighiaceae
MALPIGHIACEAE-t,malpighiaceae_t,Malpighiaceae
Malpighiaceae-type,malpighiaceae_type,Malpighiaceae
Malpighiaceae (periporate),malpighiaceae_periporate,Malpighiaceae
Malpighiaceae (type A),malpighiaceae_type_a,Malpighiaceae
Malpighiaceae (type B),malpighiaceae_type_b,Malpighiaceae
Malpighiaceae (type C),malpighiaceae_type_c,Malpighiaceae
Malpighiaceae (type D),malpighiaceae_type_d,Malpighiaceae
Malpighiaceae (type E),malpighiaceae_type_e,Malpighiaceae
Malpighiaceae 1,malpighiaceae_1,Malpighiaceae
Malpighiaceae cf. Stigmaphyllon sarmentosum,malpighiaceae_cf_stigmaphyllon_sarmentosum,Malpighiaceae
Malpighiaceae cf. Tetrapterys,malpighiaceae_cf_tetrapterys,Malpighiaceae
Malpighiaceae undiff.,malpighiaceae_undiff,Malpighiaceae
MALPIPHIACEAE,malpiphiaceae,Malpighiaceae
Malvac,malvac,Malvaceae
Malvaceae,malvaceae,Malvaceae
Malvaceae-t,malvaceae_t,Malvaceae
Malvaceae 1,malvaceae_1,Malvaceae
Malvaceae cf. Huberodendron,malvaceae_cf_huberodendron,Malvaceae
Malvaceae cf. Sphaeralcea spp.,malvaceae_cf_sphaeralcea_spp,Malvaceae
Malvaceae sensu stricto,malvaceae_sensu_stricto,Malvaceae
Malvaceae tipo sida,malvaceae_tipo_sida,Malvaceae
Malvaceae Type 1,malvaceae_type_1,Malvaceae
Malvaceae undiff,malvaceae_undiff,Malvaceae
Malvaceae/Convolvulaceae,malvaceae_convolvulaceae,Malvaceae
Mandevilla,mandevilla,Mandevilla
Mandible (other),mandible_other,delete
Mandibles (R-82),mandibles_r_minus_82,delete
Manettia,manettia,Manettia
Manettia-type,manettia_type,Manettia
Manicaria,manicaria,Manicaria
Manicaria-t,manicaria_t,Manicaria
Manihot,manihot,Manihot
Manilkara,manilkara,Manilkara
Mansoa,mansoa,Mansoa
Maprounea-type,maprounea_type,Maprounea-type
Maquira,maquira,Maquira
Maracanthus,maracanthus,Maracanthus
Marantaceae,marantaceae,Maranthaceae
Marcgravia,marcgravia,Marcgravia
Marcgraviaceae,marcgraviaceae,Marcgraviaceae
Marcraviaceae,marcraviaceae,Marcgraviaceae
Margaritaria,margaritaria,Margaritaria
Margaritaria type,margaritaria_type,Margaritaria
Marila,marila,Marila-type
Maripa,maripa,Maripa-type
Maripa-type,maripa_type,Maripa-type
Marsipospermum,marsipospermum,Marsippospermum
Martinella-type,martinella_type,Martinella
Mascagnia,mascagnia,Mascagnia
Matayba,matayba,Matayba
Matayba-type,matayba_type,Matayba-type
Matayba/Cupania (type C),matayba_cupania_type_c,Matayba cupania
Matayba/Cupania (type E),matayba_cupania_type_e,Matayba cupania
Matisia,matisia,Matisia
Mauritia,mauritia,Mauritia
Mauritia-t,mauritia_t,Mauritia
Mauritia-type,mauritia_type,Mauritia
Mauritia aff. flexuosa form 1,mauritia_aff_flexuosa_form_1,Mauritia flexuosa
Mauritia aff. M. flexuosa,mauritia_aff_m_flexuosa,Mauritia flexuosa
Mauritia flexuosa,mauritia_flexuosa,Mauritia flexuosa
Mauritia flexuosa form 1-type,mauritia_flexuosa_form_1_type,Mauritia flexuosa
Mauritia/Mauritiella,mauritia_mauritiella,Mauritiella-type
Mauritia/Mauritiella-type,mauritia_mauritiella_type,Mauritiella-type
Mauritiella,mauritiella,Mauritiella-type
Mauritiella-type,mauritiella_type,Mauritiella-type
Maytenus,maytenus,Maytenus
Maytenus-type,maytenus_type,Maytenus
Maytenus boaria,maytenus_boaria,Maytenus boaria
Maytenus boaria-type,maytenus_boaria_type,Maytenus boaria
Maytenus disticha-type,maytenus_disticha_type,Maytenus distichia
Maytenus magellanica,maytenus_magellanica,Maytenus magellanica
Maytenus magellanica-type,maytenus_magellanica_type,Maytenus magellanica
Mecardonia,mecardonia,Mecardonia
Mecardonia-t,mecardonia_t,Mecardonia
Mecardonia-type,mecardonia_type,Mecardonia
Mel/Comb,mel_comb,Melastomataceae
Mela/Combre,mela_combre,Melastomataceae
Melananthus,melananthus,Malananthus
Melast,melast,Melastomataceae
Melast./Combret.,melast_combret,Melastomataceae
Melastom,melastom,Melastomataceae
MELASTOM./COMBRET.,melastom_combret,Melastomataceae
Melastomataceae,melastomataceae,Melastomataceae
Melastomataceae (≥19 µm),melastomataceae_19_mu_m,Melastomataceae
Melastomataceae (≤19 µm),melastomataceae_19_mu_m_2,Melastomataceae
Melastomataceae (>25 µm),melastomataceae_bigger_than_25_mu_m,Melastomataceae
Melastomataceae (type 1),melastomataceae_type_1,Melastomataceae
Melastomataceae (type 2),melastomataceae_type_2,Melastomataceae
Melastomataceae / Combretaceae ALL,melastomataceae_combretaceae_all,Melastomataceae
Melastomataceae / Combretaceae Type 1,melastomataceae_combretaceae_type_1,Melastomataceae
Melastomataceae / Combretaceae Type 2,melastomataceae_combretaceae_type_2,Melastomataceae
Melastomataceae / Combretaceae Type 3,melastomataceae_combretaceae_type_3,Melastomataceae
Melastomataceae 1,melastomataceae_1,Melastomataceae
Melastomataceae undiff.,melastomataceae_undiff,Melastomataceae
Melastomataceae/Combr.,melastomataceae_combr,Melastomataceae
Melastomataceae/Combretaceae,melastomataceae_combretaceae,Melastomataceae
Melastomataceae/Combretaceae...10,melastomataceae_combretaceae_10,Melastomataceae
Melastomataceae/Combretaceae...11,melastomataceae_combretaceae_11,Melastomataceae
Melastomateceae,melastomateceae,Melastomataceae
Melia,melia,Melia
Meliac,meliac,Meliaceae
Meliac/Sapot,meliac_sapot,Meliaceae
Meliaceae,meliaceae,Meliaceae
Meliaceae-type,meliaceae_type,Meliaceae
MELIACEAE (Cedrela-t),meliaceae_cedrela_t,Cedrela-type
Meliaceae (type 1),meliaceae_type_1,Meliaceae
Meliaceae 4porate,meliaceae_4porate,Meliaceae
Meliaceae CP3/CP4,meliaceae_cp3_cp4,Meliaceae
Meliaceae CP5 (Cedrela-type),meliaceae_cp5_cedrela_type,Cedrela-type
Meliaceae undiff,meliaceae_undiff,Meliaceae
Meliaceae/Bruniaceae,meliaceae_bruniaceae,Meliaceae
Meliaceae/Bruniaceae,meliaceae_bruniaceae,Meliaceae
Meliaceae/Sapotaceae,meliaceae_sapotaceae,Meliaceae
Meliaceae/Sapotaceae undiff.,meliaceae_sapotaceae_undiff,Meliaceae
Meliaeae,meliaeae,Meliaceae
Melilotus-type,melilotus_type,Melilotus-type
Meliola nissleana,meliola_nissleana,delete
Meliosma,meliosma,Meliosma
Meliosma-type,meliosma_type,Meliosma
Meliosma/Coccoloba,meliosma_coccoloba,delete
Melochia,melochia,Melochia-type
Melochia-type,melochia_type,Melochia-type
Melothria,melothria,Melothria-type
Melothria-type,melothria_type,Melothria-type
Mendoncia,mendoncia,Mendoncia
Menispermaceae,menispermaceae,Menispermaceae
MENISPERMACEAE - type,menispermaceae_minus_type,Menispermaceae
"Menispermaceae (inaperturate, small)",menispermaceae_inaperturate_small,Menispermaceae
Menyanthes,menyanthes,delete
Merremia,merremia,Merremia-type
Merremia-type,merremia_type,Merremia-type
Mesechites t,mesechites_t,Mesechitis
Metopium brownei,metopium_brownei,Metopium
Metrodorea,metrodorea,Metrodorea
Miconia,miconia,Miconia
Miconia-t,miconia_t,Miconia
Miconia-type,miconia_type,Miconia
Miconia - Melastomataceae,miconia_minus_melastomataceae,Miconia
Miconia 4,miconia_4,Miconia
Miconia form 2,miconia_form_2,Miconia
Miconia form3 (affinis),miconia_form3_affinis,Miconia
Miconia others,miconia_others,Miconia
Miconia T-II,miconia_t_minus_ii,Miconia
Microcala-type,microcala_type,Cicendia
Microcala quadrangularis,microcala_quadrangularis,Cicendia
microcharcoal,microcharcoal,delete
Micrograma,micrograma,delete
Microlicia-t,microlicia_t,Microlicia
Microtea,microtea,Microtea
Mikania,mikania,Mikania-type
Mikania-type,mikania_type,Mikania-type
Mikania guaco,mikania_guaco,Mikania guaco
Mim dick,mim_dick,delete
Mim I,mim_i,delete
Mim P8,mim_p8,delete
Mim sca,mim_sca,delete
Mim taim,mim_taim,delete
Mimosa,mimosa,Mimosa
Mimosa-type III,mimosa_type_iii,Mimosa
Mimosa (10 µm),mimosa_10_mu_m,Mimosa
Mimosa (5 µm),mimosa_5_mu_m,Mimosa
Mimosa (P16),mimosa_p16,Mimosa
Mimosa (type I),mimosa_type_i,Mimosa
Mimosa (type II),mimosa_type_ii,Mimosa
Mimosa 4p gr,mimosa_4p_gr,Mimosa
Mimosa 4p kl,mimosa_4p_kl,Mimosa
Mimosa aff. M. pudica,mimosa_aff_m_pudica,Mimosa pudica
Mimosa aff. rufescens,mimosa_aff_rufescens,Mimosa rufescens
Mimosa bimucronata,mimosa_bimucronata,Mimosa bimucronata
Mimosa casta,mimosa_casta,Mimosa casta
Mimosa casta - type,mimosa_casta_minus_type,Mimosa casta
Mimosa cf. M. biuncifera,mimosa_cf_m_biuncifera,Mimosa biuncifera
Mimosa cf. M. invisa,mimosa_cf_m_invisa,Mimosa invisa
Mimosa cf. M. pudica,mimosa_cf_m_pudica,Mimosa pudica
Mimosa cf. M. scabrella,mimosa_cf_m_scabrella,Mimosa scabrella
Mimosa cf. M. taimbensis,mimosa_cf_m_taimbensis,Mimosa taimbensis
Mimosa extensa,mimosa_extensa,Mimosa extensa
Mimosa I,mimosa_i,Mimosa
Mimosa indet.,mimosa_indet,Mimosa
Mimosa invisa-type,mimosa_invisa_type,Mimosa invisa
Mimosa P12ps,mimosa_p12ps,Mimosa
Mimosa P16  ps m,mimosa_p16_ps_m,Mimosa
Mimosa P16ver,mimosa_p16ver,Mimosa
Mimosa P4,mimosa_p4,Mimosa
Mimosa P4 large,mimosa_p4_large,Mimosa
Mimosa P4 ps,mimosa_p4_ps,Mimosa
Mimosa P4gr,mimosa_p4gr,Mimosa
Mimosa P8,mimosa_p8,Mimosa
Mimosa P8ps,mimosa_p8ps,Mimosa
Mimosa P8ver,mimosa_p8ver,Mimosa
Mimosa pudica-type,mimosa_pudica_type,Mimosa pudica
Mimosa scabrella,mimosa_scabrella,Mimosa scabrella
Mimosa scabrella-type,mimosa_scabrella_type,Mimosa scabrella
Mimosa sp. (Fabaceae),mimosa_sp_fabaceae,Mimosa
Mimosa sp1,mimosa_sp1,Mimosa
Mimosa spp.,mimosa_spp,Mimosa
Mimosa undiff.,mimosa_undiff,Mimosa
Mimosac,mimosac,Mimosa
Mimosaceae,mimosaceae,Mimosaceae
Mimosaceae ind,mimosaceae_ind,Mimosaceae
Mimosaceae Polyade,mimosaceae_polyade,Mimosaceae
Mimosaceae Tetrade 4P,mimosaceae_tetrade_4p,Mimosaceae
Mimosaceae Tetrade 4P oval,mimosaceae_tetrade_4p_oval,Mimosaceae
Mimosaceae Tetrade 4P small,mimosaceae_tetrade_4p_small,Mimosaceae
Mimosaceae Type 1,mimosaceae_type_1,Mimosaceae
mimosoid clade,mimosoid_clade,Mimosaceae
"mimosoid clade (16-porate, scabrate)",mimosoid_clade_16_minus_porate_scabrate,Mimosaceae
"mimosoid clade (16-porate, verrucate)",mimosoid_clade_16_minus_porate_verrucate,Mimosaceae
mimosoid clade (8-porate),mimosoid_clade_8_minus_porate,Mimosaceae
"mimosoid clade (8-porate, psilate)",mimosoid_clade_8_minus_porate_psilate,Mimosaceae
mimosoid clade (indeterminable),mimosoid_clade_indeterminable,Mimosaceae
mimosoid clade (polyad),mimosoid_clade_polyad,Mimosaceae
"mimosoid clade (polyad, type 16)",mimosoid_clade_polyad_type_16,Mimosaceae
"mimosoid clade (polyad, type 8)",mimosoid_clade_polyad_type_8,Mimosaceae
mimosoid clade (scabrate),mimosoid_clade_scabrate,Mimosaceae
mimosoid clade (tetrad),mimosoid_clade_tetrad,Mimosaceae
"mimosoid clade (tetraporate, psilate, small)",mimosoid_clade_tetraporate_psilate_small,Mimosaceae
"mimosoid clade (tetraporate, psilate, small, cf. Mimosa scabrella)",mimosoid_clade_tetraporate_psilate_small_cf_mimosa_scabrella,Mimosaceae
mimosoid clade (type I),mimosoid_clade_type_i,Mimosaceae
mimosoid clade (type II),mimosoid_clade_type_ii,Mimosaceae
mimosoid clade (type III),mimosoid_clade_type_iii,Mimosaceae
mimosoid clade undiff.,mimosoid_clade_undiff,Mimosaceae
Mimosoidae,mimosoidae,Mimosaceae
Mimosoidae others,mimosoidae_others,Mimosaceae
Mimosoideae,mimosoideae,Mimosaceae
Mimosoideae-Acacia,mimosoideae_minus_acacia,Mimosaceae
Mimosoids,mimosoids,Mimosaceae
Mimulus,mimulus,Mimulus
Mini Hypericum,mini_hypericum,Hypericum
Minquartia,minquartia,Minquartia
Miryophyllum,miryophyllum,delete
Misodendrum,misodendrum,Misodendrum
Mitraria,mitraria,Mitraria
ML cf.Thelypteridaceae-Type,ml_cf_thelypteridaceae_minus_type,delete
Ml echin,ml_echin,delete
Ml echinate,ml_echinate,delete
Ml ps l,ml_ps_l,delete
Ml ps la,ml_ps_la,delete
Ml ps perispore,ml_ps_perispore,delete
Ml ps s,ml_ps_s,delete
Ml ps sm,ml_ps_sm,delete
ML Type microechinate,ml_type_microechinate,delete
ML Type psilate <50,ml_type_psilate_smaller_than_50,delete
ML Type psilate >50,ml_type_psilate_bigger_than_50,delete
ML Type ret 20,ml_type_ret_20,delete
ML Type rug exo,ml_type_rug_exo,delete
ML Type rugulate foveolate,ml_type_rugulate_foveolate,delete
ML Type ver <50,ml_type_ver_smaller_than_50,delete
ML Type ver >50,ml_type_ver_bigger_than_50,delete
ML Type verr big ex thin,ml_type_verr_big_ex_thin,delete
Ml ver l,ml_ver_l,delete
Ml ver large,ml_ver_large,delete
Ml ver s,ml_ver_s,delete
Mollugo - type,mollugo_minus_type,Mollugo
Molongum,molongum,Molongum
Molongum (type 1),molongum_type_1,Molongum
Momina,momina,delete
Monnina,monnina,Monnina
Monnina - Polygalacae,monnina_minus_polygalacae,Monnina
Monnina (H-191),monnina_h_minus_191,Monnina
Monocotiledonea,monocotiledonea,delete
Monocotiledoneae,monocotiledoneae,delete
Monocotyled,monocotyled,delete
Monocotyledoneae,monocotyledoneae,delete
Monole psilate &lt;50um,monole_psilate_lt_50um,delete
Monolet,monolet,delete
Monolete,monolete,delete
Monolete 1,monolete_1,delete
Monolete 2,monolete_2,delete
Monolete divese,monolete_divese,delete
Monolete echinate,monolete_echinate,delete
Monolete eq,monolete_eq,delete
Monolete fern spore,monolete_fern_spore,delete
Monolete fern spore A,monolete_fern_spore_a,delete
Monolete granulate,monolete_granulate,delete
Monolete ornee,monolete_ornee,delete
Monolete psilada,monolete_psilada,delete
Monolete psilado,monolete_psilado,delete
Monolete psilate,monolete_psilate,delete
Monolete psilate &gt;50 um,monolete_psilate_gt_50_um,delete
Monolete psilate &gt;50um,monolete_psilate_gt_50um,delete
Monolete psilate &lt;50 um,monolete_psilate_lt_50_um,delete
Monolete psilate &lt;50um,monolete_psilate_lt_50um,delete
Monolete psilate <50um,monolete_psilate_smaller_than_50um,delete
Monolete psilate >50um,monolete_psilate_bigger_than_50um,delete
Monolete reticul,monolete_reticul,delete
Monolete rugulate,monolete_rugulate,delete
Monolete scabrate,monolete_scabrate,delete
Monolete spore,monolete_spore,delete
Monolete Spore Rough,monolete_spore_rough,delete
Monolete Spore Smooth,monolete_spore_smooth,delete
monolete spore undiff.,monolete_spore_undiff,delete
Monolete Spores (Rough),monolete_spores_rough,delete
Monolete Spores (Smooth),monolete_spores_smooth,delete
Monolete Spores ALL,monolete_spores_all,delete
Monolete Type 1,monolete_type_1,delete
Monolete Type 2,monolete_type_2,delete
Monolete Type 4,monolete_type_4,delete
Monolete Type 5,monolete_type_5,delete
Monolete Type 6,monolete_type_6,delete
Monolete undif,monolete_undif,delete
Monolete verruc,monolete_verruc,delete
Monolete verrucate,monolete_verrucate,delete
Monolete verrucate &gt;50 um,monolete_verrucate_gt_50_um,delete
Monolete verrucate &gt;50um,monolete_verrucate_gt_50um,delete
Monolete verrucate &lt;50 um,monolete_verrucate_lt_50_um,delete
Monolete verrucate &lt;50um,monolete_verrucate_lt_50um,delete
Monolete verrucate <50um,monolete_verrucate_smaller_than_50um,delete
Monolete verrucate >50um,monolete_verrucate_bigger_than_50um,delete
Monolete verrucate perfurate,monolete_verrucate_perfurate,delete
Monolete verrucated,monolete_verrucated,delete
Monolete with perispore,monolete_with_perispore,delete
Monoletes (echinate),monoletes_echinate,delete
Monoletes (granulate),monoletes_granulate,delete
Monoletes (perforate),monoletes_perforate,delete
Monoletes (perine),monoletes_perine,delete
Monoletes (psilate),monoletes_psilate,delete
Monoletes (reticulate),monoletes_reticulate,delete
Monoletes (rugulate),monoletes_rugulate,delete
Monoletes (verrucate),monoletes_verrucate,delete
Monosulcate,monosulcate,delete
Monstera,monstera,Monstera
Monstera-t,monstera_t,Monstera
Monstera type,monstera_type,Monstera
Montia,montia,Montia
Montia aff. fontana,montia_aff_fontana,Montia
Montrichardia,montrichardia,Montrichardia
Montrichardia-t,montrichardia_t,Montrichardia
Montsera-t (Arac),montsera_t_arac,Monstera
Monttea aphylla,monttea_aphylla,Monttea aphylla
Mor/Urti,mor_urti,Moraceae-Urticaceae
Mora,mora,Moraceae-Urticaceae
Mora-t,mora_t,Moraceae-Urticaceae
Morac/Urtica,morac_urtica,Moraceae-Urticaceae
Moraceae,moraceae,Moraceae-Urticaceae
Moraceae- Urticaceae,moraceae_minus_urticaceae,Moraceae-Urticaceae
Moraceae - Urticaceae Type 1 (Cecropia),moraceae_minus_urticaceae_type_1_cecropia,Moraceae-Urticaceae
Moraceae - Urticaceae Type 2,moraceae_minus_urticaceae_type_2,Moraceae-Urticaceae
Moraceae - Urticaceae Type 5,moraceae_minus_urticaceae_type_5,Moraceae-Urticaceae
Moraceae - Urticaceae Type 6,moraceae_minus_urticaceae_type_6,Moraceae-Urticaceae
Moraceae - Urticaceae Type 7,moraceae_minus_urticaceae_type_7,Moraceae-Urticaceae
Moraceae - Urticaceae Type 8,moraceae_minus_urticaceae_type_8,Moraceae-Urticaceae
Moraceae (diporate),moraceae_diporate,Moraceae-Urticaceae
Moraceae (stephanoporate),moraceae_stephanoporate,Moraceae-Urticaceae
Moraceae (triporate),moraceae_triporate,Moraceae-Urticaceae
Moraceae / Urtiaceae,moraceae_urtiaceae,Moraceae-Urticaceae
Moraceae / Urticaceae ALL,moraceae_urticaceae_all,Moraceae-Urticaceae
Moraceae / Urticaceae ALL (Ex cec),moraceae_urticaceae_all_ex_cec,Moraceae-Urticaceae
Moraceae cf. Brosimum,moraceae_cf_brosimum,Brosimum-type
Moraceae P2,moraceae_p2,Moraceae-Urticaceae
Moraceae P5-6,moraceae_p5_minus_6,Moraceae-Urticaceae
Moraceae Type F,moraceae_type_f,Moraceae-Urticaceae
Moraceae Type T,moraceae_type_t,Moraceae-Urticaceae
Moraceae undiff,moraceae_undiff,Moraceae-Urticaceae
Moraceae/Urticaceae,moraceae_urticaceae,Moraceae-Urticaceae
Moraceae/Urticaceae (P2),moraceae_urticaceae_p2,Moraceae-Urticaceae
Moraceae/Urticaceae (P3),moraceae_urticaceae_p3,Moraceae-Urticaceae
Morella cerifera,morella_cerifera,Morella
Moritzia,moritzia,Moritzia
Moritzia-type,moritzia_type,Moritzia
Moritzia cf. M. dasyantha,moritzia_cf_m_dasyantha,Moritzia dasyantha
Moritzia dasyantha,moritzia_dasyantha,Moritzia dasyantha
Mortiodendron,mortiodendron,Martiodendron-type
Mortoniodendron,mortoniodendron,Mortoniodendron
Moss Type echinate,moss_type_echinate,delete
Mougeotia,mougeotia,delete
Mougeotia (H-398),mougeotia_h_minus_398,delete
Mougeotia sp.,mougeotia_sp,delete
Mougeottia,mougeottia,delete
Mouriri t,mouriri_t,Mouriri
Mucuna mutisiana-type,mucuna_mutisiana_type,Mucuna mutisiana
Mucura,mucura,Mucuna-type
Muehlembeckia/Rumex,muehlembeckia_rumex,Muehlenbeckia
Muehlenbeckia,muehlenbeckia,Muehlenbeckia
Muehlenbeckia-type,muehlenbeckia_type,Muehlenbeckia
Muehlenbeckia-Type,muehlenbeckia_minus_type,Muehlenbeckia
Muehlenbeckia/Rumex-type,muehlenbeckia_rumex_type,Muehlenbeckia
Muehlenbeckia/Rumex typ,muehlenbeckia_rumex_typ,Muehlenbeckia
Muelenbeckia,muelenbeckia,Muehlenbeckia
Muhlenbergia,muhlenbergia,Muhlenbergia-type
Mulinum,mulinum,Mulinum-type
Mulinum-type,mulinum_type,Mulinum-type
Mullinum,mullinum,Mulinum-type
Muntingia,muntingia,Muntingia
Muntingua,muntingua,Muntingia
Musgo,musgo,delete
Mutinga,mutinga,Muntingia
Mutisia,mutisia,Mutisia-type
Mutisia-type,mutisia_type,Mutisia-type
Mutisia (Astera),mutisia_astera,Mutisia-type
Mutisiae,mutisiae,Mutisia-type
Mutisieae,mutisieae,Mutisia-type
Mutisieae undiff.,mutisieae_undiff,Mutisia-type
Mutisioideae,mutisioideae,Mutisia-type
Myoschilos oblonga,myoschilos_oblonga,Myoschilos oblonga
Myoschilos oblongum,myoschilos_oblongum,Myoschilos oblonga
Myracrodruon urundeuva (type 2),myracrodruon_urundeuva_type_2,Myracrodruon urundeuva
Myracrodruon urundeva,myracrodruon_urundeva,Myracrodruon urundeuva
Myrceugenia,myrceugenia,Myrceugenia
Myrceugenia chrysocarpa,myrceugenia_chrysocarpa,Myrceugenia chrysocarpa
Myrceugenia fernandeziana,myrceugenia_fernandeziana,Myrceugenia fernandeziana
Myrceugenia planipes,myrceugenia_planipes,Myrceugenia planipes
Myrceugenia schultzei,myrceugenia_schultzei,Myrceugenia schultzei
Myrcia,myrcia,Morella
Myrcia-type,myrcia_type,Morella
Myrcia sp.,myrcia_sp,Morella
Myrica,myrica,Morella
Myrica-like,myrica_minus_like,Morella
Myrica-t,myrica_t,Morella
Myrica pavonis,myrica_pavonis,Morella
Myrica sp.,myrica_sp,Morella
Myrica/Morella,myrica_morella,Morella
Myricaceae,myricaceae,Myricaceae
Myricaeae,myricaeae,Myricaceae
Myriophyllum,myriophyllum,delete
Myriophyllum-t,myriophyllum_t,delete
Myriophyllum (H--27),myriophyllum_h_minus_minus_27,delete
Myriophylum 2P,myriophylum_2p,delete
Myriophylum 3P,myriophylum_3p,delete
Myriophylum 4P,myriophylum_4p,delete
Myriophylum 5P,myriophylum_5p,delete
Myriophylum 6P,myriophylum_6p,delete
Myristicaceae-type,myristicaceae_type,Myristicaceae-type
Myrocarpus,myrocarpus,Myrocarpus-type
Myrocarpus aff. frondosus,myrocarpus_aff_frondosus,Myrocarpus frondosus
Myrocarpus aff. M. frondosus,myrocarpus_aff_m_frondosus,Myrocarpus frondosus
Myroxylon t,myroxylon_t,Myroxylon-type
Myrsinaceae,myrsinaceae,Myrsinaceae
Myrsinaceae Type 1 (CF. Rapanea),myrsinaceae_type_1_cf_rapanea,Rapanea
Myrsine,myrsine,Myrsine
Myrsine-t,myrsine_t,Myrsine
Myrsine-type echinate,myrsine_type_echinate,Myrsine
Myrsine - Myrsinaceae,myrsine_minus_myrsinaceae,Myrsine
Myrsine (tetracolpate),myrsine_tetracolpate,Myrsine
Myrsine (tricolporate),myrsine_tricolporate,Myrsine
Myrsine sp.,myrsine_sp,Myrsine
Myrsinoideae,myrsinoideae,Myrsinaceae
Myrsinoideae (type A),myrsinoideae_type_a,Myrsinaceae
Myrsinoideae (type X),myrsinoideae_type_x,Myrsinaceae
Myrsinoideae undiff.,myrsinoideae_undiff,Myrsinaceae
Myrt-leg,myrt_minus_leg,delete
Myrtac,myrtac,Myrtaceae
Myrtacea,myrtacea,Myrtaceae
Myrtaceae,myrtaceae,Myrtaceae
Myrtaceae-small,myrtaceae_minus_small,Myrtaceae
Myrtaceae-type,myrtaceae_type,Myrtaceae
Myrtaceae-type Amomyrtus,myrtaceae_type_amomyrtus,Myrtaceae
Myrtaceae-type Myrceugenia,myrtaceae_type_myrceugenia,Myrceugenia
Myrtaceae (Eucalyptus),myrtaceae_eucalyptus,Eucalyptus
Myrtaceae (type 1),myrtaceae_type_1,Myrtaceae
Myrtaceae (type 2),myrtaceae_type_2,Myrtaceae
Myrtaceae (type A),myrtaceae_type_a,Myrtaceae
Myrtaceae (type B),myrtaceae_type_b,Myrtaceae
Myrtaceae (type C),myrtaceae_type_c,Myrtaceae
Myrtaceae (type D),myrtaceae_type_d,Myrtaceae
Myrtaceae (verrucate),myrtaceae_verrucate,Myrtaceae
Myrtaceae ALL,myrtaceae_all,Myrtaceae
Myrtaceae undiff.,myrtaceae_undiff,Myrtaceae
Myrteola,myrteola,Myrteola
Myrteola-Type,myrteola_minus_type,Myrteola
Myrteola nummularia,myrteola_nummularia,Myrteola nummularia
Myryophillum-t,myryophillum_t,delete
Myryophyllum,myryophyllum,delete
Mysodendrum,mysodendrum,delete
n.mid,n_mid,delete
n.thick,n_thick,delete
n.thin,n_thin,delete
Nanodea,nanodea,Nanodea
NAP,nap,delete
Nassauvia,nassauvia,Nassauvia-type
Nassauvia-type,nassauvia_type,Nassauvia-type
Nassauvia sp.,nassauvia_sp,Nassauvia-type
Native Lycopodium,native_lycopodium,delete
Naussavia,naussavia,Nassauvia-type
Navarettia-type,navarettia_type,Navarretia
Navarretia,navarretia,Navarretia
Navia-t,navia_t,Navia
Nectandra,nectandra,Nectandra
Nectandra cissiflora,nectandra_cissiflora,Nectandra cissiflora
Neorhabdocoela,neorhabdocoela,delete
Nephelea,nephelea,delete
Nertera,nertera,Nertera-type
Nertera-t,nertera_t,Nertera
Nertera-type,nertera_type,Nertera
Nertera granadensis,nertera_granadensis,Nertera granadensis
Netera depresa,netera_depresa,Nertera depresa
Netera depressa,netera_depressa,Nertera depresa
neu Amaranthaceae,neu_amaranthaceae,Amaranthaceae
Neurospora HHT361,neurospora_hht361,delete
NI,ni,delete
NI3,ni3,delete
NI5,ni5,delete
NI7,ni7,delete
Nicotiana,nicotiana,Nicotiana
Non identified,non_identified,delete
Norantea,norantea,Norantea
Nothofag,nothofag,Nothofagus
Nothofagus,nothofagus,Nothofagus
Nothofagus-type dombeyi,nothofagus_type_dombeyi,Nothofagus dombeyi-type
Nothofagus × alpina-type,nothofagus_alpina_type,Nothofagus alpina-type
Nothofagus antarctica,nothofagus_antarctica,Nothofagus antarctica-type
Nothofagus antarctica-type,nothofagus_antarctica_type,Nothofagus antarctica-type
Nothofagus cf. N. dombeyi,nothofagus_cf_n_dombeyi,Nothofagus dombeyi-type
Nothofagus dombeyi,nothofagus_dombeyi,Nothofagus dombeyi-type
Nothofagus dombeyi-type,nothofagus_dombeyi_type,Nothofagus dombeyi-type
Nothofagus dombeyi-type undiff.,nothofagus_dombeyi_type_undiff,Nothofagus dombeyi-type
Nothofagus dombeyi tupe,nothofagus_dombeyi_tupe,Nothofagus dombeyi-type
Nothofagus obliqua,nothofagus_obliqua,Nothofagus obliqua-type
Nothofagus obliqua-type,nothofagus_obliqua_type,Nothofagus obliqua-type
Nothofagus pumilio,nothofagus_pumilio,Nothofagus pumilio-type
Nothofagus sp.,nothofagus_sp,Nothofagus
Nothofagus t. dombeyi,nothofagus_t_dombeyi,Nothofagus dombeyi-type
Nothofagus tipo dombeyi,nothofagus_tipo_dombeyi,Nothofagus dombeyi-type
Nothofagus undiff.,nothofagus_undiff,Nothofagus
Notholaena,notholaena,delete
Nototriche,nototriche,Nototriche
Number of counted markers,number_of_counted_markers,delete
Number of marktablets,number_of_marktablets,delete
Number of spike tablets,number_of_spike_tablets,delete
Number of volumes 1 (CM3),number_of_volumes_1_cm3,delete
Number of volumes 2 (1/4 cm3),number_of_volumes_2_1_4_cm3,delete
Nuphar,nuphar,delete
Nyctaginaceae,nyctaginaceae,Nyctaginaceae
Nyctaginaceae 1,nyctaginaceae_1,Nyctaginaceae
Nyctaginaceae fig 3 plate 127,nyctaginaceae_fig_3_plate_127,Nyctaginaceae
Nympha,nympha,delete
Nymphaceae,nymphaceae,delete
Nymphaea,nymphaea,delete
Nymphaea 1,nymphaea_1,delete
Nymphaea ampla,nymphaea_ampla,delete
Nymphaea sp.,nymphaea_sp,delete
Nymphaeaceae,nymphaeaceae,delete
Nymphaeaceae/Pontederiaceae,nymphaeaceae_pontederiaceae,delete
Nymphea,nymphea,delete
Nympheac,nympheac,delete
Nympheaceae,nympheaceae,delete
Nymphoides,nymphoides,delete
Nymphoides (Gentianaceae),nymphoides_gentianaceae,delete
Nynphaceae,nynphaceae,delete
Obscured,obscured,delete
Obscured Not Grass,obscured_not_grass,delete
Ochnaceae,ochnaceae,Ochnaceae
OCHNACEAE-t,ochnaceae_t,Ochnaceae
Ochnaceae cf. Cespedesia,ochnaceae_cf_cespedesia,Ochnaceae
Ochnaceae cf. Ouratea,ochnaceae_cf_ouratea,Ouratea-type
Ochroma,ochroma,Ochroma-type
Ocotea,ocotea,Ocotea
Ocotea-type,ocotea_type,Ocotea
Ocotea 2,ocotea_2,Ocotea
Ocutea,ocutea,Ocotea
Odontadenia,odontadenia,Odontadenia
Odontocarya tamoides,odontocarya_tamoides,Odontocarya tamoides
Oenocarpus,oenocarpus,Oenocarpus
Oenothera,oenothera,Oenothera
Olacaceae undiff.,olacaceae_undiff,Olacaceae
Oleaceae,oleaceae,Oleaceae
Omphalea,omphalea,Omphalea
Onagrac,onagrac,Onagraceae
onagraceae,onagraceae,Onagraceae
Onagraceae - CF.Ludwigia Type 1,onagraceae_minus_cf_ludwigia_type_1,Onagraceae
Onagraceae (Fuchsia),onagraceae_fuchsia,Fuchsia
Onagraceae (other),onagraceae_other,Onagraceae
Onagraceae (type 1),onagraceae_type_1,Onagraceae
Onagraceae cf. Fuchsia,onagraceae_cf_fuchsia,Fuchsia
Onagraceae gr,onagraceae_gr,Onagraceae
Onagraceae t. Oenothera,onagraceae_t_oenothera,Oenothera
Onagraceae undiff.,onagraceae_undiff,Onagraceae
Onychium,onychium,delete
Ophioglossum,ophioglossum,delete
"Ophioglossum-t (H-297,298)",ophioglossum_t_h_minus_297_298,delete
Ophioglosum,ophioglosum,delete
Ophryosporus,ophryosporus,Ophryosporus-type
Ophryosporus-type,ophryosporus_type,Ophryosporus-type
Ophyglossum,ophyglossum,delete
Opuntia,opuntia,Opuntia
OR18-1,or18_minus_1,delete
OR18-2 (Ardisia-t),or18_minus_2_ardisia_t,delete
OR18-3 (Matayba-type),or18_minus_3_matayba_type,delete
OR18-4,or18_minus_4,delete
OR18-5 (Stylogine-t),or18_minus_5_stylogine_t,delete
Orbignia-type,orbignia_type,Orbignya-type
Orchidaceae,orchidaceae,Orchidaceae
Orchidaceae (Chlorea type),orchidaceae_chlorea_type,Orchidaceae
Orchidaceae (tetrad),orchidaceae_tetrad,Orchidaceae
Oreocallis?,oreocallis,Oreocallis
Oreopanax,oreopanax,Oreopanax
Oreopanax-type,oreopanax_type,Oreopanax
Oreopanax cf. O. fulvum,oreopanax_cf_o_fulvum,Oreopanax
Oreopolus,oreopolus,Oreopolus
Origanum,origanum,Lamiaceae
Ormosia,ormosia,Ormosia-type
Orobanchaceae,orobanchaceae,Orobanchaceae
Orthrosanthus,orthrosanthus,Orhtrosanthus
Oryctanthus,oryctanthus,Oryctanthus
Oryctanthus-type,oryctanthus_type,Oryctanthus
Orycthanthus,orycthanthus,Oryctanthus
Osmorhiza,osmorhiza,Osmorhiza
Osmunda,osmunda,delete
Osmunda-type,osmunda_type,delete
Osmunda-Type,osmunda_minus_type,delete
Osmundaceae,osmundaceae,delete
Ostrya,ostrya,Ostrya
Ostrya-type,ostrya_type,Ostrya
Ostrya/Carpinus,ostrya_carpinus,Ostrya
ot Aster,ot_aster,delete
Other Asteraceae (Tubuliflorae),other_asteraceae_tubuliflorae,Asteraceae
Other Asteraceae subf. Asteroideae,other_asteraceae_subf_asteroideae,Asteraceae
Other Asteraceae subf. Cichorioideae,other_asteraceae_subf_cichorioideae,Asteraceae-Liguliflorae
Other dicots,other_dicots,delete
Other dicots (3Cp),other_dicots_3cp,delete
other ferns,other_ferns,delete
Other Herbaceous,other_herbaceous,delete
Other Spores ALL,other_spores_all,delete
Other Unknowns,other_unknowns,delete
other_Algae,other_algae,delete
Others,others,delete
Otras Acanthaceae,otras_acanthaceae,Acanthaceae
Otras Fabales,otras_fabales,Fabaceae
Otras Melatomataceae,otras_melatomataceae,Melastomataceae
Otras Moraceae/Urticaceae,otras_moraceae_urticaceae,Moraceae-Urticaceae
Otras Rubiaceae,otras_rubiaceae,Rubiaceae
Otras Solanaceae,otras_solanaceae,Solanaceae
Otras Ulmaceae,otras_ulmaceae,Ulmaceae
Otros Arboreos,otros_arboreos,delete
Otros monoletes,otros_monoletes,delete
Otros No Arboreos,otros_no_arboreos,delete
Otros triletes,otros_triletes,delete
Ouratea,ouratea,Ouratea
Ouratea-type,ouratea_type,Ouratea
Ouratea-Type,ouratea_minus_type,Ouratea-type
Ouratea (1),ouratea_1,Ouratea
Ouratea(2),ouratea_2,Ouratea
Ouratrea,ouratrea,Ouratea
Ourisia,ourisia,Ourisia-type
Ourisia-type,ourisia_type,Ourisia-type
Ovidia,ovidia,Ovidia
Oxalidaceae,oxalidaceae,Oxalidaceae
Oxalidaceae - Oxalis Type 1,oxalidaceae_minus_oxalis_type_1,Oxalidaceae
Oxalis,oxalis,Oxalis-type
Oxalis-type,oxalis_type,Oxalis-type
Oxalis (type I),oxalis_type_i,Oxalis-type
P3 ret het semitect 23µm,p3_ret_het_semitect_23mu_m,delete
P4-5 echinat spher,p4_minus_5_echinat_spher,delete
"P4 subobl tect 23x39µm (Proteaceae, Euplassa)",p4_subobl_tect_23x39mu_m_proteaceae_euplassa,delete
P6,p6,delete
P6-Moraceae,p6_minus_moraceae,delete
Pachira,pachira,Pachira-type
Pachira aquatica,pachira_aquatica,Pachira-type
Pachira aquatica (Bombacaceae),pachira_aquatica_bombacaceae,Pachira-type
Pachystachys,pachystachys,Pachystachys
Paepalanthus,paepalanthus,Paepalanthus
Paepalantus-t,paepalantus_t,Paepalanthus
Paesia-t (H-338),paesia_t_h_minus_338,delete
Pagamea,pagamea,Pagamea
Pagamea-t,pagamea_t,Pagamea
Pagamea (Rub),pagamea_rub,Pagamea
Pagamea/Magnoliopsidae,pagamea_magnoliopsidae,Pagamea
Palicourea,palicourea,Palicourea
Palmae,palmae,Arecaceae
Pamphalea,pamphalea,Pamphalea-type
Panopsis,panopsis,Panopsis
Panopsis-t,panopsis_t,Panopsis
Panopsis - Proteaceae,panopsis_minus_proteaceae,Panopsis
Papaelanthus (Eriocaulaceae),papaelanthus_eriocaulaceae,Paepalanthus
Papaveraceae,papaveraceae,Papaveraceae
Papaveraceae (small),papaveraceae_small,Papaveraceae
Papaveraceae ALL,papaveraceae_all,Papaveraceae
Papaveraceae Type 1,papaveraceae_type_1,Papaveraceae
Papaveraceae Type 2,papaveraceae_type_2,Papaveraceae
Papilionaceae,papilionaceae,Fabaceae
Papilionaceae (large ret),papilionaceae_large_ret,Fabaceae
Papilionaceae I,papilionaceae_i,Fabaceae
Papilionaceae II,papilionaceae_ii,Fabaceae
Papilionaceae III,papilionaceae_iii,Fabaceae
Papilionida undiff,papilionida_undiff,Fabaceae
Papilionidae lg lisa,papilionidae_lg_lisa,Fabaceae
Papilionidae T1,papilionidae_t1,Fabaceae
Papilionidae T10,papilionidae_t10,Fabaceae
Papilionidae T11,papilionidae_t11,Fabaceae
Papilionidae T12,papilionidae_t12,Fabaceae
Papilionidae T13,papilionidae_t13,Fabaceae
Papilionidae T2,papilionidae_t2,Fabaceae
Papilionidae T3,papilionidae_t3,Fabaceae
Papilionidae T4,papilionidae_t4,Fabaceae
Papilionidae T5,papilionidae_t5,Fabaceae
Papilionidae T6,papilionidae_t6,Fabaceae
Papilionidae T7,papilionidae_t7,Fabaceae
Papilionidae T8,papilionidae_t8,Fabaceae
Papilionidae T9,papilionidae_t9,Fabaceae
PAPILIONIDAE unid,papilionidae_unid,Fabaceae
PAPILIONIDAE1,papilionidae1,Fabaceae
PAPILIONIDAE2,papilionidae2,Fabaceae
PAPILIONIDAE3,papilionidae3,Fabaceae
PAPILIONIDAE4,papilionidae4,Fabaceae
PAPILIONIDAE5,papilionidae5,Fabaceae
PAPILIONIDAE6,papilionidae6,Fabaceae
Papilionoideae,papilionoideae,Fabaceae
Papillionoidea,papillionoidea,Fabaceae
Papilonaceae (Fabaceae),papilonaceae_fabaceae,Fabaceae
Parabignonia,parabignonia,Parabignonia
Parahancornia,parahancornia,Parahancornia
Parahancornia sp.,parahancornia_sp,Parahancornia
Parahancornia sp. form 2,parahancornia_sp_form_2,Parahancornia
Parapiptadenia-type,parapiptadenia_type,Parapiptadenia-type
Parietaria-type,parietaria_type,Parietaria
Parkia-t(MIMOSOIDAE),parkia_t_mimosoidae,Parkia-type
Parkinsonia,parkinsonia,Parkinsonia-type
Paronychia,paronychia,Paronychia
Paspalum,paspalum,Paspalum
Passeriflora,passeriflora,Passiflora
Passiflora,passiflora,Passiflora
Passiflora-t,passiflora_t,Passiflora
Passifloraceae,passifloraceae,Passiflora
Passiflorae,passiflorae,Passiflora
Paulinia,paulinia,Paullinia
Paullinia,paullinia,Paullinia
Paullinia-t*/Roupala-t*,paullinia_t_roupala_t,Paullinia roupala
Paullinia (25 µm),paullinia_25_mu_m,Paullinia
"Paullinia (psilate, small)",paullinia_psilate_small,Paullinia
Paullinia (reticulate),paullinia_reticulate,Paullinia
Paullinia (Sapind),paullinia_sapind,Paullinia
Paullinia (tetraporate),paullinia_tetraporate,Paullinia
Paullinia (type II),paullinia_type_ii,Paullinia
Paullinia/Roupala,paullinia_roupala,Paullinia roupala
Pavonia,pavonia,Pavonia-type
Pavonia-type,pavonia_type,Pavonia-type
Pediastrum,pediastrum,delete
Pediastrum 1,pediastrum_1,delete
Pediastrum 2,pediastrum_2,delete
Pediastrum ALL,pediastrum_all,delete
Pediastrum integrum,pediastrum_integrum,delete
Pediastrum Mini,pediastrum_mini,delete
Pediastrum patagonicum,pediastrum_patagonicum,delete
Pediastrum Simplex,pediastrum_simplex,delete
Peixotoa,peixotoa,Peixotoa
Peixotoa-type,peixotoa_type,Peixotoa
Peixotoa (MALPIGH),peixotoa_malpigh,Peixotoa
Pellaea,pellaea,delete
Pelletiera serpyfolia,pelletiera_serpyfolia,Pelletiera serpyfolia
Peltogyne,peltogyne,Peltogyne-type
Penstemon,penstemon,Penstemon
Pentaclethra,pentaclethra,Pentaclethra-type
Peperomia,peperomia,Peperomia
Peperomia-type,peperomia_type,Peperomia
Peperomia 1,peperomia_1,Peperomia
Peperomia macrostachyos,peperomia_macrostachyos,Peperomia macrostachyos
Peperomia rotundifolia,peperomia_rotundifolia,Peperomia rotundifolia
Pera,pera,Pera-type
Pera-t,pera_t,Pera-type
Pera-type,pera_type,Pera-type
Pera (Euphorb),pera_euphorb,Pera-type
Perama-t,perama_t,Perama
Perezia,perezia,Perezia-type
Perezia-type,perezia_type,Perezia-type
Perezia tipo,perezia_tipo,Perezia-type
Peridinioideae,peridinioideae,delete
Peridinium,peridinium,delete
Peridinoideos,peridinoideos,delete
Peritassa,peritassa,Peritassa
Pernettya,pernettya,Pernettya
Pernettya rigida,pernettya_rigida,Pernettya
Persea,persea,Persea
Persea lingue,persea_lingue,Persea lingue
Persicaria,persicaria,Polygonum
Persicaria acuminata,persicaria_acuminata,Pylygonum acuminata
Persicaria maculosa-type,persicaria_maculosa_type,Polygonum maculosa
Petiveria,petiveria,Petiveria
Petrea,petrea,Petrea
Petunia-type,petunia_type,Petunia-type
Pfaff gn,pfaff_gn,Pfaffia-type
Pfaffia,pfaffia,Pfaffia-type
Phacelia,phacelia,Phacelia
Phacelia-type,phacelia_type,Phacelia
Phacelia brachyantha,phacelia_brachyantha,Phacelia brachyanta
Phaeo la,phaeo_la,delete
Phaeoceros,phaeoceros,delete
Phaeoceros laevis,phaeoceros_laevis,delete
Phaeocerous laevis,phaeocerous_laevis,delete
Phaseolus,phaseolus,Phaseolus
Phaseolus lunatus,phaseolus_lunatus,Phaseolus lunatus
Phaseolus type,phaseolus_type,Phaseolus
Philesia,philesia,Philesia
Philesia magellanica,philesia_magellanica,Philesia magellanica
Philodendron,philodendron,Philodendron
Philodendron 1,philodendron_1,Philodendron
Philodendron 2,philodendron_2,Philodendron
Philodendron tripartitum,philodendron_tripartitum,Philodendron
Phoradendron,phoradendron,Phoradendron
Phragmotheca,phragmotheca,Phragmotheca
Phrygilanthus,phrygilanthus,Notanthera
Phrygilanthus acutifolius,phrygilanthus_acutifolius,Notanthera acutifolius
Phyla canescens,phyla_canescens,Phyla canescens
Phylanthus,phylanthus,Phyllanthus
Phylanthus-tpye,phylanthus_tpye,Phyllanthus
Phyllachne,phyllachne,Phyllachne
Phyllanthaceae,phyllanthaceae,Euphorbiaceae
Phyllanthus,phyllanthus,Phyllanthus
Phyllanthus-type,phyllanthus_type,Phyllanthus
Phyllanthus (Euphorbiaceae),phyllanthus_euphorbiaceae,Phyllanthus
Phyllanthus sp,phyllanthus_sp,Phyllanthus
Phyllanthus sp1,phyllanthus_sp1,Phyllanthus
Phyllanthus sp2,phyllanthus_sp2,Phyllanthus
Phyllantus-t,phyllantus_t,Phyllanthus
Phyllostylon,phyllostylon,Phyllostylon
Phylodendron,phylodendron,Philodendron
Physalis,physalis,Physalis
Physalis type,physalis_type,Physalis
Phytelephas,phytelephas,Phytelephas
Phytelephas-t,phytelephas_t,Phytelephas
Phytolaca,phytolaca,Phytolacca
Phytolacaceae type,phytolacaceae_type,Phytolacca
Phytolacca,phytolacca,Phytolacca
Phytolaccaceae,phytolaccaceae,Phytolaccaceae
Picea,picea,Picea
Picea abies,picea_abies,Picea
Picramnia,picramnia,Picramnia
Pilea,pilea,Pilea-type
Pilea-t,pilea_t,Pilea-type
Pilea elliptica,pilea_elliptica,Pilea elliptica
Pilgerodendron,pilgerodendron,Pilgerodendron uviferum
Pilgerodendron-type,pilgerodendron_type,Pilgerodendron uviferum
Pilgerodendron / Fitzroya,pilgerodendron_fitzroya,Pilgerodendron uviferum
Pilgerodendron uviferum,pilgerodendron_uviferum,Pilgerodendron uviferum
Pilgerodendron uviferum-type,pilgerodendron_uviferum_type,Pilgerodendron uviferum
Pilocarpus,pilocarpus,Pilocarpus
Pinaceae,pinaceae,Pinus
Pinguicula,pinguicula,Pinguicula
Pinus,pinus,Pinus
Pinus-type,pinus_type,Pinus
Pinus sp.,pinus_sp,Pinus
Pinus undifferenciated,pinus_undifferenciated,Pinus
Pinus/Podocarpus,pinus_podocarpus,delete
Pinzona-type,pinzona_type,Pinzona
Piper,piper,Piperaceae
Piper arieianum,piper_arieianum,Piper arieianum
Piper auritum,piper_auritum,Piper auritum
Piper type,piper_type,Piper-type
Piperaceae,piperaceae,Piperaceae
Piperaceae Type 1,piperaceae_type_1,Piperaceae
Piptadenia,piptadenia,Piptadenia-type
Piptadenia-type,piptadenia_type,Piptadenia-type
Piranhea,piranhea,Piranhea
Piscidia,piscidia,Piscidia-type
Piscidia type,piscidia_type,Piscidia-type
Pisidium,pisidium,delete
Pisonia,pisonia,Pisonia
Pithecellobium sp. (Fabaceae),pithecellobium_sp_fabaceae,Pihecellobium-type
Pithecoctenium-type,pithecoctenium_type,Pithecoctenium
Pitirogramma,pitirogramma,delete
Pityrograma,pityrograma,delete
Pityrograma trifoliata,pityrograma_trifoliata,delete
Pityrogramma,pityrogramma,delete
Placea amoena,placea_amoena,Placea amoena
Plant au,plant_au,delete
Plant tu,plant_tu,delete
Plantaginaceae,plantaginaceae,Plantaginaceae
Plantaginaceae Type 1,plantaginaceae_type_1,Plantaginaceae
Plantaginaceae undif.,plantaginaceae_undif,Plantaginaceae
Plantago,plantago,Plantago
Plantago-t,plantago_t,Plantago
"Plantago (triporate, large)",plantago_triporate_large,Plantago
Plantago australis,plantago_australis,Plantago australis
Plantago australis-type,plantago_australis_type,Plantago australis
Plantago australis-Type,plantago_australis_minus_type,Plantago australis
Plantago barbata-type,plantago_barbata_type,Plantago barbata-type
Plantago cf. P. australis,plantago_cf_p_australis,Plantago australis
Plantago cf. P. turficola,plantago_cf_p_turficola,Plantago turficola-type
Plantago lanceolata,plantago_lanceolata,Plantago lanceolata
Plantago lanceolata-type,plantago_lanceolata_type,Plantago lanceolata
Plantago rigi sca,plantago_rigi_sca,Plantago rigida
Plantago rigi ver,plantago_rigi_ver,Plantago rigida
Plantago rigida,plantago_rigida,Plantago rigida
Plantago rigida-type,plantago_rigida_type,Plantago rigida
Plantago rigida-Type,plantago_rigida_minus_type,Plantago rigida
Plantago rigida (scabrate),plantago_rigida_scabrate,Plantago rigida
Plantago rigida (verrucate),plantago_rigida_verrucate,Plantago rigida
Plantago sericea,plantago_sericea,Plantago sericea
Plantago sericea-type,plantago_sericea_type,Plantago sericea
Plantago sp.,plantago_sp,Plantago
Plantago spp.,plantago_spp,Plantago
Plantago turficola-type,plantago_turficola_type,Plantago turficola
Plantago undiff.,plantago_undiff,Plantago
Platanus,platanus,Platanus
Platymicium sp,platymicium_sp,Platymiscium-type
Plenckia,plenckia,Plenckia
Plenckia populnea,plenckia_populnea,Plenckia populnea
Pleuromanes,pleuromanes,delete
Pluchea,pluchea,Pluchea-type
Plumbaginaceae,plumbaginaceae,Plumbaginaceae
Plumbago,plumbago,Plumbago
Plumeria,plumeria,Plumeria
Poa Lg. (>35µm),poa_lg_bigger_than_35mu_m,Poaceae >35
Poa Sm. (<35µm),poa_sm_smaller_than_35mu_m,Poaceae
Poac,poac,Poaceae
Poaceae,poaceae,Poaceae
Poaceae (<35 ),poaceae_smaller_than_35,Poaceae
Poaceae (<40 µm),poaceae_smaller_than_40_mu_m,Poaceae
Poaceae (>40 µm),poaceae_bigger_than_40_mu_m,Poaceae >40
Poaceae (>80 µm),poaceae_bigger_than_80_mu_m,Cerealia
Poaceae (35-75),poaceae_35_minus_75,Poaceae
Poaceae (80 µm),poaceae_80_mu_m,Cerealia
Poaceae (Cerealia-type) cf. Hordeum,poaceae_cerealia_type_cf_hordeum,Cerealia
Poaceae (Cerealia),poaceae_cerealia,Cerealia
Poaceae (Cerealia) cf. Avena,poaceae_cerealia_cf_avena,Cerealia
Poaceae (Cerealia) undiff.,poaceae_cerealia_undiff,Cerealia
Poaceae (dp),poaceae_dp,Poaceae
Poaceae >80 cm,poaceae_bigger_than_80_cm,Cerealia
Poaceae 10,poaceae_10,Poaceae
Poaceae 7,poaceae_7,Poaceae
Poaceae 8,poaceae_8,Poaceae
Poaceae 9,poaceae_9,Poaceae
POACEAE Lg. (>35µm),poaceae_lg_bigger_than_35mu_m,Poaceae >35
POACEAE Sm.  (>35µm),poaceae_sm_bigger_than_35mu_m,Poaceae >35
Poaceae undiff.,poaceae_undiff,Poaceae
Poaceae1,poaceae1,Poaceae
Poaceae2,poaceae2,Poaceae
Poaceae3,poaceae3,Poaceae
Poaceae4,poaceae4,Poaceae
Poaceae5,poaceae5,Poaceae
Poaceae6,poaceae6,Poaceae
podo.type,podo_type,Podocarpus
Podocalix aff loranthoides,podocalix_aff_loranthoides,Podocalyx loranthoides
Podocalyx,podocalyx,Podocalyx
podocarp,podocarp,Podocarpus
Podocarpaceae,podocarpaceae,Podocarpus
Podocarpaceae (type 1),podocarpaceae_type_1,Podocarpus
Podocarpaceae (type 2),podocarpaceae_type_2,Podocarpus
Podocarpus,podocarpus,Podocarpus
Podocarpus - Podocarpaceae,podocarpus_minus_podocarpaceae,Podocarpus
Podocarpus (type 1),podocarpus_type_1,Podocarpus
Podocarpus (type 2),podocarpus_type_2,Podocarpus
Podocarpus fininho,podocarpus_fininho,Podocarpus
podocarpus nubigena,podocarpus_nubigena,Podocarpus
Podocarpus nubigenus,podocarpus_nubigenus,Podocarpus
Podocarpus saligna,podocarpus_saligna,Podocarpus
Podocarpus salignus,podocarpus_salignus,Podocarpus
Podocarpus sp.,podocarpus_sp,Podocarpus
Podocarpus spp.,podocarpus_spp,Podocarpus
Podospora-type,podospora_type,delete
Poeppigia,poeppigia,Poeppigia-type
Poiretia,poiretia,Poiretia-type
Polemoniaceae,polemoniaceae,Polemoniaceae
Poligala,poligala,Polygala
Poligonacea,poligonacea,Polygonaceae
Poligonaceae,poligonaceae,Polygonaceae
POLLEN DAMAGED (UNIDENTIFIED),pollen_damaged_unidentified,delete
Pollen types,pollen_types,delete
Pollen: cf. upland herbs,pollen_cf_upland_herbs,delete
Polyachyrus-type,polyachyrus_type,Polyachyrus-type
Polygala,polygala,Polygala
Polygala-t,polygala_t,Polygala
Polygala-type,polygala_type,Polygala
Polygala-Type,polygala_minus_type,Polygala
Polygala paniculata,polygala_paniculata,Polygala
Polygalaceae,polygalaceae,Polygalaceae
Polygalaceae (type A),polygalaceae_type_a,Polygalaceae
Polygalaceae (type B),polygalaceae_type_b,Polygalaceae
Polygalaceae undiff.,polygalaceae_undiff,Polygalaceae
Polygon,polygon,Polygonum
Polygonaceae,polygonaceae,Polygonum
Polygonaceae (Muehlenbeckia type),polygonaceae_muehlenbeckia_type,Muehlenbeckia
Polygonaceae undiff.,polygonaceae_undiff,Polygonum
Polygonum,polygonum,Polygonum
Polygonum-t,polygonum_t,Polygonum
Polygonum-type,polygonum_type,Polygonum
Polygonum (H-60),polygonum_h_minus_60,Polygonum
Polygonum sensu lato,polygonum_sensu_lato,Polygonum
Polylepis,polylepis,Polylepis-Acaena
Polylepis-Acaena,polylepis_minus_acaena,Polylepis-Acaena
Polylepis (rugulate),polylepis_rugulate,Polylepis-Acaena
Polylepis pepei,polylepis_pepei,Polylepis-Acaena
Polylepis/Acaena,polylepis_acaena,Polylepis-Acaena
Polylepis/Acaena-Type,polylepis_acaena_minus_type,Polylepis-Acaena
Polypod,polypod,delete
Polypodiacea,polypodiacea,delete
Polypodiaceae,polypodiaceae,delete
Polypodiaceae (Asplenium type),polypodiaceae_asplenium_type,delete
Polypodiaceae (Blechnum type),polypodiaceae_blechnum_type,delete
Polypodicaceae,polypodicaceae,delete
Polypodium,polypodium,delete
Polypodium (verrucate),polypodium_verrucate,delete
Polypodium ciliatum,polypodium_ciliatum,delete
Polypodium feullei,polypodium_feullei,delete
Polypodium verr,polypodium_verr,delete
POLYPODTRI,polypodtri,delete
Polyscias-t,polyscias_t,Polyscias
Polystichum,polystichum,delete
Pontederia,pontederia,delete
Pontederiaceae,pontederiaceae,delete
Populus,populus,Populus
Portulaca,portulaca,Portulaca
Portulacaceae,portulacaceae,Portulacaceae
Portulacaceae undiff.,portulacaceae_undiff,Portulacaceae
Portulaceae,portulaceae,Portulacaceae
Posoqueria,posoqueria,Posoqueria
Potamogetom,potamogetom,delete
Potamogeton,potamogeton,delete
Potamogetonaceae,potamogetonaceae,delete
Potentilla,potentilla,Potentilla-type
Potentilla anserina-type,potentilla_anserina_type,Potentilla-type
Poulsenia,poulsenia,Poulsenia
Poulsenia-t (3P),poulsenia_t_3p,Poulsenia
Pourouma,pourouma,Pourouma-type
Pourouma-t,pourouma_t,Pourouma-type
Pousqueria,pousqueria,delete
Pouteria,pouteria,Pouteria
Pouteria-t,pouteria_t,Pouteria
Pouteria aff. P. elegans,pouteria_aff_p_elegans,Pouteria elegans
Pouteria guianensis,pouteria_guianensis,Pouteria guianensis
Pouteria sp,pouteria_sp,Pouteria
Pouteria sp. (Sapotaceae),pouteria_sp_sapotaceae,Pouteria
Pouteria/Trichilia-t,pouteria_trichilia_t,Pouteria trichilla
PP reticulate,pp_reticulate,delete
PP scabr 16µm,pp_scabr_16mu_m,delete
Pratia repens,pratia_repens,Lobelia
Prestonia,prestonia,Prestonia
Prestonia 4P,prestonia_4p,Prestonia
Primula,primula,Primula
Primula farinosa,primula_farinosa,Primula
Primula typw,primula_typw,Primula
Primulaceae,primulaceae,Primulaceae
Primulaceae type,primulaceae_type,Primulaceae
Priva-type,priva_type,Priva
Prock cr,prock_cr,Prockia
Prockia crucis-type,prockia_crucis_type,Prockia crusis
Prosopidastrum globosum,prosopidastrum_globosum,Prosopidastrum globosum
Prosopis,prosopis,Prosopis-type
Prosopis-type,prosopis_type,Prosopis-type
Prosopis sp.,prosopis_sp,Prosopis-type
Prosopis type (symplocos),prosopis_type_symplocos,Prosopis-type
Proteac,proteac,Proteaceae
Proteaceae,proteaceae,Proteaceae
Proteaceae (reticulate),proteaceae_reticulate,Proteaceae
Proteaceae sp1,proteaceae_sp1,Proteaceae
Proteaceae undiff.,proteaceae_undiff,Proteaceae
Proteaceae/Sapindaceae,proteaceae_sapindaceae,Proteaceae
Proteceae,proteceae,Proteaceae
Protium,protium,Protium
Protium-t,protium_t,Protium-type
Protium-type,protium_type,Protium-type
Protium - Burseraceae,protium_minus_burseraceae,Protium
Protium (Burseraceae),protium_burseraceae,Protium
Protium (type I),protium_type_i,Protium-type
Protium (type II),protium_type_ii,Protium-type
Protium (type III),protium_type_iii,Protium-type
Protium Type A,protium_type_a,Protium-type
Protium Type B,protium_type_b,Protium-type
Protium undiff.,protium_undiff,Protium
Proustia,proustia,Proustia-type
Proustia-type,proustia_type,Proustia-type
Prumnopitys andina,prumnopitys_andina,Prumnopitys andina
Prunus,prunus,Prunus
Prunus-type,prunus_type,Prunus
Prunus sp2,prunus_sp2,Prunus
Pseudobombax,pseudobombax,Pseudobombax
Pseudobombax-type,pseudobombax_type,Pseudobombax
Pseudolmedia,pseudolmedia,Pseudolmedia
Pseudopanax,pseudopanax,Pseudopanax
Pseudopanax laetevirens,pseudopanax_laetevirens,Pseudopanax
Pseudopanax laetirens,pseudopanax_laetirens,Pseudopanax
Pseudoschizae rubina,pseudoschizae_rubina,delete
Pseudoschizaea,pseudoschizaea,delete
Pseudoschizaea rubina,pseudoschizaea_rubina,delete
Pseudoschizaea sp.,pseudoschizaea_sp,delete
Pseudoschyzea,pseudoschyzea,delete
Psidium,psidium,Psidium
Psidium-type,psidium_type,Psidium
Psidium guajava,psidium_guajava,Psidium guajava
Psilate,psilate,delete
Psilate monolete,psilate_monolete,delete
Psilate trilete,psilate_trilete,delete
Psittacanthus,psittacanthus,Psittacanthus
Psuedopanax laetevirens,psuedopanax_laetevirens,Pseudopanax
Psychotira alba-type,psychotira_alba_type,Psychotria alba
Psychotria,psychotria,Psychotria
Psychotria-t,psychotria_t,Psychotria
Psychotria-type,psychotria_type,Psychotria
Psychotria-Type,psychotria_minus_type,Psychotria
"Psychotria-type (inaperturate, baculate)",psychotria_type_inaperturate_baculate,Psychotria
"Psychotria-type (tricolporate, reticulate)",psychotria_type_tricolporate_reticulate,Psychotria
Psychotria (type I),psychotria_type_i,Psychotria
Psychotria (type II),psychotria_type_ii,Psychotria
Psychotria 1,psychotria_1,Psychotria
Psychotria alba type,psychotria_alba_type,Psychotria alba
Psychotria cf. P. carthagenensis,psychotria_cf_p_carthagenensis,Psychotria carthagenensis
Psychotria horizontalis,psychotria_horizontalis,Psychotria horizontalis
Psychotria indet.,psychotria_indet,Psychotria
Psycotria-t,psycotria_t,Psychotria
Psycotria/Guapira-t,psycotria_guapira_t,Psychotria guapira
Psydobombax,psydobombax,Pseudobombax
Psyllocarpus/Micrandra?,psyllocarpus_micrandra,Psyllocarpus micrandra
Pteridac,pteridac,delete
Pteridaceae,pteridaceae,delete
"Pteridiophytae, undiff.",pteridiophytae_undiff,delete
Pteridium,pteridium,delete
Pteridofita,pteridofita,delete
Pteridophyta,pteridophyta,delete
"Pteridophyta (monolete, psilate)",pteridophyta_monolete_psilate,delete
"Pteridophyta (monolete, psilate, <50 µm)",pteridophyta_monolete_psilate_smaller_than_50_mu_m,delete
"Pteridophyta (monolete, psilate, large)",pteridophyta_monolete_psilate_large,delete
"Pteridophyta (monolete, verrucate)",pteridophyta_monolete_verrucate,delete
"Pteridophyta (monolete, verrucate, small)",pteridophyta_monolete_verrucate_small,delete
"Pteridophyta (monolete, waved perine)",pteridophyta_monolete_waved_perine,delete
"Pteridophyta (trilete, psilate)",pteridophyta_trilete_psilate,delete
"Pteridophyta (trilete, psilate, small)",pteridophyta_trilete_psilate_small,delete
"Pteridophyta (trilete, psilate,big)",pteridophyta_trilete_psilate_big,delete
Pteridophyte,pteridophyte,delete
Pteris,pteris,delete
Pteris-type,pteris_type,delete
Pteris-Type,pteris_minus_type,delete
Pteris (729),pteris_729,delete
Pterocarpus,pterocarpus,Pterocarpus-type
Pterodon t,pterodon_t,Pterodon-type
Pterogyne,pterogyne,Pterogyne-type
Pterogyne t.,pterogyne_t,Pterogyne-type
Pterozonium,pterozonium,delete
Pullularia - type,pullularia_minus_type,delete
Purdiaea,purdiaea,Purdiaea
Purdiaea nutans,purdiaea_nutans,Purdiaea nutans
Puya,puya,Puya
Puya-type,puya_type,Puya
Puya-type (broad colpus),puya_type_broad_colpus,Puya
Pycnophyllum,pycnophyllum,Pycnophyllum
Pyhrygil,pyhrygil,delete
q.sam..,q_sam,delete
q.spk..,q_spk,delete
Qualea,qualea,Qualea
Quararibea,quararibea,Quararibea
Quercoid,quercoid,delete
Quercus,quercus,Quercus
Quercus-type (with pores),quercus_type_with_pores,Quercus
Quercus - Fagaceae,quercus_minus_fagaceae,Quercus
Quercus sp.,quercus_sp,Quercus
Quinchamalium,quinchamalium,Quinchamalium
R. echin,r_echin,delete
Ramnaceace,ramnaceace,Rhamnaceae
Randia,randia,Randia
Randia-type,randia_type,Randia
Randia sp,randia_sp,Randia
Rannuculus,rannuculus,Ranunculus
Rannunculus,rannunculus,Ranunculus
Ranunculac,ranunculac,Ranunculaceae
Ranunculaceae,ranunculaceae,Ranunculaceae
Ranunculaceae (type 2),ranunculaceae_type_2,Ranunculaceae
Ranunculaceae ALL,ranunculaceae_all,Ranunculaceae
Ranunculaceae Type 1  (Cf. Thalictrum),ranunculaceae_type_1_cf_thalictrum,Thalictrum
Ranunculaceae undif.,ranunculaceae_undif,Rananculaceae
Ranunculaceae undiff.,ranunculaceae_undiff,Ranunculaceae
Ranunculus,ranunculus,Ranunculus
Ranunculus-t,ranunculus_t,Ranunculus
Ranunculus-type,ranunculus_type,Ranunculus
Ranunculus - Ranunculaceae,ranunculus_minus_ranunculaceae,Ranunculus
Ranunculus cf. R. bonariensis,ranunculus_cf_r_bonariensis,Ranunculus
Ranunculus Type 1,ranunculus_type_1,Ranunculus
Ranunculus Type 2,ranunculus_type_2,Ranunculus
Rapanea,rapanea,Rapanea
Rapanea-type,rapanea_type,Rapanea
Raukaua,raukaua,Raukaua
Raukaua laetevirens,raukaua_laetevirens,Raukaua
Ravenala madagascariensis,ravenala_madagascariensis,Ravenala madagascariensis
Raveniopsis,raveniopsis,Raveniopsis
Rebunium,rebunium,Relbunium
Relbuniu,relbuniu,Relbunium
Relbunium,relbunium,Relbunium
Renealmia,renealmia,Renealmia
Reticulate zonorate-type,reticulate_zonorate_type,delete
Rhamnac ret,rhamnac_ret,Rhamnaceae
Rhamnaceae,rhamnaceae,Rhamnaceae
Rhamnaceae-type,rhamnaceae_type,Rhamnaceae
Rhamnaceae (indif.),rhamnaceae_indif,Rhamnaceae
Rhamnaceae cf. Colubrina glandulosa,rhamnaceae_cf_colubrina_glandulosa,Rhamnaceae
Rhamnaceae t Trevoa,rhamnaceae_t_trevoa,Rhamnaceae
Rhamnaceae/Rosaceae,rhamnaceae_rosaceae,Rhamnaceae
Rhamnidium elaeocarpum,rhamnidium_elaeocarpum,Rhamnidium elaeocarpum
Rhamnidium sp1,rhamnidium_sp1,Rhamnaceae
Rhamnus,rhamnus,Rhamnus-type
Rhamnus-t,rhamnus_t,Rhamnus-type
Rhamnus-type,rhamnus_type,Rhamnaceae
Rhamnus sp1,rhamnus_sp1,Rhamnus-type
Rhaphithamnus spinosus,rhaphithamnus_spinosus,Rhaphithamnus
Rhapiothamnus,rhapiothamnus,Rhaphithamnus
Rheedia,rheedia,Rheedia
Rheedia/PAPILIONIDAE,rheedia_papilionidae,Rheedia
Rhipsalis,rhipsalis,Rhipsalis
Rhizocephalum,rhizocephalum,Rhizocephalum
Rhizophera,rhizophera,Rhizophora
Rhizophora,rhizophora,Rhizophora
Rhizophora mangle,rhizophora_mangle,Rhizophora
Rhizophora sp.,rhizophora_sp,Rhizophora
Rhizophora t,rhizophora_t,Rhizophora
Rhizophoraceae,rhizophoraceae,Rhizophoraceae
Rhus-type,rhus_type,Rhus
Ribes,ribes,Ribes
Ribes-type,ribes_type,Ribes-type
Ribes tipe,ribes_tipe,Ribes-type
Riccia,riccia,delete
Ricciocarpus natans,ricciocarpus_natans,delete
Rich aus,rich_aus,delete
Richardia,richardia,Richardia
Richardia clv,richardia_clv,Richardia
Richeria,richeria,Richeria
Ricinus,ricinus,Ricinus
Rinorea,rinorea,Rinorea
Rinorea-t,rinorea_t,Rinorea
Rolandra fruticosa,rolandra_fruticosa,Rolandra fruticosa-type
Rorippa,rorippa,delete
Rosaceae,rosaceae,Rosaceae
Rosaceae - Polylepis Type ALL,rosaceae_minus_polylepis_type_all,Rosaceae
Rosaceae (other),rosaceae_other,Rosaceae
Rosaceae CP3 ret het semitect,rosaceae_cp3_ret_het_semitect,Rosaceae
Rosaceae I,rosaceae_i,Rosaceae
Rosaceae Polylepis Type 1,rosaceae_polylepis_type_1,Polylepis-Acaena
Rosaceae Polylepis Type 2,rosaceae_polylepis_type_2,Polylepis-Acaena
Rosaceae Polylepis Type 3,rosaceae_polylepis_type_3,Polylepis-Acaena
Rosaceae undif.,rosaceae_undif,Rosaceae
Rosaceae undiff.,rosaceae_undiff,Rosaceae
Roucheria,roucheria,Roucheria
Roupala,roupala,Roupala
Roupala-t,roupala_t,Roupala
Roupala-type,roupala_type,Roupala
Roupala sp.,roupala_sp,Roupala
Ruagea,ruagea,Ruagea
Ruagea-type (triporate),ruagea_type_triporate,Ruagea
Rub-Sym,rub_minus_sym,delete
Rub kasten kr,rub_kasten_kr,delete
Rub R1,rub_r1,delete
Rubiac,rubiac,Rubiaceae
Rubiaceace ALL,rubiaceace_all,Rubiaceae
"Rubiaceace Type 1 (Cf. borreria, diodia or galianthe)",rubiaceace_type_1_cf_borreria_diodia_or_galianthe,Borreria
Rubiaceace Type 2,rubiaceace_type_2,Rubiaceae
Rubiaceace Type 3  (CF. Cupania cinenea RB 1098,rubiaceace_type_3_cf_cupania_cinenea_rb_1098,Cupania
Rubiaceace Type 4,rubiaceace_type_4,Rubiaceae
Rubiaceace Type 5,rubiaceace_type_5,Rubiaceae
Rubiaceace Type 6,rubiaceace_type_6,Rubiaceae
Rubiaceae,rubiaceae,Rubiaceae
RUBIACEAE-t,rubiaceae_t,Rubiaceae
Rubiaceae-type,rubiaceae_type,Rubiaceae
Rubiaceae (cf Hoffmannia),rubiaceae_cf_hoffmannia,Hoffmannia
Rubiaceae (cf Uncaria),rubiaceae_cf_uncaria,Uncaria
RUBIACEAE (cf. Lydista),rubiaceae_cf_lydista,delete
Rubiaceae (Galium type),rubiaceae_galium_type,Galium
Rubiaceae (hexacolpate),rubiaceae_hexacolpate,Rubiaceae
Rubiaceae (type 1),rubiaceae_type_1,Rubiaceae
Rubiaceae (type 2),rubiaceae_type_2,Rubiaceae
Rubiaceae (type 20),rubiaceae_type_20,Rubiaceae
Rubiaceae (type 25),rubiaceae_type_25,Rubiaceae
Rubiaceae (type I),rubiaceae_type_i,Rubiaceae
Rubiaceae 5-porate,rubiaceae_5_minus_porate,Rubiaceae
Rubiaceae aff. Alibertia,rubiaceae_aff_alibertia,Alibertia-type
Rubiaceae C(P)5-6 ret het semitect,rubiaceae_c_p_5_minus_6_ret_het_semitect,Rubiaceae
Rubiaceae cf. Dioicodendron dioicum,rubiaceae_cf_dioicodendron_dioicum,Dioicodendron dioicum
Rubiaceae cf. Galium sect. Relbunium,rubiaceae_cf_galium_sect_relbunium,Galium
Rubiaceae cf.Manettia-Type,rubiaceae_cf_manettia_minus_type,Manettia
Rubiaceae CP3 bac,rubiaceae_cp3_bac,Rubiaceae
Rubiaceae CP3 ret het semitect 37µm,rubiaceae_cp3_ret_het_semitect_37mu_m,Rubiaceae
Rubiaceae CP3 ret semitect 19x17µm,rubiaceae_cp3_ret_semitect_19x17mu_m,Rubiaceae
Rubiaceae indet.,rubiaceae_indet,Rubiaceae
Rubiaceae pro parte,rubiaceae_pro_parte,Rubiaceae
Rubiaceae R1,rubiaceae_r1,Rubiaceae
Rubiaceae ret spher 16µm,rubiaceae_ret_spher_16mu_m,Rubiaceae
RUBIACEAE T-I,rubiaceae_t_minus_i,Rubiaceae
RUBIACEAE T-II,rubiaceae_t_minus_ii,Rubiaceae
RUBIACEAE T.120,rubiaceae_t_120,Rubiaceae
Rubiaceae tricolporate,rubiaceae_tricolporate,Rubiaceae
Rubiaceae triporate,rubiaceae_triporate,Rubiaceae
Rubiaceae Type 3,rubiaceae_type_3,Rubiaceae
Rubiaceae undiff,rubiaceae_undiff,Rubiaceae
RUBIACEAE Unid,rubiaceae_unid,Rubiaceae
RUBIACEAE/LAMIACEAE(4C),rubiaceae_lamiaceae_4c,Rubiaceae
Rubus,rubus,Rubus
Rubus-type,rubus_type,Rubus
Rubus geoides,rubus_geoides,Rubus
Rudgea,rudgea,Rudgea
Ruellia,ruellia,Ruellia
Rumex,rumex,Rumex
Rumex-t,rumex_t,Rumex
Rumex-type,rumex_type,Rumex
Rumex (Carapa?) (coriaria?),rumex_carapa_coriaria,delete
Rumex acetosa-type,rumex_acetosa_type,Rumex acetosa
Rumex acetosella,rumex_acetosella,Rumex acetosella
Rumex acetosella-type,rumex_acetosella_type,Rumex acetosella
Rumex magellanica,rumex_magellanica,Rumex magellanicus
Rumex magellanicus,rumex_magellanicus,Rumex magellanicus
Rumex sp,rumex_sp,Rumex
Rumex undiff.,rumex_undiff,Rumex
Ruppia,ruppia,delete
Rutaceae,rutaceae,Rutaceae
RUTACEAE-t,rutaceae_t,Rutaceae
Rutaceae (type A),rutaceae_type_a,Rutaceae
Rutaceae Citrus-Typ,rutaceae_citrus_minus_typ,Rutaceae
Rutaceae undiff,rutaceae_undiff,Rutaceae
Rutaceae/Anacardiaceae,rutaceae_anacardiaceae,Rutaceae
Ryania,ryania,Ryania
Rynchosia t,rynchosia_t,Rhynchosia-type
Sabiaceae,sabiaceae,Sabiaceae
Sabicea,sabicea,Sabicea
Sabicea-t,sabicea_t,Sabicea
Sabicea-type,sabicea_type,Sabicea
Saccate 1,saccate_1,delete
Saccolema (H-266),saccolema_h_minus_266,Salpinga
Sacoglottis,sacoglottis,Sacoglottis
Saggitaria,saggitaria,delete
Sagina chilensis,sagina_chilensis,Sagina
Sagitaria,sagitaria,delete
Sagittaria,sagittaria,delete
Sagittaria-t,sagittaria_t,delete
Sagittaria 1,sagittaria_1,delete
Sagittaria 2,sagittaria_2,delete
Sagittaria/Echinodorus-Type,sagittaria_echinodorus_minus_type,delete
Sagotia,sagotia,Sagotia
Salicaceae,salicaceae,Salicaceae
Salicaceae cf. Casearia,salicaceae_cf_casearia,Casearia
Salicaceae cf. Neoptychocarpus,salicaceae_cf_neoptychocarpus,Neophychocarpus
Salicaceae undiff.,salicaceae_undiff,Salicaceae
Salicornia,salicornia,Amaranthaceae
Salix,salix,Salix
Salix-type,salix_type,Salix
Salix cf. S. humboldtiana,salix_cf_s_humboldtiana,Salix
Salix humboldtiana,salix_humboldtiana,Salix
Salpichroa-type,salpichroa_type,Salpichroa-type
Salvagesia,salvagesia,Sauvagesia
Salvia,salvia,Lamiaceae
Salvia-type,salvia_type,Lamiaceae
Salvinia,salvinia,delete
Sambucus,sambucus,Sambucus
Sambucus-type,sambucus_type,Sambucus
Sample,sample,delete
sample quantity,sample_quantity,delete
Sample quantity (cm3),sample_quantity_cm3,delete
Sample quantity (gr),sample_quantity_gr,delete
Sample quantity (q.sam.),sample_quantity_q_sam,delete
"Sample quantity, cm^3",sample_quantity_cm_3,delete
Sample size,sample_size,delete
Sample volume (cm3),sample_volume_cm3,delete
Sample volume (ml),sample_volume_ml,delete
sample volumen,sample_volumen,delete
Sanguisorba,sanguisorba,Sanguisorba
Sanguisorba-type,sanguisorba_type,Sanguisorba
Sanicula-type,sanicula_type,Sanicula-type
Santalaceae,santalaceae,Santalaceae
Sapidaceae,sapidaceae,Sapindaceae
Sapindaceae,sapindaceae,Sapindaceae
Sapindaceae (type 1),sapindaceae_type_1,Sapindaceae
Sapindaceae (type A),sapindaceae_type_a,Sapindaceae
Sapindaceae All,sapindaceae_all,Sapindaceae
Sapindaceae cf. Cupania,sapindaceae_cf_cupania,Cupania-type
Sapindaceae undiff,sapindaceae_undiff,Sapindaceae
Sapindus,sapindus,Sapindus
Sapium,sapium,Sapium
Sapium-t,sapium_t,Sapium
Sapium-Typ 38x30µm (Euphorbiaceae),sapium_minus_typ_38x30mu_m_euphorbiaceae,Sapium
Sapium - Euphorbiaceae,sapium_minus_euphorbiaceae,Sapium
Sapium (type 1),sapium_type_1,Sapium
Sapium (type 2),sapium_type_2,Sapium
Sapium sp,sapium_sp,Sapium
Sapium sp1,sapium_sp1,Sapium
Sapotaceae,sapotaceae,Sapotaceae
SAPOTACEAE-t,sapotaceae_t,Sapotaceae
Sapotaceae-type,sapotaceae_type,Sapotaceae
Sapotaceae (type 1),sapotaceae_type_1,Sapotaceae
Sapotaceae (type A),sapotaceae_type_a,Sapotaceae
Sapotaceae (type II),sapotaceae_type_ii,Sapotaceae
Sapotaceae cf. Chrysophyllum,sapotaceae_cf_chrysophyllum,Chrysophyllum
Sapotaceae I,sapotaceae_i,Sapotaceae
Sapotaceae I (sm),sapotaceae_i_sm,Sapotaceae
Sapotaceae II,sapotaceae_ii,Sapotaceae
Sapotaceae undiff,sapotaceae_undiff,Sapotaceae
SAPOTACEAE...20,sapotaceae_20,Sapotaceae
SAPOTACEAE...53,sapotaceae_53,Sapotaceae
Sarcaulus sp.,sarcaulus_sp,Sarcaulus
Satureja,satureja,Lamiaceae
Satureja-t,satureja_t,Lamiaceae
Satureja-t (H-109),satureja_t_h_minus_109,Lamiaceae
Satureja darwinii,satureja_darwinii,Lamiaceae
Saurauia-t,saurauia_t,Saurauia
Sauvagesia,sauvagesia,Sauvagesia
Sauvagesia angustifolia,sauvagesia_angustifolia,Sauvagesia angustifolia
Sauvagesia imthurniana,sauvagesia_imthurniana,Sauvagesia imthurniana
Sauvagesia inthruniana,sauvagesia_inthruniana,Sauvagesia imthurniana
Saxegothaea,saxegothaea,Saxegothaea
Saxegothaea conspicua,saxegothaea_conspicua,Saxegothaea
Saxegothea,saxegothea,Saxegothaea
Saxegothea conspicua,saxegothea_conspicua,Saxegothaea
Saxifraga-type,saxifraga_type,Saxifraga
Saxifragaceae,saxifragaceae,Saxifragaceae
Saxifragaceae (cf. Ribes),saxifragaceae_cf_ribes,Ribes
Saxifragaceae (Tetilla type),saxifragaceae_tetilla_type,Saxifraga
Saxifragaceae magellanica,saxifragaceae_magellanica,Saxifraga
Saxifragaceae undif.,saxifragaceae_undif,Saxifragaceae
Scenecio type,scenecio_type,Senecio-type
Scenedesmus,scenedesmus,delete
Scheelea,scheelea,Scheelea
Schefflera,schefflera,Schefflera
Schefflera-type,schefflera_type,Schefflera
Schefflera (Araliaceae),schefflera_araliaceae,Schefflera
Schiff. (small),schiff_small,delete
Schinopsis,schinopsis,Schinopsis
Schinus,schinus,Schinus
Schinus-Litharea,schinus_minus_litharea,Schinus
Schinus-t,schinus_t,Schinus-type
Schinus-type,schinus_type,Schinus-type
Schinus-Type,schinus_minus_type,Schinus-type
Schinus sp.,schinus_sp,Schinus
Schinus tipo,schinus_tipo,Schinus-type
Schizea att,schizea_att,delete
Schizoaceae,schizoaceae,delete
Schizolobium,schizolobium,Schizolobium-type
Schizolobium parahyba,schizolobium_parahyba,Schizolobium parahyba
Schizolobium sp.,schizolobium_sp,Schizolobium
Schnella cf. S. reflexa,schnella_cf_s_reflexa,Bauhinia-type
Schultesia,schultesia,Schultesianthus
Schultesianthus,schultesianthus,Schultesianthus
Schwannia,schwannia,Schwannia
Sciadotenia-t,sciadotenia_t,Sciadotenia
Sciadotenia-tII,sciadotenia_t_ii,Sciadotenia
Scirpus,scirpus,delete
Scleronema,scleronema,Scleronema
Scofulariac,scofulariac,Scrophulariaceae
Scoparia,scoparia,Scoparia
Scoparia-t,scoparia_t,Scoparia
Scoparia dulcis,scoparia_dulcis,Scoparia
Scoparia type,scoparia_type,Scoparia
Scrophulariaceae,scrophulariaceae,Scrophulariaceae
Scrophulariaceae-type,scrophulariaceae_type,Scrophulariaceae
Scrophulariaceae (conf. Calceolaria),scrophulariaceae_conf_calceolaria,Calceolaria-type
Scrophulariaceae (psilate),scrophulariaceae_psilate,Scrophulariaceae
Scrophulariaceae (reticulate),scrophulariaceae_reticulate,Scrophulariaceae
Scrophulariaceae Type 1,scrophulariaceae_type_1,Scrophulariaceae
Scrophulariaceae undiff.,scrophulariaceae_undiff,Scrophulariaceae
Scrophullariaceae,scrophullariaceae,Scrophulariaceae
Scutellaria-type,scutellaria_type,Lamiaceae
Seb bras,seb_bras,Sebastiania
Seb comm,seb_comm,Sebastiania
Seb sch,seb_sch,Sebastiania
Sebastiana,sebastiana,Sebastiania
Sebastiana brasiliensis,sebastiana_brasiliensis,Sebastiania brasiliensis
Sebastiana ind,sebastiana_ind,Sebastiania
Sebastiania,sebastiania,Sebastiania
Sebastiania brasiliensis,sebastiania_brasiliensis,Sebastiania brasiliensis
Sebastiania cf. S. schottiana,sebastiania_cf_s_schottiana,Sebastiania schottiana
Sebastiania commersionia,sebastiania_commersionia,Sebastiania commersionia
Sebastiania commersoniana,sebastiania_commersoniana,Sebastiania commersionia
Sebastiania corniculata,sebastiania_corniculata,Sebastiania corniculata
Sebastiania schottiana-type,sebastiania_schottiana_type,Sebastiania schottiana
Sebastiania sp1,sebastiania_sp1,Sebastiania
Secondatia (type 2),secondatia_type_2,Secondatia
Secondatia sp. form 2,secondatia_sp_form_2,Secondatia
Secondatia type,secondatia_type,Secondatia
Securidaca,securidaca,Securidaca
Securidaca-type,securidaca_type,Securidaca
Sed. vol.,sed_vol,delete
Sel exc,sel_exc,delete
Selaginella,selaginella,delete
Selaginella-Type 1,selaginella_minus_type_1,delete
Selaginella anceps-Type,selaginella_anceps_minus_type,delete
Selaginella excurrens,selaginella_excurrens,delete
Sellaginela,sellaginela,delete
Sellaginella aff. exaltata,sellaginella_aff_exaltata,delete
Sellaginella horizontalis,sellaginella_horizontalis,delete
Senecio,senecio,Senecio-type
Senecio-type,senecio_type,Senecio-type
Senecio-Type,senecio_minus_type,Senecio-type
Senecio-type (40 µm),senecio_type_40_mu_m,Senecio-type
Senecio A-type,senecio_a_type,Senecio-type
Senecio B-type,senecio_b_type,Senecio-type
Senefeldera,senefeldera,Senefeldera
Senna,senna,Cassia-type
Senna-type,senna_type,Cassia-type
Senna multijuga,senna_multijuga,Cassia multijuga
Senna sp,senna_sp,Cassia-type
Senna sp1,senna_sp1,Cassia-type
Senna sp4,senna_sp4,Cassia-type
Sericotheca,sericotheca,delete
Serj ver,serj_ver,Serjania
Serjania,serjania,Serjania
Serjania-t,serjania_t,Serjania
Serjania-type,serjania_type,Serjania
Serjania (type D),serjania_type_d,Serjania
Serjania vernalis,serjania_vernalis,Serjania vernalis
Sesuvium type,sesuvium_type,Sesuvium
Sicydium,sicydium,Sicydium
Sida,sida,Sida
Sida-type,sida_type,Sida
Simarouba,simarouba,Quassia
Simarouba-type,simarouba_type,Quassia
Simaroubaceae,simaroubaceae,Simaroubaceae
Simira,simira,Simira
Sinopteridaceae,sinopteridaceae,delete
Siparuma,siparuma,Siparuna
Siparuna,siparuna,Siparuna
Siparuna-type,siparuna_type,Siparuna
Siphocampylus,siphocampylus,Siphocampylus
Siphocampylus-t,siphocampylus_t,Siphocampylus
Sisymbrium magellanica,sisymbrium_magellanica,Brassicaceae
Sisyrinchium,sisyrinchium,Sisyrinchium
Sisyrinchium-type,sisyrinchium_type,Sisyrinchium
Sisyrrinchium,sisyrrinchium,Sisyrinchium
Sloanea,sloanea,Sloanea-type
Sloanea-t,sloanea_t,Sloanea-type
Sloanea-type,sloanea_type,Sloanea-type
Sloanea (floribunda),sloanea_floribunda,Sloanea floribunda
Sloanea (type 2),sloanea_type_2,Sloanea-type
Sloanea stipitata,sloanea_stipitata,Sloanea stipitata
Sloanea undiff.,sloanea_undiff,Sloanea-type
SM-II,sm_minus_ii,delete
SM-IV,sm_minus_iv,delete
SM-V,sm_minus_v,delete
small charcoal,small_charcoal,delete
Smilacaceae,smilacaceae,Smilacaceae
Smilax,smilax,Smilax
Socratea,socratea,Socratea
Socratea-t,socratea_t,Socratea
Socratea-type,socratea_type,Socratea
Sol smal,sol_smal,Solanaceae
Solanac,solanac,Solanaceae
Solanaceae,solanaceae,Solanaceae
SOLANACEAE-RET,solanaceae_minus_ret,Solanaceae
SOLANACEAE-t,solanaceae_t,Solanaceae
Solanaceae-type,solanaceae_type,Solanaceae
Solanaceae (type 1),solanaceae_type_1,Solanaceae
Solanaceae (type 16),solanaceae_type_16,Solanaceae
Solanaceae (type 2),solanaceae_type_2,Solanaceae
Solanaceae (type 3),solanaceae_type_3,Solanaceae
"Solanaceae (type 558, Kuhry 1988)",solanaceae_type_558_kuhry_1988,Solanaceae
Solanaceae (undiff.),solanaceae_undiff,Solanaceae
Solanaceae ALL,solanaceae_all,Solanaceae
Solanaceae cf. Capsicum,solanaceae_cf_capsicum,Capsicum
Solanaceae sp1,solanaceae_sp1,Solanaceae
Solanaceae sp2,solanaceae_sp2,Solanaceae
Solanaceae Type 4,solanaceae_type_4,Solanaceae
Solanaceae? (H-136),solanaceae_h_minus_136,Solanaceae
Solanum,solanum,Solanum-type
Solanum-type,solanum_type,Solanum-type
Solanum-Type,solanum_minus_type,Solanum-type
Solanum (type 1),solanum_type_1,Solanum-type
Solanum (type 2),solanum_type_2,Solanum-type
Solanum (type 3),solanum_type_3,Solanum-type
Solanum (type 4),solanum_type_4,Solanum-type
Solanum (type I),solanum_type_i,Solanum-type
Solanum ageratum,solanum_ageratum,Solanum ageratum
Solanum demisum,solanum_demisum,Solanum demisum
Solanum I,solanum_i,Solanum-type
Solanum I (small),solanum_i_small,Solanum-type
Solanum II,solanum_ii,Solanum-type
Solanum II (medium),solanum_ii_medium,Solanum-type
Solanum sp,solanum_sp,Solanum-type
Solanum sp. (Solanaceae),solanum_sp_solanaceae,Solanum-type
Solanum sp1,solanum_sp1,Solanum-type
Solanum sp2,solanum_sp2,Solanum-type
Sophora,sophora,Sophora-type
Sophora-t,sophora_t,Sophora-type
Sophora type,sophora_type,Sophora-type
Sopotaceae,sopotaceae,Sapotaceae
Sordaria-t,sordaria_t,delete
Sorocea,sorocea,Sorocea
Souroubea,souroubea,Souroubea
Souroubea-t,souroubea_t,Souroubea
Spananthe,spananthe,Spananthe
Sparganium,sparganium,delete
Spathelia,spathelia,Spathelia
Spathelia-t,spathelia_t,Spathelia
Spathiphyllum,spathiphyllum,Spatiphyllum
Spathiphylum,spathiphylum,Spatiphyllum
Spatiphyllum,spatiphyllum,Spatiphyllum
Spatyphyllum,spatyphyllum,Spatiphyllum
Specularia perfoliata,specularia_perfoliata,Specularia
Spergula-type,spergula_type,Spergula-type
Spergularia,spergularia,Spergula-type
Spermacoce,spermacoce,Spermacoce
Spermacoce-type,spermacoce_type,Spermacoce
Spermacoce (pericolporate),spermacoce_pericolporate,Spermacoce
Spermacoce assurgens,spermacoce_assurgens,Spermacoce assurgens
Spermacoce cf. S. latifolia,spermacoce_cf_s_latifolia,Spermacoce latifolia
Spermacoce latifolia,spermacoce_latifolia,Spermacoce latifolia
Spermacoce undiff.,spermacoce_undiff,Spermacoce
Spermacocoe,spermacocoe,Spermacoce
Spermatophyta undiff. (Andean trees),spermatophyta_undiff_andean_trees,delete
Spermatophyta undiff. (trees),spermatophyta_undiff_trees,delete
Sphagnum,sphagnum,delete
Sphagnum spores,sphagnum_spores,delete
Spigelia,spigelia,Spigelia
Spike,spike,delete
Spike concentration,spike_concentration,delete
Spike concentration per tablet,spike_concentration_per_tablet,delete
Spike counted,spike_counted,delete
Spike counted markers,spike_counted_markers,delete
Spike Marker,spike_marker,delete
Spike tablets,spike_tablets,delete
Spike tablets added,spike_tablets_added,delete
Spines (R-80),spines_r_minus_80,delete
Spiracantha cornifolia,spiracantha_cornifolia,Spiracantha-type
Spirogyra,spirogyra,delete
Spirogyra sp.,spirogyra_sp,delete
Spiroteca,spiroteca,Ceiba
Spirotheca,spirotheca,Ceiba
Spondias,spondias,Spondias-type
Spondias-type,spondias_type,Spondias-type
Spondias  - Anacardiaceae,spondias_minus_anacardiaceae,Spondias-type
Spondias (type 20),spondias_type_20,Spondias-type
Spondias (type 25),spondias_type_25,Spondias-type
Spondias (type 32),spondias_type_32,Spondias-type
Spondias (type 40),spondias_type_40,Spondias-type
Spondias (type II),spondias_type_ii,Spondias-type
Spondias mombin,spondias_mombin,Spondias-type
Spondias sp,spondias_sp,Spondias-type
Spondias undiff.,spondias_undiff,Spondias-type
Spore 32,spore_32,delete
Spore 47,spore_47,delete
Spore 54,spore_54,delete
Spore A,spore_a,delete
Spore D,spore_d,delete
Spores,spores,delete
Spores indet,spores_indet,delete
Spores/tablet,spores_tablet,delete
Sporomiella,sporomiella,delete
Sporormiella,sporormiella,delete
SpyraGyra (HHT - 375/374),spyra_gyra_hht_minus_375_374,delete
Spyrogira,spyrogira,delete
Spyrogira sp.,spyrogira_sp,delete
Spyrogyra (H-406),spyrogyra_h_minus_406,delete
Spyrogyra (H-407),spyrogyra_h_minus_407,delete
Stegolepis,stegolepis,Stegolepis
Stellaria-type,stellaria_type,Caryophyllaceae
Stemodia,stemodia,Stemodia
Stenopadus-t,stenopadus_t,Stenopadus-type
Stenospermation,stenospermation,Stenospermation
Sterculariaceae,sterculariaceae,Sterculiaceae
Sterculia,sterculia,Sterculia
Sterculiac,sterculiac,Sterculiaceae
Sterculiaceae,sterculiaceae,Sterculiaceae
Sterculioideae,sterculioideae,Sterculiaceae
Sterculioideae undiff.,sterculioideae_undiff,Sterculiaceae
Stevia,stevia,Stevia-type
Stigmaphyllon,stigmaphyllon,Stigmaphyllon
Stillingia-Euphorbiaceae,stillingia_minus_euphorbiaceae,Stillingia
Stippelding,stippelding,delete
Stomatochaeta,stomatochaeta,Stomatochaeta-type
Struthan,struthan,Struthanthus
Struthanthus,struthanthus,Struthanthus
Struthanthus-t,struthanthus_t,Struthanthus
Struthanthus-type,struthanthus_type,Struthanthus
Struthanthus sp.,struthanthus_sp,Struthanthus
Stryax,stryax,Styrax
Strychnos,strychnos,Strychnos
Stryphenodendron,stryphenodendron,Stryphnodendron-type
Stryphnodendron,stryphnodendron,Stryphnodendron-type
Stryphnodendron-type,stryphnodendron_type,Stryphnodendron-type
Stryphonodendron-type,stryphonodendron_type,Stryphnodendron-type
Styloceras,styloceras,Styloceras
Styloceras-t,styloceras_t,Styloceras
Styloceras-type,styloceras_type,Styloceras
Styloceras (type A),styloceras_type_a,Styloceras
Stylosanthes,stylosanthes,Stylosanthes-type
Styrax,styrax,Styrax
Styrax-type,styrax_type,Styrax
Sub fam. Asteroidea,sub_fam_asteroidea,Asteraceae
Sub fam. Asteroideae,sub_fam_asteroideae,Asteraceae
Sub fam. Cichorioideae,sub_fam_cichorioideae,Asteraceae-Liguliflorae
Subf. Asteroideae,subf_asteroideae,Asteraceae
Subf. Cichorioideae,subf_cichorioideae,Asteraceae-Liguliflorae
sum aquatics,sum_aquatics,delete
Sum Asteraceae,sum_asteraceae,delete
Sum Ferns,sum_ferns,delete
Susp. con.,susp_con,delete
Susp. vol.,susp_vol,delete
Swartzia,swartzia,Swartzia-type
Swartzia sp,swartzia_sp,Swartzia-type
Swietenia,swietenia,Swietenia
Syagrus,syagrus,Syagrus-type
Syagrus-type,syagrus_type,Syagrus-type
Sym lanc,sym_lanc,delete
Sym tenu,sym_tenu,delete
Symmeria,symmeria,Symmeria
Symmeria-type,symmeria_type,Symmeria-type
Symmeria paniculata,symmeria_paniculata,Symmeria paniculate
Symphonia,symphonia,Symphonia
Symplocos,symplocos,Symplocos
Symplocos-bogotensis-type,symplocos_minus_bogotensis_type,Symplocos
Symplocos-canescens,symplocos_minus_canescens,Symplocos
Symplocos-type,symplocos_type,Symplocos
Symplocos - Symplocaceae,symplocos_minus_symplocaceae,Symplocos
Symplocos  2p psi,symplocos_2p_psi,Symplocos
"Symplocos (diporate, psilate)",symplocos_diporate_psilate,Symplocos
"Symplocos (diporate, verrucate)",symplocos_diporate_verrucate,Symplocos
"Symplocos (triporate, psilate)",symplocos_triporate_psilate,Symplocos
"Symplocos (triporate, scabrate, 30-40 µm)",symplocos_triporate_scabrate_30_minus_40_mu_m,Symplocos
"Symplocos (triporate, verrucate, 25-35 µm)",symplocos_triporate_verrucate_25_minus_35_mu_m,Symplocos
Symplocos (type 1),symplocos_type_1,Symplocos
Symplocos (type 2),symplocos_type_2,Symplocos
Symplocos (type 3),symplocos_type_3,Symplocos
Symplocos (type 5),symplocos_type_5,Symplocos
Symplocos 3p psi,symplocos_3p_psi,Symplocos
Symplocos canescens,symplocos_canescens,Symplocos canescens
Symplocos coriacea,symplocos_coriacea,Symplocos coriacea
Symplocos lanceolata-type,symplocos_lanceolata_type,Symplocos lanceolata
Symplocos nitens-type,symplocos_nitens_type,Symplocos nitens
Symplocos peruviana,symplocos_peruviana,Symplocos peruviana
Symplocos tect,symplocos_tect,Symplocos
Symplocos tenuifolia-type,symplocos_tenuifolia_type,Symplocos tenuifolia-type
Symplocos uniflora,symplocos_uniflora,Symplocos
Symplocus tenuifolia-type,symplocus_tenuifolia_type,Symplocos tenuifolia
Syngonanthus,syngonanthus,Syngonanthus
Syngonium,syngonium,Syngonium
Syngonium 1,syngonium_1,Syngonium
Syngonium 2,syngonium_2,Syngonium
Syngonium 3,syngonium_3,Syngonium
Sysimbrium,sysimbrium,Brassicaceae
Syzygium-t,syzygium_t,Syzygium
T1 Gelasinospora spec.,t1_gelasinospora_spec,delete
T1 kl,t1_kl,delete
T10,t10,delete
T11,t11,delete
T112 Cercophora type,t112_cercophora_type,delete
T12,t12,delete
T123,t123,delete
T124 cf. Persiciospora spec.,t124_cf_persiciospora_spec,delete
T126 Clasterosporium caricinum,t126_clasterosporium_caricinum,delete
T128,t128,delete
T14,t14,delete
T14 Meliola ellisii,t14_meliola_ellisii,delete
T15,t15,delete
T16,t16,delete
T16 Byssothecium circinans,t16_byssothecium_circinans,delete
T17,t17,delete
"T172 Coniochaeta ligniaria, ascospores",t172_coniochaeta_ligniaria_ascospores,delete
T18,t18,delete
T18 ascospores,t18_ascospores,delete
T19,t19,delete
T2,t2,delete
T2 Gelasinospora cf. reticulispora,t2_gelasinospora_cf_reticulispora,delete
T20,t20,delete
T25,t25,delete
T27,t27,delete
T28,t28,delete
T29,t29,delete
T3,t3,delete
T30 Helicoon pluriseptatum,t30_helicoon_pluriseptatum,delete
T315 spirogyra,t315_spirogyra,delete
T31A,t31a,delete
T32 Assulina muscorum,t32_assulina_muscorum,delete
T37 Callidina angusticollis,t37_callidina_angusticollis,delete
T4,t4,delete
T4 Anthostomella fuegiana,t4_anthostomella_fuegiana,delete
"T44 Ustulina deusta, ascospores",t44_ustulina_deusta_ascospores,delete
T47,t47,delete
T53,t53,delete
T55A Sordaria (spec) ascospores,t55a_sordaria_spec_ascospores,delete
T55C Neurospora (spec) ascospores,t55c_neurospora_spec_ascospores,delete
T6,t6,delete
T72A,t72a,delete
T8,t8,delete
"T89 Tetraploa, conidia",t89_tetraploa_conidia,delete
T8E,t8e,delete
T9,t9,delete
T90 fungal spores,t90_fungal_spores,delete
T96A conidiophores,t96a_conidiophores,delete
Tabebuia,tabebuia,Tabebuia
Tabebuia-type,tabebuia_type,Tabebuia
Tabebuia (Bignoniaceae),tabebuia_bignoniaceae,Tabebuia
Tabebuia 2,tabebuia_2,Tabebuia
Tabebuia 3,tabebuia_3,Tabebuia
Tabebuia 4,tabebuia_4,Tabebuia
Tabebuia I,tabebuia_i,Tabebuia
Tabebuia II,tabebuia_ii,Tabebuia
Tabebuia sp1,tabebuia_sp1,Tabebuia
Tabebuia sp3,tabebuia_sp3,Tabebuia
Tabernaemontana,tabernaemontana,Tabernaemontana
tablets added,tablets_added,delete
Tablets added to sample,tablets_added_to_sample,delete
Tachigali,tachigali,Tachigali-type
Tachigalia,tachigalia,Tachigali-type
Tagetes,tagetes,Tagetes-type
Talictrum,talictrum,Thalictrum
Talisia,talisia,Talisia
Talisia-type,talisia_type,Talisia
Talisia (Sapindac),talisia_sapindac,Talisia
Talisia (type 2),talisia_type_2,Talisia
Tamarix,tamarix,Tamarix
Tanaecium,tanaecium,Tanaecium-type
Tapiria,tapiria,Tapiria
Tapiria-type,tapiria_type,Tapiria
Tapirira,tapirira,Tapiria
"Tapirira-t,",tapirira_t,Tapirira-type
Tapirira-type,tapirira_type,Tapirira-type
Tapirira-type (Anacardiaceae),tapirira_type_anacardiaceae,Tapirira-type
Tapirira aff. T. guianensis,tapirira_aff_t_guianensis,Tapiria
Tapirira sp1,tapirira_sp1,Tapiria
Tapirira sp2,tapirira_sp2,Tapiria
Tapura,tapura,Tapura
Tapura guianensis (type 1),tapura_guianensis_type_1,Tapura guianensis
Tarasa-type,tarasa_type,Tarasa
Taxodium,taxodium,Taxodium
Taxus,taxus,Taxus
TCT,tct,delete
Tecoma,tecoma,Tecoma
Tectaria-t,tectaria_t,delete
Teliostachya,teliostachya,Teliostachya
Telypteris,telypteris,delete
Telypteris argentina,telypteris_argentina,delete
Tephrosia,tephrosia,Tephrosia-type
Tepualia,tepualia,Tepualia
Tepualia stipularis,tepualia_stipularis,Tepualia stipularis
Tepuianthus,tepuianthus,Tepuianthus
Terminalia,terminalia,Terminalia
Terminalia-t,terminalia_t,Terminalia
Ternstroemia,ternstroemia,Ternstroemia
Terstomenia-type,terstomenia_type,Ternstroemia
Terstroemia,terstroemia,Ternstroemia
Tessaria,tessaria,Tessaria-type
Tessaria type,tessaria_type,Tessaria-type
Tetracera,tetracera,Tetracera
Tetraedron,tetraedron,delete
Tetraedron minimum,tetraedron_minimum,delete
Tetragastris,tetragastris,Tetragastris
Tetrapteris-t,tetrapteris_t,Tetrapterys
Tetrapterys,tetrapterys,Tetrapterys
Tetrastrum,tetrastrum,delete
Tetroch,tetroch,delete
Tetrochidium,tetrochidium,Tetrorchidium
Tetrorchidium,tetrorchidium,Tetrorchidium
Tetrorchidium rubrivenium,tetrorchidium_rubrivenium,Tetrorchidium
Thalictrum,thalictrum,Thalictrum
Thalictrum-t,thalictrum_t,Thalictrum
Thalictrum (H-54),thalictrum_h_minus_54,Thalictrum
Theaceae,theaceae,Theaceae
THEACEAE-t,theaceae_t,Theaceae
Theaceae Gordonia-type,theaceae_gordonia_type,Gordonia
THEACEAE/STERCUL,theaceae_stercul,Theaceae
Thelypteris-t,thelypteris_t,delete
Theobroma,theobroma,Theobroma-type
"Theobroma-t,",theobroma_t,Theobroma-type
Thesium,thesium,Thesium
Thevetia-t,thevetia_t,Thevetia-type
Thevetia-type,thevetia_type,Thevetia-type
Thouinia sp,thouinia_sp,Thouinia
Thpha/Sparganium,thpha_sparganium,delete
Thrinax radiata,thrinax_radiata,Thrinax radiata
Thumbergia,thumbergia,Thunbergia
Thunbergia,thunbergia,Thunbergia
Thunbergia 1,thunbergia_1,Thunbergia
Thymelaeaceae,thymelaeaceae,Thymelaeaceae
Thypa,thypa,delete
"Thyrsodium-t,",thyrsodium_t,Thyrsodium-type
Thyrsopteris elegans,thyrsopteris_elegans,delete
Tidestromia,tidestromia,Tidestromia
Tilia,tilia,Tilia
Tilia-type,tilia_type,Tilia
Tiliaceae,tiliaceae,Tiliaceae
Tiliaceae sp1,tiliaceae_sp1,Tiliaceae
Tiliaceae type,tiliaceae_type,Tiliaceae
Tilioideae,tilioideae,Malvaceae
Tilioideae-type,tilioideae_type,Tiliaceae
Tilioideae (type 32),tilioideae_type_32,Tiliaceae
Tilioideae cf. Apeiba,tilioideae_cf_apeiba,Abeita-type
Tilioideae undiff.,tilioideae_undiff,Tiliaceae
Tillandsia-t,tillandsia_t,Tillandsia
Tipo Pouteria - Sapotaceae,tipo_pouteria_minus_sapotaceae,Pouteria
Tipo Prestoea - Arecaceae,tipo_prestoea_minus_arecaceae,Prestoea
Tipo Puya -  Bromeliaceae,tipo_puya_minus_bromeliaceae,Puya
Tipo Tournefortia - Boraginaceae,tipo_tournefortia_minus_boraginaceae,Tournefortia
TJ 1,tj_1,delete
TJ 11,tj_11,delete
TJ 12,tj_12,delete
TJ 2,tj_2,delete
TJ 3,tj_3,delete
TJ 4,tj_4,delete
TJ 5 (conf. T118),tj_5_conf_t118,delete
TJ 6 (conf. T82),tj_6_conf_t82,delete
TJ 7,tj_7,delete
TJ 8 (conf. Type Henry 370),tj_8_conf_type_henry_370,delete
Tl dwk,tl_dwk,delete
Tl echinate,tl_echinate,delete
Tl ps,tl_ps,delete
Tl ps m-d,tl_ps_m_minus_d,delete
Tl ps tect,tl_ps_tect,delete
TL Type psi <50,tl_type_psi_smaller_than_50,delete
TL Type psi >50,tl_type_psi_bigger_than_50,delete
TL Type ver,tl_type_ver,delete
TL Type ver exo,tl_type_ver_exo,delete
Tocoyena,tocoyena,Tocoyena
Tofieldia,tofieldia,Tofieldia
Tontelea,tontelea,Tontelea
Topobea,topobea,Topobea
Total Pollen Sum,total_pollen_sum,delete
TOTAL(AP+NAP+V),total_ap_plus_nap_plus_v,delete
Tournefortia,tournefortia,Tournefortia
Tournefortia bicolor-type,tournefortia_bicolor_type,Tournefortia bicolor
Tournefortia cf. T. bicolor,tournefortia_cf_t_bicolor,Tournefortia bicolor
Tovomita,tovomita,Tovomita-type
Tovomitopsis,tovomitopsis,Tovomitopsis
Tovomitopsis-t,tovomitopsis_t,Tovomitopsis
Tovomotopsis,tovomotopsis,Tovomitopsis
Toxicodendron,toxicodendron,Rhus
Trattinickia,trattinickia,Trattinnickia
Trattinnickia,trattinnickia,Trattinnickia
Trattinnickia sp.,trattinnickia_sp,Trattinnickia
Trechonaetes-type,trechonaetes_type,Trechonaetes-type
Trema,trema,Trema-type
Trema-type,trema_type,Trema-type
Trema (type 2),trema_type_2,Trema-type
Trema micrantha,trema_micrantha,Trema-type
Trema sp,trema_sp,Trema-type
Trema typ,trema_typ,Trema-type
Trematodon,trematodon,Trema-type
Tribe Nassauvieae,tribe_nassauvieae,Nassauvia-type
Tribeles australis,tribeles_australis,Tribeles australis
Trichanthera,trichanthera,Trichanthera-type
Trichilia,trichilia,Trichilia-type
"Trichilia-t,",trichilia_t,Trichilia-type
Trichilia-type,trichilia_type,Trichilia-type
Trichilia (type 2),trichilia_type_2,Trichilia-type
Trichilia sp.,trichilia_sp,Trichilia-type
Trichilia undiff.,trichilia_undiff,Trichilia-type
Trichillia,trichillia,Trichilia-type
Trichocl,trichocl,Trichocline-type
Trichocline,trichocline,Trichocline-type
Trichomanes,trichomanes,delete
Trichopteris,trichopteris,Trichopteryx
Trichostigma,trichostigma,Trichostigma
Tricolp. 10 (Poma),tricolp_10_poma,delete
Tricolp. 8 (Poma),tricolp_8_poma,delete
Tricolporate,tricolporate,delete
Trifolium-type,trifolium_type,Trifolium
Trifolium/Hesperomeles,trifolium_hesperomeles,Trifolium
Triglochin,triglochin,delete
Trigonia,trigonia,Trigonia
Tril trnsp color,tril_trnsp_color,delete
Trilet,trilet,delete
Trilete,trilete,delete
Trilete claro,trilete_claro,delete
Trilete diverse,trilete_diverse,delete
Trilete echinate,trilete_echinate,delete
Trilete fern spore (psilate),trilete_fern_spore_psilate,delete
Trilete fern spore (verrucate),trilete_fern_spore_verrucate,delete
Trilete foveolado,trilete_foveolado,delete
trilete foveolate spores,trilete_foveolate_spores,delete
Trilete granulate,trilete_granulate,delete
Trilete lisse,trilete_lisse,delete
Trilete ornee,trilete_ornee,delete
Trilete perforate,trilete_perforate,delete
Trilete psilado marcado,trilete_psilado_marcado,delete
Trilete psilado oscuro,trilete_psilado_oscuro,delete
Trilete psilado peq,trilete_psilado_peq,delete
Trilete psilado transp,trilete_psilado_transp,delete
Trilete psilate,trilete_psilate,delete
Trilete psilate small,trilete_psilate_small,delete
Trilete rugulate,trilete_rugulate,delete
Trilete rugulate I,trilete_rugulate_i,delete
Trilete scabrate,trilete_scabrate,delete
Trilete spore,trilete_spore,delete
trilete spore undiff.,trilete_spore_undiff,delete
trilete sporen,trilete_sporen,delete
Trilete spores,trilete_spores,delete
Trilete Spores ALL,trilete_spores_all,delete
Trilete striate,trilete_striate,delete
Trilete tectate,trilete_tectate,delete
Trilete Type 1 (psilate),trilete_type_1_psilate,delete
Trilete Type 11,trilete_type_11,delete
Trilete Type 12,trilete_type_12,delete
Trilete Type 13,trilete_type_13,delete
Trilete Type 2,trilete_type_2,delete
Trilete Type 3,trilete_type_3,delete
Trilete Type 4,trilete_type_4,delete
Trilete Type 5  (verrucate),trilete_type_5_verrucate,delete
Trilete Type 6,trilete_type_6,delete
Trilete Type 7,trilete_type_7,delete
Trilete Type 8,trilete_type_8,delete
Trilete Type 9,trilete_type_9,delete
Trilete undif,trilete_undif,delete
Trilete verr,trilete_verr,delete
Trilete verrucate,trilete_verrucate,delete
Trilete verrucate indet.,trilete_verrucate_indet,delete
Trilete verrucate large,trilete_verrucate_large,delete
"Triletes (""sucio"")",triletes_sucio,delete
Triletes (perforate),triletes_perforate,delete
Triletes (perine),triletes_perine,delete
Triletes (psilate),triletes_psilate,delete
Triletes (reticulate),triletes_reticulate,delete
Triletes (scabrate),triletes_scabrate,delete
"Triletes verrucate (""peq."")",triletes_verrucate_peq,delete
Trilette 2,trilette_2,delete
Trilette 3,trilette_3,delete
Trilette 4,trilette_4,delete
Trilette 5,trilette_5,delete
Trilette 6,trilette_6,delete
Trilette 7,trilette_7,delete
Trilite,trilite,delete
Trilite verrucated,trilite_verrucated,delete
Trillete1,trillete1,delete
Triplaris,triplaris,Triplaris
Triplaris-t-II,triplaris_t_minus_ii,Triplaris
Tristerix,tristerix,Tristerix
Tristerix-type,tristerix_type,Tristerix
Triumfetta,triumfetta,Triumfetta-type
Triumfetta-type,triumfetta_type,Triumfetta-type
Trixis,trixis,Trixis-type
Tropaeolum,tropaeolum,Tropaeolum
Tropeolaceae,tropeolaceae,Tropaeolaceae
Trophis,trophis,Trophis
Tryxis,tryxis,Trixis-type
Turnerac,turnerac,Turneraceae
Turpinia sp.,turpinia_sp,Turpinia
Type A,type_a,delete
Type B,type_b,delete
Type C,type_c,delete
Type C1 small,type_c1_small,delete
Type C3 prolate microret,type_c3_prolate_microret,delete
Type C3 ret 27x15,type_c3_ret_27x15,delete
Type C3 ret big,type_c3_ret_big,delete
Type C3 ret circ,type_c3_ret_circ,delete
Type C3 reticulum big,type_c3_reticulum_big,delete
Type C3P3 Colpi twisted,type_c3p3_colpi_twisted,delete
Type C3P3 microret round Pores,type_c3p3_microret_round_pores,delete
Type C3P3 psi pores protruded,type_c3p3_psi_pores_protruded,delete
Type C3P3 psilate,type_c3p3_psilate,delete
Type C3P3 ret 10,type_c3p3_ret_10,delete
Type C3P3 ret 20 cf.Rubiaceae,type_c3p3_ret_20_cf_rubiaceae,delete
Type C3P3 ret 35,type_c3p3_ret_35,delete
Type circret,type_circret,delete
Type circular 1,type_circular_1,delete
Type D,type_d,delete
Type Henry 360,type_henry_360,delete
Type Henry 363,type_henry_363,delete
Type Henry 376,type_henry_376,delete
Type Henry 379,type_henry_379,delete
Type Henry 404,type_henry_404,delete
Type Herny 424,type_herny_424,delete
Type Inaperturat reticulat,type_inaperturat_reticulat,delete
Type Johan 1 (clusia?),type_johan_1_clusia,delete
Type macroret cf.Hedyosmum,type_macroret_cf_hedyosmum,delete
Type micret 10 ex thick,type_micret_10_ex_thick,delete
Type P4 ret pores intruded,type_p4_ret_pores_intruded,delete
Type periporat microret,type_periporat_microret,delete
Type Tetrade 1,type_tetrade_1,delete
Typha,typha,delete
Typha angustifolia,typha_angustifolia,delete
Typha dominguensis,typha_dominguensis,delete
Typha latifolia,typha_latifolia,delete
Typha sp.,typha_sp,delete
Typha/Sparganium,typha_sparganium,delete
Typhaceae ALL,typhaceae_all,delete
Typhaceae Type 1,typhaceae_type_1,delete
U C4P4 psilate,u_c4p4_psilate,delete
Ugni,ugni,Ugni
Ugni molinae,ugni_molinae,Ugni molinae
Ulmaceae,ulmaceae,Ulmaceae
Ulmaceae ALL,ulmaceae_all,Ulmaceae
Ulmaceae cf. Ampelocera,ulmaceae_cf_ampelocera,Ampelocera
Ulmaceae Type 2 (cf Celtis),ulmaceae_type_2_cf_celtis,Celtis
Ulmaceae Type 3 (cf Celtis) triangular,ulmaceae_type_3_cf_celtis_triangular,Celtis triangular
Ulmaceae Type I (cf. Trema micrantha),ulmaceae_type_i_cf_trema_micrantha,Trema-type
Ulmaceae undiff.,ulmaceae_undiff,Ulmaceae
Ulmus,ulmus,Ulmus
Umbeliferae,umbeliferae,Apiaceae
Umbelliferae,umbelliferae,Apiaceae
Umbelliferae (H-222),umbelliferae_h_minus_222,Apiaceae
Umbelliferae (small),umbelliferae_small,Apiaceae
Umbelliferae undif.,umbelliferae_undif,Apiaceae
Umbelliferae undiff.,umbelliferae_undiff,Apiaceae
Un t 13,un_t_13,delete
Un t 14,un_t_14,delete
Un t 3,un_t_3,delete
Un t 5,un_t_5,delete
Un t 9,un_t_9,delete
Un typ 8,un_typ_8,delete
Uncaria,uncaria,Uncaria
Uncaria (Rubiaceae),uncaria_rubiaceae,Uncaria
Uncaria 2,uncaria_2,Uncaria
undetermined,undetermined,delete
Unid. Pollen,unid_pollen,delete
Unid3_D4/30cm (Weinmannia rug),unid3_d4_30cm_weinmannia_rug,delete
Unidentifiable,unidentifiable,delete
Unidentified,unidentified,delete
Unidentified (pollen),unidentified_pollen,delete
Unidentified 4P,unidentified_4p,delete
Unk,unk,delete
Unk A,unk_a,delete
Unk B,unk_b,delete
Unk C,unk_c,delete
Unk D,unk_d,delete
Unk Leg 15 (c3P3 ret kl),unk_leg_15_c3p3_ret_kl,delete
Unk t 10,unk_t_10,delete
unknown,unknown,delete
Unknown,unknown_2,delete
"Unknown (~R-76, reticulate)",unknown_r_minus_76_reticulate,delete
Unknown (4-5 Cp),unknown_4_minus_5_cp,delete
Unknown (4-5Cp),unknown_4_minus_5cp,delete
"Unknown (monolete, psilate, <50 µm)",unknown_monolete_psilate_smaller_than_50_mu_m,delete
"Unknown (monolete, psilate, >50 µm)",unknown_monolete_psilate_bigger_than_50_mu_m,delete
"Unknown (monolete, verrucate, <50 µm)",unknown_monolete_verrucate_smaller_than_50_mu_m,delete
"Unknown (monolete, verrucate, >50 µm)",unknown_monolete_verrucate_bigger_than_50_mu_m,delete
Unknown (PM-100),unknown_pm_minus_100,delete
Unknown (PM-98),unknown_pm_minus_98,delete
Unknown (R-56),unknown_r_minus_56,delete
Unknown (R-62),unknown_r_minus_62,delete
Unknown (R-66),unknown_r_minus_66,delete
Unknown (R-67),unknown_r_minus_67,delete
Unknown (R-69),unknown_r_minus_69,delete
Unknown (R-76),unknown_r_minus_76,delete
Unknown (R-77),unknown_r_minus_77,delete
Unknown (R-84),unknown_r_minus_84,delete
Unknown (R-85),unknown_r_minus_85,delete
Unknown (T-2),unknown_t_minus_2,delete
Unknown (T-27),unknown_t_minus_27,delete
"unknown (trilete, psilate, <50 µm)",unknown_trilete_psilate_smaller_than_50_mu_m,delete
"Unknown (trilete, psilate, >50 µm)",unknown_trilete_psilate_bigger_than_50_mu_m,delete
"Unknown (trilete, verrucate)",unknown_trilete_verrucate,delete
Unknown (type 102),unknown_type_102,delete
Unknown (type 105),unknown_type_105,delete
Unknown (type 106),unknown_type_106,delete
Unknown (type 108),unknown_type_108,delete
Unknown (type 109),unknown_type_109,delete
Unknown (type 110),unknown_type_110,delete
Unknown (type 111),unknown_type_111,delete
Unknown (type 112),unknown_type_112,delete
Unknown (type 114),unknown_type_114,delete
Unknown (type 115),unknown_type_115,delete
Unknown (type 116),unknown_type_116,delete
Unknown (type 117),unknown_type_117,delete
Unknown (type 118),unknown_type_118,delete
Unknown (type 119),unknown_type_119,delete
Unknown (type 120),unknown_type_120,delete
Unknown (type 121),unknown_type_121,delete
Unknown (type 122),unknown_type_122,delete
Unknown (type 123),unknown_type_123,delete
Unknown (type 124),unknown_type_124,delete
Unknown (type 125),unknown_type_125,delete
Unknown (type 126),unknown_type_126,delete
Unknown (type 127),unknown_type_127,delete
Unknown (type 128),unknown_type_128,delete
Unknown (type 129),unknown_type_129,delete
Unknown (type 130),unknown_type_130,delete
Unknown (type 131),unknown_type_131,delete
Unknown (type 132),unknown_type_132,delete
Unknown (type 133),unknown_type_133,delete
Unknown (type 136),unknown_type_136,delete
Unknown (type 137),unknown_type_137,delete
Unknown (type 138),unknown_type_138,delete
Unknown (type 139),unknown_type_139,delete
Unknown (type 140),unknown_type_140,delete
Unknown (type 141),unknown_type_141,delete
Unknown (type 142),unknown_type_142,delete
Unknown (type 143),unknown_type_143,delete
Unknown (type 144),unknown_type_144,delete
Unknown (type 145),unknown_type_145,delete
Unknown (type 146),unknown_type_146,delete
Unknown (type 147),unknown_type_147,delete
Unknown (type 148),unknown_type_148,delete
Unknown (type 15),unknown_type_15,delete
Unknown (type 150),unknown_type_150,delete
Unknown (type 151),unknown_type_151,delete
Unknown (type 152),unknown_type_152,delete
Unknown (type 154),unknown_type_154,delete
Unknown (type 155),unknown_type_155,delete
Unknown (type 158),unknown_type_158,delete
Unknown (type 159),unknown_type_159,delete
Unknown (type 16),unknown_type_16,delete
Unknown (type 160),unknown_type_160,delete
Unknown (type 161),unknown_type_161,delete
Unknown (type 163),unknown_type_163,delete
Unknown (type 165),unknown_type_165,delete
Unknown (type 166),unknown_type_166,delete
Unknown (type 167),unknown_type_167,delete
Unknown (type 168),unknown_type_168,delete
Unknown (type 169),unknown_type_169,delete
Unknown (type 17),unknown_type_17,delete
Unknown (type 170),unknown_type_170,delete
Unknown (type 171),unknown_type_171,delete
Unknown (type 172),unknown_type_172,delete
Unknown (type 173),unknown_type_173,delete
Unknown (type 174),unknown_type_174,delete
Unknown (type 175),unknown_type_175,delete
Unknown (type 176),unknown_type_176,delete
Unknown (type 177),unknown_type_177,delete
Unknown (type 178),unknown_type_178,delete
Unknown (type 179),unknown_type_179,delete
Unknown (type 18),unknown_type_18,delete
Unknown (type 180),unknown_type_180,delete
Unknown (type 181),unknown_type_181,delete
Unknown (type 182),unknown_type_182,delete
Unknown (type 183),unknown_type_183,delete
Unknown (type 184),unknown_type_184,delete
Unknown (type 185),unknown_type_185,delete
Unknown (type 186),unknown_type_186,delete
Unknown (type 187),unknown_type_187,delete
Unknown (type 188),unknown_type_188,delete
Unknown (type 189),unknown_type_189,delete
Unknown (type 19),unknown_type_19,delete
Unknown (type 190),unknown_type_190,delete
Unknown (type 191),unknown_type_191,delete
Unknown (type 192),unknown_type_192,delete
Unknown (type 193),unknown_type_193,delete
Unknown (type 194),unknown_type_194,delete
Unknown (type 195),unknown_type_195,delete
Unknown (type 196),unknown_type_196,delete
Unknown (type 2),unknown_type_2,delete
Unknown (type 20),unknown_type_20,delete
Unknown (type 21),unknown_type_21,delete
Unknown (type 22),unknown_type_22,delete
Unknown (type 23),unknown_type_23,delete
Unknown (type 28),unknown_type_28,delete
Unknown (type 28b),unknown_type_28b,delete
Unknown (type 3),unknown_type_3,delete
Unknown (type 30),unknown_type_30,delete
Unknown (type 31),unknown_type_31,delete
Unknown (type 32),unknown_type_32,delete
Unknown (type 33),unknown_type_33,delete
Unknown (type 37),unknown_type_37,delete
Unknown (type 4),unknown_type_4,delete
Unknown (type 40),unknown_type_40,delete
Unknown (type 42),unknown_type_42,delete
Unknown (type 56),unknown_type_56,delete
Unknown (type 59),unknown_type_59,delete
Unknown (type 6),unknown_type_6,delete
Unknown (type 65),unknown_type_65,delete
Unknown (type 7),unknown_type_7,delete
Unknown (type 72),unknown_type_72,delete
Unknown (type 74),unknown_type_74,delete
Unknown (type 77),unknown_type_77,delete
Unknown (type 8),unknown_type_8,delete
Unknown (type 80),unknown_type_80,delete
Unknown (type 81),unknown_type_81,delete
Unknown (type 84),unknown_type_84,delete
Unknown (type 85),unknown_type_85,delete
Unknown (type 86),unknown_type_86,delete
Unknown (type 87),unknown_type_87,delete
Unknown (type 89),unknown_type_89,delete
Unknown (type 91),unknown_type_91,delete
Unknown (type 92),unknown_type_92,delete
Unknown (type 94),unknown_type_94,delete
Unknown (type 95),unknown_type_95,delete
Unknown (type 96),unknown_type_96,delete
Unknown (type 97),unknown_type_97,delete
Unknown (type 99),unknown_type_99,delete
Unknown 1,unknown_1,delete
Unknown AH,unknown_ah,delete
Unknown AI,unknown_ai,delete
Unknown AP,unknown_ap,delete
Unknown AR,unknown_ar,delete
Unknown AT,unknown_at,delete
Unknown AU,unknown_au,delete
Unknown AX,unknown_ax,delete
Unknown AY,unknown_ay,delete
Unknown B,unknown_b,delete
Unknown BK,unknown_bk,delete
Unknown BN,unknown_bn,delete
Unknown BQ,unknown_bq,delete
Unknown BR,unknown_br,delete
Unknown BS,unknown_bs,delete
Unknown BT,unknown_bt,delete
Unknown BW,unknown_bw,delete
Unknown BX,unknown_bx,delete
Unknown BY,unknown_by,delete
Unknown c3p3 dick,unknown_c3p3_dick,delete
Unknown G,unknown_g,delete
Unknown I,unknown_i,delete
Unknown II,unknown_ii,delete
Unknown III,unknown_iii,delete
Unknown IV,unknown_iv,delete
Unknown J,unknown_j,delete
Unknown L,unknown_l,delete
Unknown Leg 15 (c3P3 ret kl),unknown_leg_15_c3p3_ret_kl,delete
Unknown Myrta glatt,unknown_myrta_glatt,delete
Unknown O,unknown_o,delete
UNKNOWN OTHERS,unknown_others,delete
Unknown P,unknown_p,delete
Unknown Q,unknown_q,delete
Unknown R,unknown_r,delete
UNKNOWN Reticulate 3ColPorate,unknown_reticulate_3col_porate,delete
Unknown S,unknown_s,delete
Unknown tec rd Eup,unknown_tec_rd_eup,delete
Unknown tect lang,unknown_tect_lang,delete
Unknown tricolpate pollen,unknown_tricolpate_pollen,delete
Unknown Type 10,unknown_type_10,delete
Unknown Type 5,unknown_type_5,delete
Unknown U,unknown_u,delete
Unknown V,unknown_v,delete
Unknown VI,unknown_vi,delete
Unknown W,unknown_w,delete
Unknown X,unknown_x,delete
Unknown XI,unknown_xi,delete
Unknown XII,unknown_xii,delete
Unknown XX,unknown_xx,delete
Unknown Y,unknown_y,delete
Unknown Z,unknown_z,delete
Unknown1,unknown1,delete
Unknown2,unknown2,delete
Unknown3,unknown3,delete
Unknown4,unknown4,delete
Unknown5,unknown5,delete
Unknown6,unknown6,delete
Unknowns,unknowns,delete
Unlnown (T-2),unlnown_t_minus_2,delete
Unonopsis,unonopsis,Unonopsis
UPP1,upp1,delete
UPP10,upp10,delete
UPP11,upp11,delete
UPP12,upp12,delete
UPP13,upp13,delete
UPP14,upp14,delete
UPP15,upp15,delete
UPP16,upp16,delete
UPP17,upp17,delete
UPP18,upp18,delete
UPP19,upp19,delete
UPP2,upp2,delete
UPP20,upp20,delete
UPP21,upp21,delete
UPP22,upp22,delete
UPP23,upp23,delete
UPP25,upp25,delete
UPP26,upp26,delete
UPP27,upp27,delete
UPP28,upp28,delete
UPP29,upp29,delete
UPP3,upp3,delete
UPP30,upp30,delete
UPP31,upp31,delete
UPP32,upp32,delete
UPP33,upp33,delete
UPP34,upp34,delete
UPP35,upp35,delete
UPP36,upp36,delete
UPP37,upp37,delete
UPP38,upp38,delete
UPP39,upp39,delete
UPP4,upp4,delete
UPP40,upp40,delete
UPP41,upp41,delete
UPP42,upp42,delete
UPP43,upp43,delete
UPP44,upp44,delete
UPP45,upp45,delete
UPP46,upp46,delete
UPP47,upp47,delete
UPP49,upp49,delete
UPP5,upp5,delete
UPP50,upp50,delete
UPP51,upp51,delete
UPP52,upp52,delete
UPP53,upp53,delete
UPP54,upp54,delete
UPP55,upp55,delete
UPP56,upp56,delete
UPP57,upp57,delete
UPP59,upp59,delete
UPP6,upp6,delete
UPP60,upp60,delete
UPP62,upp62,delete
UPP63,upp63,delete
UPP64,upp64,delete
UPP65,upp65,delete
UPP66,upp66,delete
UPP67,upp67,delete
UPP68,upp68,delete
UPP69,upp69,delete
UPP7,upp7,delete
UPP70,upp70,delete
UPP71,upp71,delete
UPP8,upp8,delete
UPP9,upp9,delete
Urera,urera,Urera-type
Urera-type,urera_type,Urera-type
Urt/Mor 2P,urt_mor_2p,Moraceae-Urticaceae
Urt/Mor 3P,urt_mor_3p,Moraceae-Urticaceae
Urt/Mor 4P,urt_mor_4p,Moraceae-Urticaceae
Urt/Mor 5P,urt_mor_5p,Moraceae-Urticaceae
Urt/Mor2,urt_mor2,Moraceae-Urticaceae
Urt/Mor3,urt_mor3,Moraceae-Urticaceae
Urt/Mor4,urt_mor4,Moraceae-Urticaceae
Urtica,urtica,Urtica
Urtica magellanica,urtica_magellanica,Urtica
Urticaceae,urticaceae,Moraceae-Urticaceae
Urticaceae-Moraceae,urticaceae_minus_moraceae,Moraceae-Urticaceae
Urticaceae-type undiff.,urticaceae_type_undiff,Moraceae-Urticaceae
Urticaceae undiff.,urticaceae_undiff,Moraceae-Urticaceae
Urticaceae/Moraceae,urticaceae_moraceae,Moraceae-Urticaceae
Urticaceae/Moraceae-type,urticaceae_moraceae_type,Moraceae-Urticaceae
Urticaceae/Moraceae (diporate),urticaceae_moraceae_diporate,Moraceae-Urticaceae
Urticaceae/Moraceae (hexaporate),urticaceae_moraceae_hexaporate,Moraceae-Urticaceae
Urticaceae/Moraceae (pentaporate),urticaceae_moraceae_pentaporate,Moraceae-Urticaceae
Urticaceae/Moraceae (tetraporate),urticaceae_moraceae_tetraporate,Moraceae-Urticaceae
Urticaceae/Moraceae (triporate),urticaceae_moraceae_triporate,Moraceae-Urticaceae
Urticaceae/Moraceae undiff.,urticaceae_moraceae_undiff,Moraceae-Urticaceae
Urticaceae/Moraceae2,urticaceae_moraceae2,Moraceae-Urticaceae
Urticaceae/Moraceae3,urticaceae_moraceae3,Moraceae-Urticaceae
Urticaceae/Moraceae4,urticaceae_moraceae4,Moraceae-Urticaceae
Urticalean Rosids,urticalean_rosids,Moraceae-Urticaceae
Urticalean Rosids undiff.,urticalean_rosids_undiff,Moraceae-Urticaceae
Urticales,urticales,Moraceae-Urticaceae
URTICALES-2P,urticales_minus_2p,Moraceae-Urticaceae
URTICALES-4P,urticales_minus_4p,Moraceae-Urticaceae
URTICALES 2P-mayor,urticales_2p_minus_mayor,Moraceae-Urticaceae
URTICALES 2P-menor,urticales_2p_minus_menor,Moraceae-Urticaceae
Urticales 2Pθ,urticales_2pth,Moraceae-Urticaceae
Urticales 2PƟ(Trema),urticales_2po_trema,Moraceae-Urticaceae
URTICALES 2Porate,urticales_2porate,Moraceae-Urticaceae
URTICALES 2Porate oblate,urticales_2porate_oblate,Moraceae-Urticaceae
URTICALES 2Porate prolate,urticales_2porate_prolate,Moraceae-Urticaceae
Urticales 3P,urticales_3p,Moraceae-Urticaceae
URTICALES 3Porate,urticales_3porate,Moraceae-Urticaceae
Urticales 4P,urticales_4p,Moraceae-Urticaceae
URTICALES 4Porate,urticales_4porate,Moraceae-Urticaceae
Urticales lisa,urticales_lisa,Moraceae-Urticaceae
URTICALES others,urticales_others,Moraceae-Urticaceae
Urticales2P-T-II,urticales2p_minus_t_minus_ii,Moraceae-Urticaceae
Urticales2Porate,urticales2porate,Moraceae-Urticaceae
Urticales3Porate,urticales3porate,Moraceae-Urticaceae
Urticales4Porate,urticales4porate,Moraceae-Urticaceae
Urtricularia 1,urtricularia_1,delete
Urtricularia 2,urtricularia_2,delete
Urvillea,urvillea,Urvillea
Utricula,utricula,delete
Utricularia,utricularia,delete
Utricularia-t,utricularia_t,delete
Utricularia (C.F.),utricularia_c_f,delete
Utricularia_1,utricularia_1,delete
Vaccinium,vaccinium,Vaccinium-type
Vaccinium-type,vaccinium_type,Vaccinium-type
Valerian,valerian,Valeriana
Valeriana,valeriana,Valeriana
Valeriana - Valerianaceae,valeriana_minus_valerianaceae,Valeriana
"Valeriana (echinate, large)",valeriana_echinate_large,Valeriana
Valeriana (microechinate),valeriana_microechinate,Valeriana
Valeriana (short echinae),valeriana_short_echinae,Valeriana
Valeriana (type 1),valeriana_type_1,Valeriana
Valeriana (type 2),valeriana_type_2,Valeriana
Valeriana (type 3),valeriana_type_3,Valeriana
Valeriana (Valerianella type),valeriana_valerianella_type,Valeriana
Valeriana 1,valeriana_1,Valeriana
Valeriana 2,valeriana_2,Valeriana
Valeriana carnosa,valeriana_carnosa,Valeriana
Valeriana stenophylla-type,valeriana_stenophylla_type,Lysipomia
Valeriana Type 4,valeriana_type_4,Valeriana
Valeriana Type 5,valeriana_type_5,Valeriana
Valerianaceae,valerianaceae,Valerianaceae
Valerianaceae undifferenciated,valerianaceae_undifferenciated,Valerianaceae
Valerianella,valerianella,Valerianella
Valerianoideae,valerianoideae,Valerianaceae
Vallea,vallea,Vallea-type
Vallea-t,vallea_t,Vallea-type
Vallea-type,vallea_type,Vallea-type
Vallea - Elaeocarpaceae,vallea_minus_elaeocarpaceae,Vallea-type
Vantanea,vantanea,Vantanea
Vantanea (type 1),vantanea_type_1,Vantanea
Vantanea sp1,vantanea_sp1,Vantanea
Varia,varia,delete
Verbena,verbena,Verbenaceae
Verbena-type,verbena_type,Verbena
Verbena isabellii-type,verbena_isabellii_type,Verbena isabelii
Verbenaceae,verbenaceae,Verbenaceae
Verbenaceae (Acantholippia sp.),verbenaceae_acantholippia_sp,Acantholippia
Verbenaceae (Diostea type),verbenaceae_diostea_type,Diostea
Verbenaceae (echinate),verbenaceae_echinate,Verbenaceae
Verbenaceae undiff.,verbenaceae_undiff,Verbenaceae
Verbesina,verbesina,Verbesina-type
Vernonanthera,vernonanthera,Vernonanthura-type
Vernonia,vernonia,Vernonia-type
Vernonia-type,vernonia_type,Vernonia-type
Vernonia-Type,vernonia_minus_type,Vernonia-type
Vernonia 2,vernonia_2,Verania-type
Vernonia cinerea,vernonia_cinerea,Vernonia cinera
Veronica-type,veronica_type,Veronica-type
Verrucate,verrucate,delete
Verrucate monolete,verrucate_monolete,delete
Verrucate trilete,verrucate_trilete,delete
Viburnum,viburnum,Viburnum
Viburnum-t,viburnum_t,Viburnum-type
Viburnum - Caprifoliaceae,viburnum_minus_caprifoliaceae,Viburnum
Viburnum (type 1),viburnum_type_1,Viburnum-type
Vicea-Lathyrus,vicea_minus_lathyrus,Lathyrus/Vicia
Vicea/Lathyrus,vicea_lathyrus,Lathyrus/Vicia
Vicia,vicia,Lathyrus/Vicia
Vicia-t,vicia_t,Lathyrus/Vicia
Vicia-type,vicia_type,Lathyrus/Vicia
Vicia/Lathyrus,vicia_lathyrus,Lathyrus/Vicia
Vigna,vigna,Vigna-type
Viola,viola,Viola
Viola-type,viola_type,Viola
Viola (H-131),viola_h_minus_131,Viola
Viola avensis,viola_avensis,Viola
Violaceae,violaceae,Violaceae
Violaceae cf. Leonia,violaceae_cf_leonia,Leonia
Virola,virola,Virola
Virola-t,virola_t,Virola
Virola T-II,virola_t_minus_ii,Virola
Visceae cf. Arceuthobium,visceae_cf_arceuthobium,Viscaceae
Vismia,vismia,Vismia-type
Vismia-type,vismia_type,Vismia-type
VITACEAE-t,vitaceae_t,Vitaceae
Vitex,vitex,Vitex-type
Vitex-type,vitex_type,Vitex-type
Vitex fine ret,vitex_fine_ret,Vitex-type
Vitis,vitis,Vitis
Vitis-type,vitis_type,Vitis-type
Vittaria,vittaria,delete
Viviania,viviania,Viviana
Viviania-type,viviania_type,Viviana
Vochysia,vochysia,Vochysia
VOCHYSIACEAE,vochysiaceae,Vochysiaceae
vol sample,vol_sample,delete
volume (cc),volume_cc,delete
Volume (CM3),volume_cm3,delete
Volume of sample,volume_of_sample,delete
Volume of spike added,volume_of_spike_added,delete
Voyria,voyria,Voyria
Vriesea type,vriesea_type,Vriesea-type
Wahlenbergia,wahlenbergia,Wahlenbergia
Wahlenbergia-type,wahlenbergia_type,Wahlenbergia
Walteria-type,walteria_type,Waltheria
Waltheria,waltheria,Waltheria
Waltheria-t (STERC),waltheria_t_sterc,Waltheria
Warszewiczia,warszewiczia,Warszewiczia
Wazerwichia,wazerwichia,Warszewiczia
weight (g),weight_g,delete
Weinmania,weinmania,Weinmannia
Weinmann,weinmann,Weinmannia
Weinmannia,weinmannia,Weinmannia
WeinmanNia,weinman_nia,Weinmannia
Weinmannia-t,weinmannia_t,Weinmannia
Weinmannia-type,weinmannia_type,Weinmannia
Weinmannia - Cunoniaceae,weinmannia_minus_cunoniaceae,Weinmannia
Weinmannia (type 1),weinmannia_type_1,Weinmannia
Weinmannia sp.,weinmannia_sp,Weinmannia
Weinmannia trichosperma,weinmannia_trichosperma,Weinmannia
Weinmannia/Sloanea-type,weinmannia_sloanea_type,Weinmannia
Wendtia,wendtia,Wendtia-type
Wendtia-type,wendtia_type,Wendtia-type
Wettinia,wettinia,Wettinia
Wettinnia,wettinnia,Wettinia
wie T1 mit kl rp,wie_t1_mit_kl_rp,delete
Wigandia,wigandia,Wigandia
Xanthoyllum-type,xanthoyllum_type,Xanthophyllum
Xylopia,xylopia,Xylopia
Xylosma,xylosma,Xylosma
Xylosma-t,xylosma_t,Xylosma
Xylosma sp.,xylosma_sp,Xylosma
Xyris,xyris,Xyris
YAS1,yas1,delete
YAS10,yas10,delete
YAS11,yas11,delete
YAS12,yas12,delete
YAS13,yas13,delete
YAS14,yas14,delete
YAS2,yas2,delete
YAS3,yas3,delete
YAS4,yas4,delete
YAS5,yas5,delete
YAS6,yas6,delete
YAS7,yas7,delete
YAS8,yas8,delete
YAS9,yas9,delete
Zanrhoxylum,zanrhoxylum,Zanthoxylum
Zanthox,zanthox,Zanthoxylum
Zanthoxyllum,zanthoxyllum,Zanthoxylum
Zanthoxylum,zanthoxylum,Zanthoxylum
Zanthoxylum (type I),zanthoxylum_type_i,Zanthoxylum-type
Zanthoxylum/Spondias-t,zanthoxylum_spondias_t,Zanthoxylum spondias
Zea,zea,Zea mays
Zea mays,zea_mays,Zea mays
Zea mays-Type,zea_mays_minus_type,Zea mays
"Zea mays (type 536, Kuhry 1988)",zea_mays_type_536_kuhry_1988,Zea mays
"Zea mays (type 548, Kuhry 1988)",zea_mays_type_548_kuhry_1988,Zea mays
Zea mays aff parviglumis Teosinte,zea_mays_aff_parviglumis_teosinte,Zea mays
Zea mays parvilgumis ? Teosinte,zea_mays_parvilgumis_teosinte,Zea mays
Zeyheria,zeyheria,Zeyheria
Zgnemataceae,zgnemataceae,delete
Zignema,zignema,delete
Zignema sp.,zignema_sp,delete
Zignemataceae,zignemataceae,delete
Zingiberidaceae,zingiberidaceae,Zingiberaceae
Ziziphus,ziziphus,Ziziphus
Zizyphus-t,zizyphus_t,Ziziphus
Zollernia,zollernia,Zollernia
Zonorate,zonorate,delete
Zornia,zornia,Zornia-type
Zornia-t,zornia_t,Zornia-type
Zornia cf. Z. latifolia,zornia_cf_z_latifolia,Zornia latifolia
Zornia latifolia-type,zornia_latifolia_type,Zornia latifolia
Zornia sp1,zornia_sp1,Zornia-type
Zygia,zygia,Zygia-type
Zygnema,zygnema,delete
Zygnema (H-401),zygnema_h_minus_401,delete
Zygnema (H-402),zygnema_h_minus_402,delete
Zygnemataceae,zygnemataceae,delete
Zygophyllaceae,zygophyllaceae,Zygophyllaceae
